-- MySQL dump 10.13  Distrib 5.7.32, for Linux (x86_64)
--
-- Host: 127.0.0.1    Database: blueprint12_staging
-- ------------------------------------------------------
-- Server version	5.7.32-0ubuntu0.16.04.1

/*!40101 SET @OLD_CHARACTER_SET_CLIENT=@@CHARACTER_SET_CLIENT */;
/*!40101 SET @OLD_CHARACTER_SET_RESULTS=@@CHARACTER_SET_RESULTS */;
/*!40101 SET @OLD_COLLATION_CONNECTION=@@COLLATION_CONNECTION */;
/*!40101 SET NAMES utf8 */;
/*!40103 SET @OLD_TIME_ZONE=@@TIME_ZONE */;
/*!40103 SET TIME_ZONE='+00:00' */;
/*!40014 SET @OLD_UNIQUE_CHECKS=@@UNIQUE_CHECKS, UNIQUE_CHECKS=0 */;
/*!40014 SET @OLD_FOREIGN_KEY_CHECKS=@@FOREIGN_KEY_CHECKS, FOREIGN_KEY_CHECKS=0 */;
/*!40101 SET @OLD_SQL_MODE=@@SQL_MODE, SQL_MODE='NO_AUTO_VALUE_ON_ZERO' */;
/*!40111 SET @OLD_SQL_NOTES=@@SQL_NOTES, SQL_NOTES=0 */;

--
-- Table structure for table `about`
--

DROP TABLE IF EXISTS `about`;
/*!40101 SET @saved_cs_client     = @@character_set_client */;
/*!40101 SET character_set_client = utf8 */;
CREATE TABLE `about` (
  `id` tinyint(3) unsigned NOT NULL AUTO_INCREMENT,
  `about_img` varchar(100) COLLATE utf8mb4_unicode_ci DEFAULT NULL,
  `about_img_alt` varchar(100) COLLATE utf8mb4_unicode_ci DEFAULT NULL,
  `about_info` varchar(1000) COLLATE utf8mb4_unicode_ci NOT NULL,
  `status` enum('a','i') COLLATE utf8mb4_unicode_ci NOT NULL DEFAULT 'a',
  `is_deleted` enum('y','n') COLLATE utf8mb4_unicode_ci NOT NULL DEFAULT 'n',
  `created_at` timestamp NOT NULL DEFAULT CURRENT_TIMESTAMP,
  `updated_at` timestamp NOT NULL DEFAULT CURRENT_TIMESTAMP ON UPDATE CURRENT_TIMESTAMP,
  PRIMARY KEY (`id`) USING BTREE
) ENGINE=InnoDB AUTO_INCREMENT=2 DEFAULT CHARSET=utf8mb4 COLLATE=utf8mb4_unicode_ci ROW_FORMAT=DYNAMIC;
/*!40101 SET character_set_client = @saved_cs_client */;

--
-- Dumping data for table `about`
--

LOCK TABLES `about` WRITE;
/*!40000 ALTER TABLE `about` DISABLE KEYS */;
INSERT INTO `about` VALUES (1,'about_1604706511.jpeg','','&lt;p&gt;Blueprint.12 is an artist-centric contemporary art gallery, focused on the South Asian region. With a vision that blurs the boundary amongst nations and a critical eye towards commonalities in artists practice in the region, the gallery is dedicated to introducing art collectors towards fresh and established talent that constantly push their own boundaries.&lt;/p&gt;&lt;p&gt;Founded by Mandira Lamba, Ridhi Bhalla and Sameera Anand in 2012, Blueprint12’s objectives are inspired by the pillars of transparency, collaboration and following our heart. We have been inspired by our artists to set up a residency program in Vadodara (2013-2017) as well as the Platform section, where we showcase new and emerging talent with non-exclusive representation and assisting future collectors make their first acquisition.&lt;/p&gt;','a','n','2020-10-01 23:21:33','2020-11-07 16:50:55');
/*!40000 ALTER TABLE `about` ENABLE KEYS */;
UNLOCK TABLES;

--
-- Table structure for table `admin_menu_master`
--

DROP TABLE IF EXISTS `admin_menu_master`;
/*!40101 SET @saved_cs_client     = @@character_set_client */;
/*!40101 SET character_set_client = utf8 */;
CREATE TABLE `admin_menu_master` (
  `id` tinyint(3) unsigned NOT NULL AUTO_INCREMENT,
  `menu_name` varchar(20) COLLATE utf8mb4_unicode_ci NOT NULL,
  `menu_route` varchar(20) COLLATE utf8mb4_unicode_ci DEFAULT NULL,
  `menu_parent_id` tinyint(3) unsigned DEFAULT NULL,
  `menu_order` tinyint(3) unsigned NOT NULL,
  `menu_icon` varchar(20) COLLATE utf8mb4_unicode_ci NOT NULL DEFAULT 'list-ul',
  `menu_size` tinyint(3) unsigned NOT NULL DEFAULT '18',
  `menu_colour` varchar(6) COLLATE utf8mb4_unicode_ci NOT NULL DEFAULT '418BCA',
  `menu_highlight_colour` varchar(6) COLLATE utf8mb4_unicode_ci NOT NULL DEFAULT '418BCA',
  `menu_loop` enum('true','false') COLLATE utf8mb4_unicode_ci NOT NULL DEFAULT 'true',
  `status` enum('a','i') COLLATE utf8mb4_unicode_ci NOT NULL DEFAULT 'a',
  `created_at` timestamp NOT NULL DEFAULT CURRENT_TIMESTAMP,
  `updated_at` timestamp NOT NULL DEFAULT CURRENT_TIMESTAMP ON UPDATE CURRENT_TIMESTAMP,
  PRIMARY KEY (`id`) USING BTREE
) ENGINE=InnoDB AUTO_INCREMENT=11 DEFAULT CHARSET=utf8mb4 COLLATE=utf8mb4_unicode_ci ROW_FORMAT=DYNAMIC;
/*!40101 SET character_set_client = @saved_cs_client */;

--
-- Dumping data for table `admin_menu_master`
--

LOCK TABLES `admin_menu_master` WRITE;
/*!40000 ALTER TABLE `admin_menu_master` DISABLE KEYS */;
INSERT INTO `admin_menu_master` VALUES (1,'Dashboard','dashboard',NULL,1,'dashboard',18,'418BCA','418BCA','true','a','2020-08-03 11:14:13','2020-09-06 16:38:17'),(2,'Home page','homepage',NULL,2,'home',18,'418BCA','418BCA','true','a','2020-08-03 11:14:21','2020-09-04 14:40:27'),(3,'About','about',NULL,3,'list-ul',18,'418BCA','418BCA','true','a','2020-08-03 14:49:12','2020-09-04 14:40:14'),(4,'SEO','seo',NULL,4,'list-ul',18,'418BCA','418BCA','true','a','2020-08-03 14:49:27','2020-09-04 14:40:19'),(5,'Artists','artists',NULL,5,'users',18,'418BCA','418BCA','true','a','2020-10-27 12:10:21','2020-10-27 12:10:21'),(6,'Artworks','artworks',NULL,6,'list-ul',18,'418BCA','418BCA','true','i','2020-10-31 22:04:11','2020-11-04 13:23:07'),(7,'Exhibitions','exhibitions',NULL,7,'list-ul',18,'418BCA','418BCA','true','a','2020-11-07 14:24:11','2020-11-07 14:24:11'),(8,'Art Fairs','art-fairs',NULL,8,'list-ul',18,'418BCA','418BCA','true','a','2020-11-09 22:01:54','2020-11-09 22:01:54'),(9,'Platform','platform',NULL,9,'list-ul',18,'418BCA','418BCA','true','a','2020-11-11 12:28:06','2020-11-11 12:28:06'),(10,'Contact','contact',NULL,10,'list-ul',18,'418BCA','418BCA','true','a','2020-11-13 14:13:51','2020-11-13 14:13:51');
/*!40000 ALTER TABLE `admin_menu_master` ENABLE KEYS */;
UNLOCK TABLES;

--
-- Table structure for table `art_fair_images`
--

DROP TABLE IF EXISTS `art_fair_images`;
/*!40101 SET @saved_cs_client     = @@character_set_client */;
/*!40101 SET character_set_client = utf8 */;
CREATE TABLE `art_fair_images` (
  `id` int(10) unsigned NOT NULL AUTO_INCREMENT,
  `art_fairs_master_id` int(10) unsigned NOT NULL,
  `af_img` varchar(100) COLLATE utf8mb4_unicode_ci NOT NULL,
  `af_img_alt` varchar(100) COLLATE utf8mb4_unicode_ci DEFAULT NULL,
  `af_info` varchar(1000) COLLATE utf8mb4_unicode_ci DEFAULT NULL,
  `af_img_caption` varchar(1000) COLLATE utf8mb4_unicode_ci DEFAULT NULL,
  `af_img_ord` int(10) unsigned DEFAULT NULL,
  `status` enum('a','i') COLLATE utf8mb4_unicode_ci NOT NULL DEFAULT 'a',
  `is_deleted` enum('y','n') COLLATE utf8mb4_unicode_ci NOT NULL DEFAULT 'n',
  `created_at` timestamp NOT NULL DEFAULT CURRENT_TIMESTAMP,
  `updated_at` timestamp NOT NULL DEFAULT CURRENT_TIMESTAMP ON UPDATE CURRENT_TIMESTAMP,
  PRIMARY KEY (`id`) USING BTREE,
  KEY `artist_master_id_artist_transaction` (`art_fairs_master_id`) USING BTREE,
  CONSTRAINT `art_fairs_master_id_art_fair_images` FOREIGN KEY (`art_fairs_master_id`) REFERENCES `art_fairs_master` (`id`) ON DELETE NO ACTION ON UPDATE NO ACTION
) ENGINE=InnoDB AUTO_INCREMENT=110 DEFAULT CHARSET=utf8mb4 COLLATE=utf8mb4_unicode_ci ROW_FORMAT=DYNAMIC;
/*!40101 SET character_set_client = @saved_cs_client */;

--
-- Dumping data for table `art_fair_images`
--

LOCK TABLES `art_fair_images` WRITE;
/*!40000 ALTER TABLE `art_fair_images` DISABLE KEYS */;
INSERT INTO `art_fair_images` VALUES (1,1,'art_fair_1607530776.jpeg','Banoo Batliboi, altered book art, Vintage leather','','Banoo Batliboi, Cruciferous, Vintage leather bound books folded anew, 35.6 cm x 22.9 cm x 30.5 cm, 2015',1,'a','n','2020-12-09 21:49:36','2020-12-16 01:11:04'),(2,1,'art_fair_1607530809.jpeg','Banoo Batliboi, altered book art, Vintage leather','','Banoo Batliboi, Picasso, Vintage leather bound books folded anew, 35.6 cm x 22.9 cm x 30.5 cm, 2015',2,'a','n','2020-12-09 21:50:09','2020-12-09 21:50:09'),(3,1,'art_fair_1607530837.jpeg','Banoo Batliboi, altered book art, Vintage leather','','Banoo Batliboi, Knuckleduster, Vintage leather bound books folded anew, 35.6 cm x 22.9 cm x 30.5 cm, 2015',3,'a','n','2020-12-09 21:50:37','2020-12-09 21:50:37'),(4,1,'art_fair_1607530930.jpeg','Hitman Gurung, mixed media on paper, Nepalese artist','','Hitman Gurung, Kumari went to Arab, Mixed media collage on handmade paper, 76.2 cm X 49.5 cm, 2014',4,'a','n','2020-12-09 21:52:10','2020-12-09 21:52:10'),(5,1,'art_fair_1607530979.jpeg','Hitman Gurung, mixed media on paper, Nepalese artist','','Hitman Gurung, Kumari went to Arab, Mixed media collage on handmade paper, 76.2 cm x 49.5 cm, 2014',4,'a','n','2020-12-09 21:52:59','2020-12-09 21:52:59'),(6,1,'art_fair_1607531060.jpeg','Madiha Sikander, gadrung on paper, Pakistani artist','','Madiha Sikander, Home Away from Home, Gadrung on paper, 17.8 cm x 12.7 cm, 2015',5,'a','n','2020-12-09 21:54:20','2020-12-09 21:54:20'),(7,1,'art_fair_1607531127.jpeg','Madiha Sikander, Siyah qalam and gold leaf, Pakistani artist','','Madiha Sikander, Storyteller, Siyah qalam and gold leaf on Wasli, 25.4 cm x 17.8 cm, 2015',6,'a','n','2020-12-09 21:55:27','2020-12-09 21:55:27'),(8,1,'art_fair_1607531414.jpeg','Mahbubur Rahman, Absence, Charcoal on paper, Bangladesh','','Mahbubur Rahman, Absence, Charcoal on paper, 101.6 cm x 71.1 cm, 2015',7,'a','n','2020-12-09 22:00:14','2020-12-09 22:00:14'),(9,1,'art_fair_1607531540.jpeg','Mahbubur Rahman, Landing, Charcoal on paper, Bangladesh','','Mahbubur Rahman, Landing - 4 , Charcoal and acrylic on digital print, 148 cm x 94.5 cm, 2009',8,'a','n','2020-12-09 22:02:20','2020-12-09 22:02:20'),(10,1,'art_fair_1607531955.jpeg','Mahbubur Rahman, Stainless steel sculpture, Bangladesh','','Mahbubur Rahman, Sounds from Nowhere - 8, Stainless steel surgical scissors, 12.7 cm x 80 cm x 25.4 cm, 2015',9,'a','n','2020-12-09 22:09:15','2020-12-09 22:09:15'),(11,1,'art_fair_1607532021.jpeg','Mahbubur Rahman, Charcoal on paper, Bangladesh','','Mahbubur Rahman, What was really happening there?, Charcoal on paper, 101.6 cm x 71.1. cm, 2015',10,'a','n','2020-12-09 22:10:21','2020-12-09 22:10:21'),(12,1,'art_fair_1607532107.jpeg','Youdhisthir Maharjan, Acrylic and Ink on reclaimed text','','Youdhisthir Maharjan, Falling in “Love”, Acrylic and Ink on reclaimed text, 20.3 cm x 14 cm, 2014',11,'a','n','2020-12-09 22:11:47','2020-12-09 22:11:47'),(13,1,'art_fair_1607532135.jpeg','Youdhisthir Maharjan, Cutout reclaimed text','','Youdhisthir Maharjan, Looking for Love, Cutout reclaimed text, 22.9 cm x 15.2 cm, 2014',12,'a','n','2020-12-09 22:12:15','2020-12-09 22:12:15'),(14,1,'art_fair_1607532156.jpeg','Youdhisthir Maharjan, Cutout reclaimed text','','Youdhisthir Maharjan, Salt Dancers , Cutout reclaimed text, 20.3 cm x 13.3 cm, 2014',13,'a','n','2020-12-09 22:12:36','2020-12-09 22:12:36'),(15,1,'art_fair_1607532182.png','Youdhisthir Maharjan, Acrylic and graphite on reclaimed text','','Youdhisthir Maharjan, Silent Night , Acrylic and graphite on reclaimed text, 20.3 cm x 14 cm, 2014',14,'a','n','2020-12-09 22:13:02','2020-12-09 22:13:02'),(16,1,'art_fair_1607532239.jpeg','Youdhisthir Maharjan, Cutout reclaimed text','','Youdhisthir Maharjan, Songs of Surdas, Cutout reclaimed text, 22.9 cm x 15.2 cm, 2014',15,'a','n','2020-12-09 22:13:59','2020-12-09 22:13:59'),(17,1,'art_fair_1607532268.jpeg','Youdhisthir Maharjan, Scrapped reclaimed text','','Youdhisthir Maharjan, The Space between us, Scrapped reclaimed text, 20.3 cm x 14 cm, 2014',16,'a','n','2020-12-09 22:14:28','2020-12-09 22:14:28'),(18,1,'art_fair_1607532293.jpeg','Youdhisthir Maharjan, Mixed media on reclaimed text','','Youdhisthir Maharjan, The Wheel of Life?, Mixed media on reclaimed text, 23.5 cm x 15.2 cm, 2014',17,'a','n','2020-12-09 22:14:53','2020-12-09 22:14:53'),(19,2,'art_fair_1607532361.jpeg','India Art Fair 2017 display','','Installation',18,'a','y','2020-12-09 22:16:01','2020-12-16 17:34:55'),(20,2,'art_fair_1607532375.jpeg','India Art Fair 2017 display','','Installation',19,'a','y','2020-12-09 22:16:15','2020-12-16 17:34:52'),(21,2,'art_fair_1607532392.jpeg','India Art Fair 2017 display','','Installation',20,'a','y','2020-12-09 22:16:32','2020-12-16 17:34:49'),(22,1,'art_fair_1607532536.jpeg','India Art Fair 2016 display','','Installation',18,'a','n','2020-12-09 22:18:56','2020-12-09 22:18:56'),(23,1,'art_fair_1607532556.jpeg','India Art Fair 2016 display','','Installation',19,'a','n','2020-12-09 22:19:16','2020-12-09 22:19:16'),(24,1,'art_fair_1607532645.jpeg','India Art Fair 2016 display','','Installation',20,'a','n','2020-12-09 22:20:45','2020-12-09 22:20:45'),(25,2,'art_fair_1607532755.jpeg','Mahbubur Rahman, Stainless steel sculpture, Bangladesh','','Mahbubur Rahman, Lonely King-1, Stainless steel surgical scissors &amp; leather, 68.6 cm x 61 cm x 69.9 cm, 2016',1,'a','n','2020-12-09 22:22:35','2020-12-09 22:22:35'),(26,2,'art_fair_1607532821.png','Pala Pothupitye, mixed media on archival printed canvas','','Pala Pothupitye, Fort Frederick, Acrylic, Ink &amp; pencil on archival printed canvas, 56 cm x 76.2 cm, 2015',2,'a','n','2020-12-09 22:23:41','2020-12-09 22:23:41'),(27,2,'art_fair_1607532855.jpeg','Pala Pothupitye, mixed media on archival printed canvas','','Pala Pothupitye, Galle Fort, Acrylic, Ink &amp; pencil on archival printed canvas, 56 cm x 76.2 cm, 2015',3,'a','n','2020-12-09 22:24:15','2020-12-09 22:24:15'),(28,2,'art_fair_1607532884.jpeg','Pala Pothupitye, mixed media on archival printed canvas','','Pala Pothupitye, Negombo Fort, Acrylic, Ink &amp; pencil on archival printed canvas, 56 cm x 76.2 cm, 2015',4,'a','n','2020-12-09 22:24:44','2020-12-09 22:24:44'),(29,2,'art_fair_1607532929.jpeg','Subrat Kumar Behera, lithograph','','Subrat Kumar Behera, Eternal dance of Tribal Drama , Lithography, 30.5 cm x 40.6 cm (each), Set of 12 works, 2014',5,'a','y','2020-12-09 22:25:29','2020-12-16 17:34:59'),(30,2,'art_fair_1608030204.jpeg','Subrat Kumar Behera, lithography','','Subrat Kumar Behera, Eternal Dance of Tribal Drama, lithography, 30 cm x 540 cm (set of 12 works, linear display size), 2014',5,'a','n','2020-12-15 16:33:24','2020-12-15 16:33:24'),(31,3,'art_fair_1608047420.jpeg','Abir Shome, Digital Collage and text','','Abir Shome, Again art is saved from the Revolution,  Digital Collage and text, 14.4 cm x 19.2 cm, 2017',1,'a','n','2020-12-15 21:20:20','2020-12-15 21:20:20'),(32,3,'art_fair_1608047451.jpeg','Abir Shome, Drawing, collage and photograph','','Abir Shome, Aesthetic is like drugs...It may kill you someday,  Drawing, collage and photograph, 28.8 cm x 43.2 cm, 2017',2,'a','n','2020-12-15 21:20:51','2020-12-15 21:20:51'),(33,3,'art_fair_1608047488.jpeg','Abir Shome, Drawing, text','','Abir Shome, Aesthetic is like drugs...It may kill you someday, Text,  27.8 cm x 21 cm, 2017',3,'a','n','2020-12-15 21:21:28','2020-12-15 21:21:28'),(34,3,'art_fair_1608047529.jpeg','Abir Shome, Digital Collage and text','','Abir Shome, Again art is saved from Progress, Digital Collage and text , 27.8 cm x 21 cm, 2017',4,'a','n','2020-12-15 21:22:09','2020-12-15 21:22:09'),(35,3,'art_fair_1608047569.jpeg','Abir Shome, Digital Collage and text','','Abir Shome, Again art is saved from the Artists, Digital Collage and text , 16.8 cm x 21.6 cm, 2017',5,'a','n','2020-12-15 21:22:49','2020-12-15 21:22:49'),(36,3,'art_fair_1608047606.jpeg','Abir Shome, Digital Collage and text','','Abir Shome, Again art is saved from the Nature,  Digital Collage and text , 28.8 cm x 43.2 cm, 2017',6,'a','n','2020-12-15 21:23:26','2020-12-15 21:23:26'),(37,3,'art_fair_1608047633.jpeg','Abir Shome, Digital Collage and text','','Abir Shome, Again art is saved from the Workers, Digital Collage and text , 16.8 cm x 21.6 cm, 2017',7,'a','n','2020-12-15 21:23:53','2020-12-15 21:23:53'),(38,3,'art_fair_1608047673.jpeg','Abir Shome, text &amp; Photography','','Abir Shome, Fresh thoughts from a very fresh artist!, Text and photograph, 16.8 cm X 21.6 cm, 2017',8,'a','n','2020-12-15 21:24:33','2020-12-15 21:24:33'),(39,3,'art_fair_1608047903.jpeg','Hill Korwa,  Ink on paper','','Aitwari Hill Korwa Tribe, Untitled, Ink on paper, 55.2 cm x 75 cm, Circa 1990s',9,'a','n','2020-12-15 21:28:23','2020-12-15 21:28:23'),(40,3,'art_fair_1608047937.jpeg','Hill Korwa,  Ink on paper','','Badanga Hill Korwa Tribe, Untitled, Ink on paper, 55.2 cm x 75 cm, Circa 1990s',10,'a','n','2020-12-15 21:28:57','2020-12-15 21:28:57'),(41,3,'art_fair_1608048004.jpeg','Kingsley Gunatillake, book art, Used books and toy soldiers','','Kingsley Gunatillake, Bullet Book, Used books and toy soldiers, 21 cm x 27.5 cm x 3.5 cm, 2017',11,'a','n','2020-12-15 21:30:04','2020-12-15 21:30:04'),(42,3,'art_fair_1608048035.jpeg','Kingsley Gunatillake, book art, Used books and toy soldiers','','Kingsley Gunatilake, Bullet Book, Used books and toy soldiers, 21 cm x 27.5 cm x 3.5 cm, 2017',12,'a','n','2020-12-15 21:30:35','2020-12-15 21:30:35'),(43,3,'art_fair_1608048125.jpeg','Sujan Chitrakar, Typewritten letter on paper','','Sujan Chitrakar, Who will love my brother, Typewritten letter on papers, 27.9 cm x 21cm (set of 24), 2014 (detail)',13,'a','n','2020-12-15 21:32:05','2020-12-15 21:32:05'),(44,3,'art_fair_1608048190.jpeg','Sujan Chitrakar, Typewritten letter on paper','','Sujan Chitrakar, Who will love my brother, Typewritten letter on papers, 27.9 cm x 21cm (set of 24), 2014',14,'a','n','2020-12-15 21:33:10','2020-12-15 21:33:10'),(45,3,'art_fair_1608048516.jpeg','Youdhisthir Maharjan, handcut text collage','','Youdhisthir Maharjan, Where It All Starts, Acrylic and handcut text collage on reclaimed deacified bookpages, 20.4 cm x 22.8 cm, 2018',15,'a','n','2020-12-15 21:38:36','2020-12-15 21:38:36'),(46,3,'art_fair_1608048846.jpeg','Youdhisthir Maharjan, Acrylic on reclaimed deacified pages','','Youdhisthir Maharjan, The Language of Love, Acrylic on reclaimed deacified bookpages, 40.3 cm x 37.8 cm, 2018',16,'a','n','2020-12-15 21:44:06','2020-12-15 21:44:06'),(47,3,'art_fair_1608048962.jpeg','Youdhisthir Maharjan, Handcut text collage &amp;  needle piercin','','Youdhisthir Maharjan, The Center of Everything, Handcut text collage on reclaimed deacified bookpages and needle piercings, 40.3 cm x 37.8 cm, 2018',17,'a','n','2020-12-15 21:46:02','2020-12-15 21:46:02'),(48,3,'art_fair_1608049352.jpeg','Youdhisthir Maharjan, Acrylic on reclaimed deacified pages','','Youdhisthir Maharjan, Music of the Fireflies, Acrylic and handcut text collage on reclaimed deacidified bookpages, 21.7 cm x 37.2 cm, 2018',18,'a','n','2020-12-15 21:52:32','2020-12-15 21:52:32'),(49,3,'art_fair_1608049553.jpeg','Youdhisthir Maharjan,  Acrylic and handcut text collage','','Youdhisthir Maharjan, Chomolungma Sings the Blues, Acrylic and handcut text collage on reclaimed deacified bookpages, 21.6 cm x 35.4 cm, 2018',19,'a','n','2020-12-15 21:55:53','2020-12-15 21:55:53'),(50,3,'art_fair_1608049642.jpeg','Youdhisthir Maharjan,  Handcut text collage','','Youdhisthir Maharjan, Into Tibet, Handcut text collage on reclaimed deacidified bookpages, 20.4 cm x 32.4 cm, 2018',20,'a','n','2020-12-15 21:57:22','2020-12-15 21:57:22'),(51,3,'art_fair_1608049704.jpeg','Youdhisthir Maharjan,  Ink and handcut text collage','','Youdhisthir Maharjan, Hall of Dreams, Ink and handcut text collage on reclaimed deacidified bookpages, 40 cm x 25.2 cm, 2018',21,'a','n','2020-12-15 21:58:24','2020-12-15 21:58:24'),(52,3,'art_fair_1608049778.jpeg','Youdhisthir Maharjan,  Handcut text collage','','Youdhisthir Maharjan, Archives of the Universe, Handcut text collage on reclaimed deacidified bookpages, 35.4 cm x 21.6 cm, 2018',22,'a','n','2020-12-15 21:59:38','2020-12-15 21:59:38'),(53,3,'art_fair_1608050189.jpeg','India Art Fair, 2018','','Installation',23,'a','n','2020-12-15 22:06:29','2020-12-15 22:06:29'),(54,3,'art_fair_1608050319.jpeg','India Art Fair, 2018','','Installation',24,'a','n','2020-12-15 22:08:39','2020-12-15 22:08:39'),(55,3,'art_fair_1608050614.jpeg','India Art Fair, 2018','','Installation',25,'a','n','2020-12-15 22:13:34','2020-12-15 22:13:34'),(56,3,'art_fair_1608050745.jpeg','India Art Fair, 2018','','Installation',28,'a','n','2020-12-15 22:15:45','2020-12-15 22:15:45'),(57,4,'art_fair_1608051950.jpeg','Kingsley Gunatillake, book art, Used books and toy soldiers','','Kingsley Gunatillake, War Text, Used books and toy soldiers,  21 cm x 28 cm x 3.5 cm, 2018',1,'a','n','2020-12-15 22:35:50','2020-12-15 22:35:50'),(58,4,'art_fair_1608051992.jpeg','Kingsley Gunatillake, book art, Used books and toy soldiers','','Kingsley Gunatillake, War Text, Used books and toy soldiers,  21 cm x 28 cm x 3.5 cm, 2018',2,'a','n','2020-12-15 22:36:32','2020-12-15 22:36:32'),(59,4,'art_fair_1608052034.jpeg','Madiha Sikander, book art, gadrung on paper','','Madiha Sikander, The Inconvenient Truth I, Gadrung on paper (hand-painted found book), 18.5 cm x 23 cm X 1.5 cm, 2015',3,'a','n','2020-12-15 22:37:14','2020-12-15 22:37:14'),(60,4,'art_fair_1608052057.jpeg','Madiha Sikander, book art, gadrung on paper','','Madiha Sikander, Inconvenient Truth II, Gadrung on paper (hand-painted found book), 19 cm x 24 cm x 1.5 cm, 2015',4,'a','n','2020-12-15 22:37:37','2020-12-15 22:37:37'),(61,4,'art_fair_1608052151.jpeg','Mahbubur Rahman, Stainless steel','','Mahbubur Rahman, Rest room, Stainless steel , 105 cm x 28 cm x 55 cm, 2018 (AP+1)',5,'a','n','2020-12-15 22:39:11','2020-12-15 22:39:11'),(62,4,'art_fair_1608052191.jpeg','Mahbubur Rahman, Stainless steel','','Mahbubur Rahman, Burning Violin, Stainless steel , 115 cm x 72 cm x 30 cm, 2018 (AP+1)',6,'a','n','2020-12-15 22:39:51','2020-12-15 22:39:51'),(63,4,'art_fair_1608052242.jpeg','Najmun Nehar (Keya), digital archival print','','Najmun Nehar (Keya), Voyage, Gold leaf and rabbit skin glue on digital archival print, 7cm X 9 cm each (set of 27), 2017 (AP+3)',7,'a','n','2020-12-15 22:40:42','2020-12-15 22:40:42'),(64,4,'art_fair_1608052286.jpeg','Vipeksha Gupta, pencil on paper','','Vipeksha Gupta,  Samvejanīya-tthāna, Pencil on paper, 35.5 cm x 51 cm , 2018',8,'a','n','2020-12-15 22:41:26','2020-12-15 22:41:26'),(65,4,'art_fair_1608052312.jpeg','Vipeksha Gupta, pencil on paper','','Vipeksha Gupta, Samvejanīya-tthāna, Pencil on paper, 35.5 cm x 51 cm , 2018',9,'a','n','2020-12-15 22:41:52','2020-12-15 22:41:52'),(66,4,'art_fair_1608052344.jpeg','Vipeksha Gupta, pencil on paper','','Vipeksha Gupta, Samvejanīya-tthāna, Pencil on paper, 35.5 cm x 51 cm , 2018',10,'a','n','2020-12-15 22:42:24','2020-12-15 22:42:24'),(67,4,'art_fair_1608052430.jpeg','Youdhisthir Maharjan,  Handcut text collage','','Youdhisthir Maharjan, Reflections on Cosmology , Acrylic &amp; handcut text cutouts collage on deacidified reclaimed bookpages, 69 cm x 49cm x 6.5cm, 2019',11,'a','n','2020-12-15 22:43:50','2020-12-15 22:43:50'),(68,4,'art_fair_1608052485.jpeg','Youdhisthir Maharjan, Acrylic on reclaimed deacified pages','','Youdhisthir Maharjan, Letters by a Half-Moon, Acrylic &amp; graphite on deacidified reclaimed book pages , 22.5 cm x  15cm (each), 2018',12,'a','n','2020-12-15 22:44:45','2020-12-15 22:44:45'),(69,4,'art_fair_1608052661.jpeg','Youdhisthir Maharjan, Acrylic on reclaimed deacified pages','','Youdhisthir Maharjan, Prayer Under the Stars, Acrylic, needle piercings and  handcut text collage on deacidified reclaimed book pages, 20.5 cm x 27.5 cm, 2018',13,'a','n','2020-12-15 22:47:41','2020-12-15 22:47:41'),(70,4,'art_fair_1608052814.jpeg','Youdhisthir Maharjan,  Handcut text collage','','Youdhisthir Maharjan, The Water Under the Earth, Handcut text collage on reclaimed deacidified book pages, 62.5 cm x 24 cm, 2018',14,'a','n','2020-12-15 22:50:14','2020-12-15 22:50:14'),(71,4,'art_fair_1608053003.jpeg','Youdhisthir Maharjan,  Acrylic and handcut text collage','','Youdhisthir Maharjan, The Lives of the Stars, Acrylic, graphite and handout text collage on deacidified reclaimed book pages, 19.5 cm x 32 cm, 2018',15,'a','n','2020-12-15 22:53:23','2020-12-15 22:53:23'),(72,4,'art_fair_1608053056.jpeg','Youdhisthir Maharjan,  Acrylic and handcut text collage','','Youdhisthir Maharjan, The Valley of the Moon Castle, Acrylic, graphite, ink,  scrapped text on deacidified reclaimed book pages, 37.5 cm x 24 cm, 2018',16,'a','n','2020-12-15 22:54:16','2020-12-15 22:54:16'),(73,4,'art_fair_1608053108.jpeg','Youdhisthir Maharjan,  Handcut text collage','','Youdhisthir Maharjan, Turtle Moon, Handcut text collage on deacidified reclaimed book pages, 19.5 cm x 22 cm, 2018',17,'a','n','2020-12-15 22:55:08','2020-12-15 22:55:08'),(74,4,'art_fair_1608053164.jpeg','India Art Fair, 2019','','Installation',18,'a','n','2020-12-15 22:56:04','2020-12-15 22:56:04'),(75,4,'art_fair_1608053186.jpeg','India Art Fair, 2019','','Installation',19,'a','n','2020-12-15 22:56:26','2020-12-15 22:56:26'),(76,4,'art_fair_1608053213.jpeg','India Art Fair, 2019','','Installation',20,'a','n','2020-12-15 22:56:53','2020-12-15 22:56:53'),(77,5,'art_fair_1608126058.jpeg','Arshi Irshad Ahmadzai, ink on kora cloth','','&lt;p&gt;Arshi Irshad Ahmadzai, Takhti from Kabul, Ink and thread on Kora cloth, 203.2 cm x&amp;nbsp;115.5&amp;nbsp;cm, 2019&lt;/p&gt;',1,'a','y','2020-12-16 19:10:58','2020-12-16 22:39:44'),(78,5,'art_fair_1608138660.jpeg','Arshi Irshad Ahmadzai, Ink on Persian attendance sheet','','&lt;p&gt;Arshi Irshad Ahmadzai , An-Nisa (Women), Ink on Persian attendance sheet , 40.6 cm x&amp;nbsp;30.5 cm, 2019&lt;/p&gt;',1,'a','n','2020-12-16 22:41:00','2020-12-16 22:41:00'),(79,5,'art_fair_1608138685.jpeg','Arshi Irshad Ahmadzai, Ink on Persian attendance sheet','','&lt;p&gt;Arshi Irshad Ahmadzai , An-Nisa (Women), Ink on Persian attendance sheet , 30.5 cm x&amp;nbsp;40.6 cm, 2019&lt;/p&gt;',2,'a','n','2020-12-16 22:41:25','2020-12-16 22:41:25'),(80,5,'art_fair_1608138723.jpeg','Arshi Irshad Ahmadzai, ink on kora cloth','','&lt;p&gt;Arshi Irshad Ahmadzai, 3657 unknown prints, Ink on Kora cloth, 35.5 cm x&amp;nbsp;30.5 cm, 2019&lt;/p&gt;',3,'a','n','2020-12-16 22:42:03','2020-12-16 22:42:03'),(81,5,'art_fair_1608138760.jpeg','Arshi Irshad Ahmadzai, ink on kora cloth','','&lt;p&gt;Arshi Irshad Ahmadzai, Ain- Meem- Laam (Arabic Alphabets), Ink on Kora cloth, 55.9 cm x&amp;nbsp;55.9 cm, 2019&lt;/p&gt;',4,'a','n','2020-12-16 22:42:40','2020-12-16 22:42:40'),(82,5,'art_fair_1608138789.jpeg','Arshi Irshad Ahmadzai, ink on kora cloth','','&lt;p&gt;Arshi Irshad Ahmadzai, Ain-Fa-Qaaf (Arabic Alphabets), Ink on Kora cloth, 55.9 cm x&amp;nbsp;55.9 cm, 2019&lt;/p&gt;',5,'a','n','2020-12-16 22:43:09','2020-12-16 22:43:09'),(83,5,'art_fair_1608138814.jpeg','Arshi Irshad Ahmadzai, ink on kora cloth','','&lt;p&gt;Arshi Irshad Ahmadzai, Noon- Seen- Ya- Zabar (Arabic Alphabets), Ink on Kora cloth, 55.9 cm x&amp;nbsp;55.9 cm, 2019&lt;/p&gt;',6,'a','n','2020-12-16 22:43:34','2020-12-16 22:43:34'),(84,5,'art_fair_1608138867.jpeg','Arshi Irshad Ahmadzai, ink on kora cloth','','&lt;p&gt;Arshi Irshad Ahmadzai, An-Nisa (Women), Ink on Kora cloth, 35.6 cm x&amp;nbsp;28 cm , 2019&lt;/p&gt;',7,'a','n','2020-12-16 22:44:27','2020-12-16 22:44:27'),(85,5,'art_fair_1608138899.jpeg','Arshi Irshad Ahmadzai, ink on kora cloth','','&lt;p&gt;Arshi Irshad Ahmadzai, An-Nisa (Women), Ink on Kora cloth, 35.6 cm x&amp;nbsp;28 cm, 2019&lt;/p&gt;',8,'a','n','2020-12-16 22:44:59','2020-12-16 22:44:59'),(86,5,'art_fair_1608138946.jpeg','Arshi Irshad Ahmadzai, ink on kora cloth','','&lt;p&gt;Arshi Irshad Ahmadzai, Takhti from Kabul, Ink and thread on Kora cloth, 203.2 cm x&amp;nbsp;115.5&amp;nbsp;cm, 2019&lt;/p&gt;',9,'a','n','2020-12-16 22:45:46','2020-12-16 22:45:46'),(87,5,'art_fair_1608139023.jpeg','Arshi Irshad Ahmadzai, mixed media on graph paper','','&lt;p&gt;Arshi Irshad Ahmadzai. An-Nisa (Women), Mixed media on graph paper, 28 cm x&amp;nbsp;20.3 cm, 2019&lt;/p&gt;',10,'a','n','2020-12-16 22:47:03','2020-12-16 22:47:03'),(88,5,'art_fair_1608139131.jpeg','Kinglsey Gunatillake, Acrylic on paper','','&lt;p&gt;Kinglsey Gunatillake, In Between, Acrylic on paper, 101.6 cm x&amp;nbsp;76.2 cm, 2018&lt;/p&gt;',11,'a','n','2020-12-16 22:48:51','2020-12-16 22:48:51'),(89,5,'art_fair_1608139169.jpeg','Kinglsey Gunatillake, Acrylic on paper','','&lt;p&gt;Kinglsey Gunatillake, In Between, Acrylic on paper, 101.6 cm X 76.2 cm, 2018&lt;/p&gt;',10,'a','n','2020-12-16 22:49:29','2020-12-16 22:49:29'),(90,5,'art_fair_1608139264.jpeg','Kinglsey Gunatillake, Acrylic on paper','','&lt;p&gt;Kinglsey Gunatillake, In Between, Acrylic on paper, 101.6 cm x&amp;nbsp;76.2 cm, 2018&lt;/p&gt;',13,'a','n','2020-12-16 22:51:04','2020-12-16 22:51:04'),(91,5,'art_fair_1608139282.jpeg','Kinglsey Gunatillake, Acrylic on paper','','&lt;p&gt;Kinglsey Gunatillake, In Between, Acrylic on paper, 101.6 cm x&amp;nbsp;76.2 cm, 2018&lt;/p&gt;',14,'a','n','2020-12-16 22:51:22','2020-12-16 22:51:22'),(92,5,'art_fair_1608139354.jpeg','Kingsley Gunatillake, book art, Used books and toy soldiers','','&lt;p&gt;Kinglsey Gunatillake, War Text, Used books and toy soldiers, 21.6 cm x&amp;nbsp;29.2 cm x&amp;nbsp;3.5 cm, 2019&lt;/p&gt;',15,'a','n','2020-12-16 22:52:34','2020-12-16 22:52:34'),(93,5,'art_fair_1608139382.jpeg','Kingsley Gunatillake, book art, Used books and toy soldiers','','&lt;p&gt;Kinglsey Gunatillake, War Text, Used books and toy soldiers, 21.6 cm x&amp;nbsp;29.2 cm x&amp;nbsp;3.5 cm, 2019&lt;/p&gt;',16,'a','n','2020-12-16 22:53:02','2020-12-16 22:53:02'),(94,5,'art_fair_1608139457.jpeg','Mahbubur Rahman, Brass, crystal, gold leaf sculpture','','&lt;p&gt;Mahbubur Rahman, Absent, Brass, crystal,&amp;nbsp;gold leaf, 26.7 cm x 20.3 cm X 12.7 cm,&amp;nbsp;2019&amp;nbsp;(AP + 3)&lt;/p&gt;',17,'a','n','2020-12-16 22:54:17','2020-12-16 22:54:17'),(95,5,'art_fair_1608139497.jpeg','Mahbubur Rahman, Stainless steel','','&lt;p&gt;Mahbubur Rahman, Emptiness, Stainless steel,&amp;nbsp;fiberglass, 50.8 cm x&amp;nbsp;33 cm x&amp;nbsp;76.2 cm, 2019, Unique work&lt;/p&gt;',18,'a','y','2020-12-16 22:54:57','2020-12-16 22:55:23'),(96,5,'art_fair_1608139564.jpeg','Mahbubur Rahman, Brass, crystal, gold leaf sculpture','','&lt;p&gt;Mahbubur Rahman, Empty Heart, Brass, crystal,&amp;nbsp;gold leaf, 34.3 cm &amp;nbsp;x&amp;nbsp;20.3 cm x&amp;nbsp; 24.1 cm, 2019&amp;nbsp;(AP + 3)&lt;/p&gt;',18,'a','n','2020-12-16 22:56:04','2020-12-16 22:56:04'),(97,5,'art_fair_1608139616.jpeg','Mahbubur Rahman, Stainless steel','','&lt;p&gt;Mahbubur Rahman, Emptiness, Stainless steel,&amp;nbsp;fiberglass, 50.8 cm x&amp;nbsp;33 cm x&amp;nbsp;76.2 cm, 2019, Unique work&lt;/p&gt;',19,'a','n','2020-12-16 22:56:56','2020-12-16 22:56:56'),(98,5,'art_fair_1608139655.jpeg','Mahbubur Rahman, Stainless steel','','&lt;p&gt;Mahbubur Rahman, Gateway, Stainless steel, 55.9 cm x&amp;nbsp;20.3 cm x&amp;nbsp;40.6, 2019&amp;nbsp;(AP + 3)&lt;/p&gt;',20,'a','n','2020-12-16 22:57:35','2020-12-16 22:57:35'),(99,5,'art_fair_1608139696.jpeg','Vipeksha Gupta, pencil on paper','','&lt;p&gt;Vipeksha Gupta, Samma Samadhi (Pali_ Right Concentration), Pencil on paper, 111.7 cm x&amp;nbsp;86.4 cm, 2019&lt;/p&gt;',21,'a','n','2020-12-16 22:58:16','2020-12-16 22:58:16'),(100,5,'art_fair_1608139718.jpeg','Vipeksha Gupta, pencil on paper','','&lt;p&gt;Vipeksha Gupta, Samma Samadhi (Pali_ Right Concentration), Pencil on paper, 111.8 cm x&amp;nbsp;86.4 cm , 2019&lt;/p&gt;',22,'a','n','2020-12-16 22:58:38','2020-12-16 22:58:38'),(101,5,'art_fair_1608139745.jpeg','Vipeksha Gupta, pencil on paper','','&lt;p&gt;Vipeksha Gupta, Samma Samadhi (Pali_ Right Concentration), Pencil on paper, 111.8 cm x&amp;nbsp;86.4 cm, 2019&lt;/p&gt;',23,'a','n','2020-12-16 22:59:05','2020-12-16 22:59:05'),(102,5,'art_fair_1608139818.jpeg','Youdhisthir Maharjan, Crocheted strips of reclaimed pages','','&lt;p&gt;Youdhisthir Maharjan, Before Women had wings, Crocheted strips of reclaimed book pages, 86.4 cm x&amp;nbsp;29.2 cm, 2019-2020&lt;/p&gt;',24,'a','n','2020-12-16 23:00:18','2020-12-16 23:00:18'),(103,5,'art_fair_1608139865.jpeg','Youdhisthir Maharjan,  Hand woven strips of reclaimed pages','','&lt;p&gt;Youdhisthir Maharjan, Heart of a Woman, Hand woven strips of reclaimed&amp;nbsp;book pages , 29.2 cm x&amp;nbsp;40.6 cm x&amp;nbsp;3.8 cm, 2019&lt;/p&gt;',26,'a','n','2020-12-16 23:01:05','2020-12-16 23:01:05'),(104,5,'art_fair_1608139912.jpeg','Youdhisthir Maharjan, Crocheted strips of reclaimed pages','','&lt;p&gt;Youdhisthir Maharjan, In the Land of Invisible Woman, Crocheted strips of reclaimed book pages, 44.5 cm x&amp;nbsp;44.5 cm x&amp;nbsp;6.4 cm, 2019&lt;/p&gt;',26,'a','n','2020-12-16 23:01:52','2020-12-16 23:01:52'),(105,5,'art_fair_1608139949.jpeg','Youdhisthir Maharjan,  Hand woven strips of reclaimed pages','','&lt;p&gt;Youdhisthir Maharjan, Landscape for a Good Woman, Hand woven strips of reclaimed book pages , 29.2 cm x&amp;nbsp;40.6 cm x&amp;nbsp;3.8 cm, 2019&lt;/p&gt;',27,'a','n','2020-12-16 23:02:29','2020-12-16 23:02:29'),(106,5,'art_fair_1608139977.jpeg','Youdhisthir Maharjan,  Hand woven strips of reclaimed pages','','&lt;p&gt;Youdhisthir Maharjan, Nine Lives, Hand woven strips of reclaimed&amp;nbsp;book pages, 21.6 cm x&amp;nbsp;15.2 cm each, 2019&lt;/p&gt;',28,'a','n','2020-12-16 23:02:57','2020-12-16 23:02:57'),(107,5,'art_fair_1608140024.jpeg','Youdhisthir Maharjan,  Hand woven strips of reclaimed pages','','&lt;p&gt;Youdhisthir Maharjan, The Line of Beauty, Hand woven strips of reclaimed &amp;nbsp;book pages , 127 cm x&amp;nbsp;10.2 cm, 2019&lt;/p&gt;',29,'a','n','2020-12-16 23:03:44','2020-12-16 23:03:44'),(108,5,'art_fair_1608140066.jpeg','India Art Fair, South Asian Artist','','&lt;p&gt;Installation&lt;/p&gt;\r\n\r\n&lt;p&gt;&amp;nbsp;&lt;/p&gt;',30,'a','n','2020-12-16 23:04:26','2020-12-16 23:04:26'),(109,5,'art_fair_1608140091.jpeg','India Art Fair, South Asian Artist','','&lt;p&gt;Installation&lt;/p&gt;',32,'a','n','2020-12-16 23:04:51','2020-12-16 23:04:51');
/*!40000 ALTER TABLE `art_fair_images` ENABLE KEYS */;
UNLOCK TABLES;

--
-- Table structure for table `art_fairs_master`
--

DROP TABLE IF EXISTS `art_fairs_master`;
/*!40101 SET @saved_cs_client     = @@character_set_client */;
/*!40101 SET character_set_client = utf8 */;
CREATE TABLE `art_fairs_master` (
  `id` int(10) unsigned NOT NULL AUTO_INCREMENT,
  `af_year` smallint(4) unsigned NOT NULL,
  `af_name` varchar(255) COLLATE utf8mb4_unicode_ci NOT NULL,
  `af_ft_img` varchar(100) COLLATE utf8mb4_unicode_ci DEFAULT NULL,
  `af_ft_img_alt` varchar(100) COLLATE utf8mb4_unicode_ci DEFAULT NULL,
  `af_descr` text COLLATE utf8mb4_unicode_ci,
  `af_info` text COLLATE utf8mb4_unicode_ci,
  `af_cat_pdf` varchar(100) COLLATE utf8mb4_unicode_ci DEFAULT NULL,
  `af_ord` int(10) unsigned NOT NULL,
  `status` enum('a','i') COLLATE utf8mb4_unicode_ci NOT NULL DEFAULT 'a',
  `is_deleted` enum('y','n') COLLATE utf8mb4_unicode_ci NOT NULL DEFAULT 'n',
  `created_at` timestamp NOT NULL DEFAULT CURRENT_TIMESTAMP,
  `updated_at` timestamp NOT NULL DEFAULT CURRENT_TIMESTAMP ON UPDATE CURRENT_TIMESTAMP,
  PRIMARY KEY (`id`) USING BTREE
) ENGINE=InnoDB AUTO_INCREMENT=6 DEFAULT CHARSET=utf8mb4 COLLATE=utf8mb4_unicode_ci ROW_FORMAT=DYNAMIC;
/*!40101 SET character_set_client = @saved_cs_client */;

--
-- Dumping data for table `art_fairs_master`
--

LOCK TABLES `art_fairs_master` WRITE;
/*!40000 ALTER TABLE `art_fairs_master` DISABLE KEYS */;
INSERT INTO `art_fairs_master` VALUES (1,2016,'India Art Fair 2016','art_fair_1607530254.jpeg','India Art Fair, Blueprint12, South Asian Artists','&lt;p style=&quot;text-align:justify&quot;&gt;The artist of the 21st century is the one that is transcendent, one that transcends conventional wisdom, to transcend the world of the establishment, to transcend the orthodoxy, to go beyond. It is the job of the artist to transcend that - to think outside the boundaries. The transcendent artist takes the role of the citizen artist and is engaged in the political, social and cultural scenario that surrounds him/her. Through various media, mostly performance, sound and mix media, these artists have build networks and currents that surpass the official narratives of the State to question that post colonial identity in a global marketplace and a sense of belonging.&lt;br /&gt;\r\n&amp;nbsp;&lt;/p&gt;','&lt;p&gt;Banoo Batliboi, India&lt;/p&gt;\r\n\r\n&lt;p&gt;Hitman Gurung, Nepal&lt;/p&gt;\r\n\r\n&lt;p&gt;Madiha Sikander, Pakistan&lt;/p&gt;\r\n\r\n&lt;p&gt;Mahbubur Rehman, Bagladesh&lt;/p&gt;\r\n\r\n&lt;p&gt;Pala Pothupitye, Sri Lanka&lt;/p&gt;\r\n\r\n&lt;p&gt;Youdhisthir Maharjan, Nepal&lt;/p&gt;',NULL,1,'a','n','2020-12-09 21:40:54','2020-12-09 21:42:57'),(2,2017,'India Art Fair 2017','art_fair_1607531858.jpeg','India Art Fair, Blueprint12, South Asian Artists','&lt;p style=&quot;text-align:justify&quot;&gt;The socio-political context has been an important dialogue for the artists in India&amp;#39;s neighboring region. Art has always had the ability to voice or sway an opinion, spread an idea, and try to enact a change within society.&lt;/p&gt;\r\n\r\n&lt;p style=&quot;text-align:justify&quot;&gt;The four artists, Mahbubur Rahman, Pala Pothupitye, Subrat Kumar Behera and Youdhishtir Maharjan, from the South Asian Region have often broached the context of &amp;#39;belonging&amp;#39; &amp;amp; &amp;#39;identity&amp;#39;, amidst various socio-political issues in their respective regions.&lt;/p&gt;\r\n\r\n&lt;p style=&quot;text-align:justify&quot;&gt;Mahbub uses stainless steel surgical scissors to comments on the political turmoil in Bangladesh and its impact on the social structure. He is known to use his body to create a sense of belonging and identity in a country that has been torn in multiple politically charged struggles- be it the colonial impact, the freedom from Pakistan and the current state of the country. Indeed, much of his works stem from two wars, one in 1947 and one in 1971, which have shaped Bangladesh through partition and forced migration, given the changing national borders between India, Pakistan and Bangladesh.&lt;/p&gt;\r\n\r\n&lt;p style=&quot;text-align:justify&quot;&gt;Pothupitiye&amp;#39;s artworks focus on the cast, nation and country he belongs to, and how belongingness perceived by oneself and others lead to social injustice and conflicts. His award winning &amp;#39;Jaffna Map&amp;#39; and other &amp;#39;map-works&amp;#39; talk about how boarders and boundaries depict to whom the land belongs to and how it has led to bloodshed. &amp;#39;Belonging&amp;#39; in a very intimate sense is smeared in his personal, daily sketches and drawings. Love, affection as well as their absence and loneliness seems a lesser issue for him compared to the broader social and political issues that his country face.&lt;/p&gt;\r\n\r\n&lt;p style=&quot;text-align:justify&quot;&gt;Subrat&amp;#39;s art has a lot to with the creation of a phantasmagoric world that the spectator enters. He unleashes his imagination and lets his fantasies unfold one after the other in this world. It is a world that transcends the limitations of physical reality; limitations that could become barriers in the expression of his thought and skill. His art is the process of a personal journey of myth making that gives him the freedom, to seek and probe not only his own creative avenues, but also the lived experiences of humanity in general. These elements merge with the daily banal, to create a dialogue between the past and the present. The spaces that he shows in his works are spaces we see every day, spaces we are familiar with but spaces we never want to occupy.&lt;/p&gt;\r\n\r\n&lt;p style=&quot;text-align:justify&quot;&gt;Youdhishtir was born and raised in Nepal, currently living in the USA, while his works are being most embraced in India. His existence as a person and as an artist transcends border, language, and race, yet he is again and again dragged back to his birth identity, constantly reminding him that he cannot escape it. His works and engagement with the process allows him to transcend the world of opposites and labels--and be simply him--charging him with the love and compassion that is so desperately needed to share with anyone and everyone who directs hatred, anger and fear against him simply because he is different from them.&lt;/p&gt;','&lt;p&gt;Mahbubur Rehman, Bagladesh&lt;br /&gt;\r\nPala Pothupitiye, Sri Lanka&lt;br /&gt;\r\nSubrat Kumar Behera, India&lt;br /&gt;\r\nYoudhisthir Maharjan, Nepal&lt;/p&gt;',NULL,2,'a','n','2020-12-09 22:07:38','2020-12-09 22:07:38'),(3,2018,'India Art Fair, 2018','art_fair_1608047369.jpeg','India Art Fair, South Asian Artist, Blueprint12','&lt;p style=&quot;text-align:justify&quot;&gt;For the special 10th anniversary of India Art Fair, Blueprint12 brings forth selective artists which have used text in art diluting the borders between literature, visual arts and performative arts. With our continues focus on promotion of South Asian contemporary artists, as well Indian living traditions, we emphasis on the power of the&amp;nbsp;written text and its political and social agency. Though language is differentiated across political borders, the booth explores the power to communicate through a&amp;nbsp;common visual language.&lt;br /&gt;\r\n&amp;nbsp;&lt;/p&gt;','&lt;ul&gt;\r\n	&lt;li&gt;Abir Shome&lt;/li&gt;\r\n	&lt;li&gt;Hill Korwa&lt;/li&gt;\r\n	&lt;li&gt;Kingsley Gunatilake&lt;/li&gt;\r\n	&lt;li&gt;Sujan Chitrakar&lt;/li&gt;\r\n	&lt;li&gt;Youdhisthir Maharjan&lt;/li&gt;\r\n&lt;/ul&gt;',NULL,1,'a','n','2020-12-15 21:19:29','2020-12-15 21:19:29'),(4,2019,'India Art Fair, 2019','art_fair_1608051895.jpeg','India Art Fair, South Asian Artist, Blueprint12','&lt;h3 style=&quot;text-align:justify&quot;&gt;IDENTITY &amp;ndash; LOST OR FOUND&lt;/h3&gt;\r\n\r\n&lt;p style=&quot;text-align:justify&quot;&gt;While Identity is the way we are perceived, artists of the 21st centaury transcend this orthodoxy and go beyond. We propose to showcase works of 5 different artists from the South Asian region, some of whom have worked in search of lost identity while others chose to let their work find their new identity.&lt;br /&gt;\r\n&lt;br /&gt;\r\nThrough various media, these artists have build networks and currents that surpass the official narratives of the State to question that post colonial identity in a global marketplace and a sense of belonging.&lt;br /&gt;\r\n&lt;br /&gt;\r\n&lt;strong&gt;Madiha Sikander&amp;rsquo;s&lt;/strong&gt;&amp;nbsp;works are built of complex layers that simultaneously address the past, the present, the social, political and personal notions of identity, ownership, memory and erasure. Sikander&amp;rsquo;s work contends the relation between real and imaginary, depicting the world beyond appearances. Her use of realism is a turning point in the history of our contemporary miniature painting.&lt;br /&gt;\r\n&lt;br /&gt;\r\n&lt;strong&gt;Mahbubur Rahman&lt;/strong&gt;&amp;nbsp;is one of the most important cultural activists of Bangladesh. He choses mediums like performances and installations that have allowed him to respond spontaneously, often commenting upon the issues that have plagued post Independent Bangladesh, such as its colonial past, its post colonial identity, migration, social stigmas and political censorship and control.&lt;br /&gt;\r\n&lt;br /&gt;\r\n&lt;strong&gt;Kingsley Gunatilake&lt;/strong&gt;, from Sri Lanka, works on the lost identity of the country owing the civil war lasted over three decades lingering as dead memories, a ruin of empty bullets among preaching by politicians about reconciliation. The havoc after an explosion is nothing more than scattered pieces, baffled identity.&lt;br /&gt;\r\n&lt;br /&gt;\r\n&lt;strong&gt;Najmun Nahar Keya&lt;/strong&gt;, from Bangladesh, was worked on a series of old photographs that were taken by her father during his first visit to India post partition. In search of lost identity, she retained the damaged parts of the pictures and filled it with gold leaf.&lt;br /&gt;\r\n&lt;br /&gt;\r\n&lt;strong&gt;Youdhisthir Maharjan&lt;/strong&gt;, from Nepal, works and lives in USA. His existence as a person and as an artist transcends border, language, and race, yet he is again and again dragged back to his birth identity, constantly reminding him that he cannot escape it. His works and engagement with the process allows him to transcend the world of opposites and labels--and be simply him--charging him with the love and compassion that is so desperately needed to share with anyone and everyone who directs hatred, anger and fear against him simply because he is different from them.&lt;br /&gt;\r\n&lt;br /&gt;\r\nIt is a process of metamorphosis that begins when the soul awakensto its spiritual essence.&amp;nbsp;&lt;strong&gt;Vipeksha Gupta&lt;/strong&gt;, a Delhi based drawing artist, focuses on taking a critical view on the concept of looking inward for finding peace and the whole science of spirituality. Her arrangements are schematic; inviting the viewer to move into a space of deep contemplation.&lt;/p&gt;','&lt;ul&gt;\r\n	&lt;li&gt;Kingsley Gunatilake&lt;/li&gt;\r\n	&lt;li&gt;Madiha Sikandee&lt;/li&gt;\r\n	&lt;li&gt;Mahbubur Rahman&lt;/li&gt;\r\n	&lt;li&gt;Najmun Nahar Keya&lt;/li&gt;\r\n	&lt;li&gt;Vipeksha Gupta&lt;/li&gt;\r\n	&lt;li&gt;Youdhisthir Maharjan&lt;/li&gt;\r\n&lt;/ul&gt;',NULL,1,'a','n','2020-12-15 22:34:55','2020-12-15 22:35:13'),(5,2020,'India Art Fair, 2020','art_fair_1608097065.jpeg','India Art Fair, South Asian Artist, Blueprint12','','&lt;ul&gt;\r\n	&lt;li&gt;Arshi Irshad Ahmadzai&lt;/li&gt;\r\n	&lt;li&gt;Mahbubur Rahman&lt;/li&gt;\r\n	&lt;li&gt;Kinglsey Gunatillake&lt;/li&gt;\r\n	&lt;li&gt;Vipeksha Gupta&lt;/li&gt;\r\n	&lt;li&gt;Youdhisthir Maharjan&lt;/li&gt;\r\n&lt;/ul&gt;',NULL,1,'a','n','2020-12-16 11:07:45','2020-12-16 11:07:45');
/*!40000 ALTER TABLE `art_fairs_master` ENABLE KEYS */;
UNLOCK TABLES;

--
-- Table structure for table `artist_master`
--

DROP TABLE IF EXISTS `artist_master`;
/*!40101 SET @saved_cs_client     = @@character_set_client */;
/*!40101 SET character_set_client = utf8 */;
CREATE TABLE `artist_master` (
  `id` int(10) unsigned NOT NULL AUTO_INCREMENT,
  `artist_name` varchar(100) COLLATE utf8mb4_unicode_ci NOT NULL,
  `art_img` varchar(100) COLLATE utf8mb4_unicode_ci NOT NULL,
  `art_img_alt` varchar(100) COLLATE utf8mb4_unicode_ci DEFAULT NULL,
  `art_img_ord` int(10) unsigned NOT NULL,
  `art_descr` text COLLATE utf8mb4_unicode_ci,
  `art_info` text COLLATE utf8mb4_unicode_ci,
  `is_deleted` enum('y','n') COLLATE utf8mb4_unicode_ci NOT NULL DEFAULT 'n',
  `status` enum('a','i') COLLATE utf8mb4_unicode_ci NOT NULL DEFAULT 'a',
  `created_at` timestamp NOT NULL DEFAULT CURRENT_TIMESTAMP,
  `updated_at` timestamp NOT NULL DEFAULT CURRENT_TIMESTAMP ON UPDATE CURRENT_TIMESTAMP,
  PRIMARY KEY (`id`) USING BTREE
) ENGINE=InnoDB AUTO_INCREMENT=9 DEFAULT CHARSET=utf8mb4 COLLATE=utf8mb4_unicode_ci ROW_FORMAT=DYNAMIC;
/*!40101 SET character_set_client = @saved_cs_client */;

--
-- Dumping data for table `artist_master`
--

LOCK TABLES `artist_master` WRITE;
/*!40000 ALTER TABLE `artist_master` DISABLE KEYS */;
INSERT INTO `artist_master` VALUES (1,'Test Artist','artist_1606902727.jpeg','',1,'','','y','a','2020-12-02 15:22:07','2020-12-02 15:23:16'),(2,'Mahbubur Rahman','artist_1606906951.jpeg','',4,'','','n','a','2020-12-02 16:32:31','2020-12-02 19:37:00'),(3,'Youdhisthir Maharjan','artist_1606907167.jpeg','Youdhisthir Maharjan reclaimed  book pages',8,'&lt;p style=&quot;text-align:justify&quot;&gt;Youdhistir Maharjan works with reclaimed book pages and text, making evocative collages that speak to those who look closely. His artistic practice exemplifies contemplation, commitment, and timelessness. His inspiration starts with the book itself, both with its potential meaning as well as its physicality. He goes to second-hand bookstores and browses until a book title attracts him. He buys it, takes home and begins working with it. Coming into visual art from creative writing, his approach to art is multilayered. Youdhi mentions Samuel Becket&amp;rsquo;s Waiting for Godot having a powerful impact on him at the start of his artistic endeavor. It is not the story that his art conveys but an impression, or idea and a process, which he shares with audience so they can discover their own interpretations for themselves. The process of making these collages is truly astounding and takes the artist&amp;rsquo;s full attention, unwavering focus, and repetitive physical labor to complete each piece over long time. He uses tedious actions like cutting out individual letters, piercing single book pages, pasting letters, weaving, and concealing some of the text over, and over. Remarkably, this monotonous toiling brings him joy and fulfillment. The process reveals the artist&amp;rsquo;s skill and aesthetic vision in the intricate works he creates.&lt;/p&gt;\r\n\r\n&lt;p style=&quot;text-align:justify&quot;&gt;Youdhisthir Maharjan currently resides between Boston and Kathmandu. He holds a BA in creative writing from New England College and an MFA in art history from the University of Idaho. His work has been shown in Nepal, India, and the United States, most recently as a solo exhibition at Vadehra Art Gallery in New Delhi in collaboration with Blueprint12, participated in the Serendipity Art Festival in Goa and in The Power of Intention: Reinventing the (Prayer) Wheel exhibition at the Rubin Museum of Art, New York.&lt;/p&gt;','','n','a','2020-12-02 16:36:07','2020-12-06 20:11:57'),(4,'Arshi Irshad Ahmadzai','artist_1606974582.jpeg','Arshi Irshad Ahmadzai artist contemporary',1,'&lt;p dir=&quot;ltr&quot;&gt;Arshi Irshad Ahmadzai&amp;rsquo;s works are deeply connected to the experiences of women that rarely find a voice and are subdued under societal and political pressures or are bound within religious orthodoxies. Her works, though narrate a personal experience, are inspired by a much larger community of women who have been marginalized in history. Working within a disciplined studio practice and through collaborative community projects such as Lihaaf (Quilt), Arshi has struck a powerful chord with contemporary feminist art theory.&lt;/p&gt;\r\n\r\n&lt;p dir=&quot;ltr&quot;&gt;Her prolific art practice finds its foundation on the muslin cloth, a medium that is used to learn the art of stitching by the rafoogars (quilters) of Najibabad. Surrounded by a large community of women who share their embroidery over songs, compassion and sisterhood, it was only natural for Arshi to turn to the cloth rather than canvas. These exchanges have led to large scrolls as well as smaller works, where she juxtaposes image and text to comment on women and their roles, their sexuality, their freedom and their desires- some in love and some victims to political terrorism. An avid reader of poetry and philosophy, she not only questions patriarchy, but demands that her voice is heard and accepted.&lt;/p&gt;\r\n\r\n&lt;p dir=&quot;ltr&quot;&gt;Arshi Irshad Ahmadzai graduated with a Bachelors in Fine Art from the Aligarh Muslim University, 2011 and a Masters in Fine Art from Jamia Millia Islamia, New Delhi in 2013. Her recent exhibitions include &amp;lsquo;Seeds are being sown&amp;rsquo; at Shrine Empire Gallery, 2020; The India Art Fair, 2020; &amp;lsquo;Out of your shadow&amp;rsquo; by Blueprint12 at Gallery Espace, 2019 and a solo presentation at 1Shanthi Road Gallery in 2019. She is one of the recipients of the Five Million Incidents grant from the Goethe-Institut, New Delhi and the Inlaks Fine Arts Award in 2019.&amp;nbsp;&lt;/p&gt;\r\n\r\n&lt;p dir=&quot;ltr&quot;&gt;She lives between Kabul and New Delhi.&lt;/p&gt;','','n','a','2020-12-03 11:19:42','2020-12-04 16:45:18'),(5,'Kinglsey Gunatillake','artist_1607097084.jpeg','Book art titled Democracy by Sri Lankan contemporary artist',2,'&lt;p&gt;&lt;span style=&quot;font-size:12pt&quot;&gt;&lt;span style=&quot;font-family:&amp;quot;Libre Baskerville&amp;quot;,serif&quot;&gt;&lt;span style=&quot;color:#000000&quot;&gt;As one of the leading abstractionists of his country, Kingsley Guantilake&amp;rsquo;s has a dual practice - of his canvases and paperworks exploring forms and colour theories, and artist&amp;nbsp;books, which focus on the long and terrorised history of Sri Lankan civil war, leaving a trail of dead memories and empty bullets amidst promises of reconciliation by politicians in its wake. Gunatilake questions the aftermath of war, consequences of destruction and explosion, and the rationality left in their inheritance.&lt;/span&gt;&lt;/span&gt;&lt;/span&gt;&lt;/p&gt;\r\n\r\n&lt;p&gt;&lt;span style=&quot;font-size:12pt&quot;&gt;&lt;span style=&quot;font-family:&amp;quot;Libre Baskerville&amp;quot;,serif&quot;&gt;&lt;span style=&quot;color:#000000&quot;&gt;Be it his abstract paintings or his &amp;lsquo;wounded&amp;rsquo; books, Kingsley&amp;rsquo;s works are sensory responses to the experience of violence, as well as the perpetration of acts of violence. His prolific methodology is quick and aggressive and consistently resisting statist, dominant narratives that exist in a post-war era. The spine of his book practice is inspired from the burning of the Jaffna Library in 1981, which is reiterated through a meditative practice of burning and cutting; an act of remembering and that of a witness.&lt;/span&gt;&lt;/span&gt;&lt;/span&gt;&lt;/p&gt;\r\n\r\n&lt;p&gt;&lt;span style=&quot;font-size:12pt&quot;&gt;&lt;span style=&quot;font-family:&amp;quot;Libre Baskerville&amp;quot;,serif&quot;&gt;&lt;span style=&quot;color:#000000&quot;&gt;Born in Wadduwa, Sri Lanka, Kingsley now works in his studio out of Kandy in his native country and in Colombo. Gunatilake received a Bachelor in Fine Art from Fine Art University, Colombo and a Diploma in Environmental Education from the University of Strathclyde, Glasgow in 1994. His recent solo exhibitions include &lt;/span&gt;&lt;/span&gt;&lt;/span&gt;&lt;span style=&quot;font-size:12pt&quot;&gt;&lt;span style=&quot;font-family:&amp;quot;Libre Baskerville&amp;quot;,serif&quot;&gt;&lt;span style=&quot;color:#000000&quot;&gt;&lt;em&gt;&amp;lsquo;Yen&amp;rsquo;&lt;/em&gt;&lt;/span&gt;&lt;/span&gt;&lt;/span&gt;&lt;span style=&quot;font-size:12pt&quot;&gt;&lt;span style=&quot;font-family:&amp;quot;Libre Baskerville&amp;quot;,serif&quot;&gt;&lt;span style=&quot;color:#000000&quot;&gt; at the Saskia Fernando Gallery, Colombo (2020); &amp;lsquo;&lt;/span&gt;&lt;/span&gt;&lt;/span&gt;&lt;span style=&quot;font-size:12pt&quot;&gt;&lt;span style=&quot;font-family:&amp;quot;Libre Baskerville&amp;quot;,serif&quot;&gt;&lt;span style=&quot;color:#000000&quot;&gt;&lt;em&gt;Wounded Book&amp;rsquo;&lt;/em&gt;&lt;/span&gt;&lt;/span&gt;&lt;/span&gt;&lt;span style=&quot;font-size:12pt&quot;&gt;&lt;span style=&quot;font-family:&amp;quot;Libre Baskerville&amp;quot;,serif&quot;&gt;&lt;span style=&quot;color:#000000&quot;&gt; at Vadehra Art Gallery, New Delhi (2019); &lt;/span&gt;&lt;/span&gt;&lt;/span&gt;&lt;span style=&quot;font-size:12pt&quot;&gt;&lt;span style=&quot;font-family:&amp;quot;Libre Baskerville&amp;quot;,serif&quot;&gt;&lt;span style=&quot;color:#000000&quot;&gt;&lt;em&gt;&amp;lsquo;In Between&amp;rsquo;&lt;/em&gt;&lt;/span&gt;&lt;/span&gt;&lt;/span&gt;&lt;span style=&quot;font-size:12pt&quot;&gt;&lt;span style=&quot;font-family:&amp;quot;Libre Baskerville&amp;quot;,serif&quot;&gt;&lt;span style=&quot;color:#000000&quot;&gt; at the Saskia Fernando Gallery, Colombo (2019) and &amp;lsquo;&lt;/span&gt;&lt;/span&gt;&lt;/span&gt;&lt;span style=&quot;font-size:12pt&quot;&gt;&lt;span style=&quot;font-family:&amp;quot;Libre Baskerville&amp;quot;,serif&quot;&gt;&lt;span style=&quot;color:#000000&quot;&gt;&lt;em&gt;Finding Space&amp;rsquo;&lt;/em&gt;&lt;/span&gt;&lt;/span&gt;&lt;/span&gt;&lt;span style=&quot;font-size:12pt&quot;&gt;&lt;span style=&quot;font-family:&amp;quot;Libre Baskerville&amp;quot;,serif&quot;&gt;&lt;span style=&quot;color:#000000&quot;&gt; at at the Saskia Fernando Gallery, Colombo (2017). His group presentations include &lt;/span&gt;&lt;/span&gt;&lt;/span&gt;&lt;span style=&quot;font-size:12pt&quot;&gt;&lt;span style=&quot;font-family:&amp;quot;Libre Baskerville&amp;quot;,serif&quot;&gt;&lt;span style=&quot;color:#000000&quot;&gt;&lt;em&gt;India Art Fair&lt;/em&gt;&lt;/span&gt;&lt;/span&gt;&lt;/span&gt;&lt;span style=&quot;font-size:12pt&quot;&gt;&lt;span style=&quot;font-family:&amp;quot;Libre Baskerville&amp;quot;,serif&quot;&gt;&lt;span style=&quot;color:#000000&quot;&gt; (2017-2020); 4th Jeju Art Exhibition, Korea (2020); &amp;lsquo;&lt;/span&gt;&lt;/span&gt;&lt;/span&gt;&lt;span style=&quot;font-size:12pt&quot;&gt;&lt;span style=&quot;font-family:&amp;quot;Libre Baskerville&amp;quot;,serif&quot;&gt;&lt;span style=&quot;color:#000000&quot;&gt;&lt;em&gt;The Days we Screamed&amp;rsquo;&lt;/em&gt;&lt;/span&gt;&lt;/span&gt;&lt;/span&gt;&lt;span style=&quot;font-size:12pt&quot;&gt;&lt;span style=&quot;font-family:&amp;quot;Libre Baskerville&amp;quot;,serif&quot;&gt;&lt;span style=&quot;color:#000000&quot;&gt; at Red Dot Art Gallery, Colombo (2019); &amp;lsquo;&lt;/span&gt;&lt;/span&gt;&lt;/span&gt;&lt;span style=&quot;font-size:12pt&quot;&gt;&lt;span style=&quot;font-family:&amp;quot;Libre Baskerville&amp;quot;,serif&quot;&gt;&lt;span style=&quot;color:#000000&quot;&gt;&lt;em&gt;K K Exhibition&lt;/em&gt;&lt;/span&gt;&lt;/span&gt;&lt;/span&gt;&lt;span style=&quot;font-size:12pt&quot;&gt;&lt;span style=&quot;font-family:&amp;quot;Libre Baskerville&amp;quot;,serif&quot;&gt;&lt;span style=&quot;color:#000000&quot;&gt;&amp;rsquo; at Fugentei Gallery, Kumamoto (2017); &lt;/span&gt;&lt;/span&gt;&lt;/span&gt;&lt;span style=&quot;font-size:12pt&quot;&gt;&lt;span style=&quot;font-family:&amp;quot;Libre Baskerville&amp;quot;,serif&quot;&gt;&lt;span style=&quot;color:#000000&quot;&gt;&lt;em&gt;&amp;lsquo;Reading Room&amp;rsquo;&lt;/em&gt;&lt;/span&gt;&lt;/span&gt;&lt;/span&gt;&lt;span style=&quot;font-size:12pt&quot;&gt;&lt;span style=&quot;font-family:&amp;quot;Libre Baskerville&amp;quot;,serif&quot;&gt;&lt;span style=&quot;color:#000000&quot;&gt; at The Winchester Gallery, Winchester (2016); and &lt;em&gt;&amp;lsquo;Making History-Colombo Art Biennale&amp;rsquo;&lt;/em&gt;, Colombo (2014). He is the recipient of two NOMA Awards in Japan and the award for illustration from Biennale Bratislava, Slovakia. He has also received the Bunka award for his exceptional conservation work at the Temple of the Tooth, Kandy. Kingsley lives and works between Colombo and Kandy, Sri Lanka.&lt;/span&gt;&lt;/span&gt;&lt;/span&gt;&lt;/p&gt;\r\n\r\n&lt;p&gt;&lt;br /&gt;\r\n&amp;nbsp;&lt;/p&gt;','&lt;p&gt;&lt;span style=&quot;font-size:12pt&quot;&gt;&lt;span style=&quot;font-family:&amp;quot;Libre Baskerville&amp;quot;,serif&quot;&gt;&lt;span style=&quot;color:#000000&quot;&gt;Recent Solo exhibitions:&lt;/span&gt;&lt;/span&gt;&lt;/span&gt;&lt;/p&gt;\r\n\r\n&lt;p&gt;&lt;span style=&quot;font-size:12pt&quot;&gt;&lt;span style=&quot;font-family:&amp;quot;Libre Baskerville&amp;quot;,serif&quot;&gt;&lt;span style=&quot;color:#000000&quot;&gt;&lt;em&gt;&amp;lsquo;Yen&amp;rsquo;&lt;/em&gt;&lt;/span&gt;&lt;/span&gt;&lt;/span&gt;&lt;span style=&quot;font-size:12pt&quot;&gt;&lt;span style=&quot;font-family:&amp;quot;Libre Baskerville&amp;quot;,serif&quot;&gt;&lt;span style=&quot;color:#000000&quot;&gt; at the Saskia Fernando Gallery, Colombo (2020)&lt;/span&gt;&lt;/span&gt;&lt;/span&gt;&lt;/p&gt;\r\n\r\n&lt;p&gt;&lt;span style=&quot;font-size:12pt&quot;&gt;&lt;span style=&quot;font-family:&amp;quot;Libre Baskerville&amp;quot;,serif&quot;&gt;&lt;span style=&quot;color:#000000&quot;&gt;&amp;lsquo;&lt;/span&gt;&lt;/span&gt;&lt;/span&gt;&lt;span style=&quot;font-size:12pt&quot;&gt;&lt;span style=&quot;font-family:&amp;quot;Libre Baskerville&amp;quot;,serif&quot;&gt;&lt;span style=&quot;color:#000000&quot;&gt;&lt;em&gt;Wounded Book&amp;rsquo;&lt;/em&gt;&lt;/span&gt;&lt;/span&gt;&lt;/span&gt;&lt;span style=&quot;font-size:12pt&quot;&gt;&lt;span style=&quot;font-family:&amp;quot;Libre Baskerville&amp;quot;,serif&quot;&gt;&lt;span style=&quot;color:#000000&quot;&gt; at Vadehra Art Gallery, New Delhi (2019)&lt;/span&gt;&lt;/span&gt;&lt;/span&gt;&lt;/p&gt;\r\n\r\n&lt;p&gt;&lt;span style=&quot;font-size:12pt&quot;&gt;&lt;span style=&quot;font-family:&amp;quot;Libre Baskerville&amp;quot;,serif&quot;&gt;&lt;span style=&quot;color:#000000&quot;&gt;&lt;em&gt;&amp;lsquo;In Between&amp;rsquo;&lt;/em&gt;&lt;/span&gt;&lt;/span&gt;&lt;/span&gt;&lt;span style=&quot;font-size:12pt&quot;&gt;&lt;span style=&quot;font-family:&amp;quot;Libre Baskerville&amp;quot;,serif&quot;&gt;&lt;span style=&quot;color:#000000&quot;&gt; at the Saskia Fernando Gallery, Colombo (2019) &lt;/span&gt;&lt;/span&gt;&lt;/span&gt;&lt;/p&gt;','n','a','2020-12-04 21:21:24','2020-12-05 12:00:05'),(6,'Madiha Sikander','artist_1607098514.jpeg','Madiha Sikander book art south Asian contemporary',3,'','','n','a','2020-12-04 21:45:14','2020-12-04 21:45:14'),(7,'Vipeksha Gupta','artist_1607241116.jpeg','Vipeksha Gupta, charcoal on paper, drawing',5,'','','n','a','2020-12-06 13:21:56','2020-12-06 13:21:56'),(8,'Visakh Menon','artist_1607263413.jpeg','Visakh Menon acrylic and paint markers on Fabriano paper',6,'','','n','a','2020-12-06 19:33:33','2020-12-06 19:33:33');
/*!40000 ALTER TABLE `artist_master` ENABLE KEYS */;
UNLOCK TABLES;

--
-- Table structure for table `artist_transaction`
--

DROP TABLE IF EXISTS `artist_transaction`;
/*!40101 SET @saved_cs_client     = @@character_set_client */;
/*!40101 SET character_set_client = utf8 */;
CREATE TABLE `artist_transaction` (
  `id` int(10) unsigned NOT NULL AUTO_INCREMENT,
  `artist_master_id` int(10) unsigned NOT NULL,
  `art_img` varchar(100) COLLATE utf8mb4_unicode_ci NOT NULL,
  `art_img_alt` varchar(100) COLLATE utf8mb4_unicode_ci DEFAULT NULL,
  `art_info` varchar(1000) COLLATE utf8mb4_unicode_ci DEFAULT NULL,
  `art_img_caption` varchar(1000) COLLATE utf8mb4_unicode_ci DEFAULT NULL,
  `art_img_ord` int(10) unsigned DEFAULT NULL,
  `vr_width` smallint(5) unsigned DEFAULT '100',
  `vr_wall_type` enum('brick','standard') COLLATE utf8mb4_unicode_ci NOT NULL DEFAULT 'standard',
  `vr_fur_type` enum('bench','chair','chair2','mobler_chair','madsens_chair','raffles_sofa','chesterfield_sofa','leathersofa','measure') COLLATE utf8mb4_unicode_ci NOT NULL DEFAULT 'chair',
  `vr_flr_type` enum('standard','wood') COLLATE utf8mb4_unicode_ci NOT NULL DEFAULT 'standard',
  `vr_img_ord` int(10) unsigned DEFAULT NULL,
  `view_on_wall` enum('y','n') COLLATE utf8mb4_unicode_ci NOT NULL DEFAULT 'y',
  `status` enum('a','i') COLLATE utf8mb4_unicode_ci NOT NULL DEFAULT 'a',
  `is_deleted` enum('y','n') COLLATE utf8mb4_unicode_ci NOT NULL DEFAULT 'n',
  `created_at` timestamp NOT NULL DEFAULT CURRENT_TIMESTAMP,
  `updated_at` timestamp NOT NULL DEFAULT CURRENT_TIMESTAMP ON UPDATE CURRENT_TIMESTAMP,
  PRIMARY KEY (`id`) USING BTREE,
  KEY `artist_master_id_artist_transaction` (`artist_master_id`) USING BTREE,
  CONSTRAINT `artist_master_id_artist_transaction` FOREIGN KEY (`artist_master_id`) REFERENCES `artist_master` (`id`) ON DELETE NO ACTION ON UPDATE NO ACTION
) ENGINE=InnoDB AUTO_INCREMENT=122 DEFAULT CHARSET=utf8mb4 COLLATE=utf8mb4_unicode_ci ROW_FORMAT=DYNAMIC;
/*!40101 SET character_set_client = @saved_cs_client */;

--
-- Dumping data for table `artist_transaction`
--

LOCK TABLES `artist_transaction` WRITE;
/*!40000 ALTER TABLE `artist_transaction` DISABLE KEYS */;
INSERT INTO `artist_transaction` VALUES (1,4,'artist_1606974917.jpeg','Arshi Irshad Ahmadzai artist contemporary','','&lt;p&gt;&lt;em&gt;Takhti from Kabul,&lt;/em&gt; 10.08.2020 (From the Blood Book), Ink on Majher Paath Fabric, 60 cm X 44 cm, 2020&lt;/p&gt;',1,44,'standard','mobler_chair','wood',1,'y','a','n','2020-12-03 11:25:17','2020-12-06 18:48:21'),(2,4,'artist_1607260817.jpeg','Arshi Irshad Ahmadzai artist contemporary','','&lt;p&gt;&lt;em&gt;Shahkaar E Zan&lt;/em&gt;, 20.02.2020 (From the Blood Book), Ink on Majher Paath, 45 cm X 40 cm, 2020&lt;/p&gt;',2,40,'standard','mobler_chair','wood',2,'y','a','n','2020-12-03 11:31:30','2020-12-06 18:55:41'),(3,4,'artist_1606975506.jpeg','Arshi Irshad Ahmadzai artist contemporary','','&lt;p&gt;&lt;em&gt;An Nisa&lt;/em&gt;, Natural colour on Muslin cloth and thread, 203 cm x&amp;nbsp;115 cm, 2019&lt;/p&gt;',7,115,'standard','mobler_chair','standard',7,'y','a','n','2020-12-03 11:35:06','2020-12-06 19:02:56'),(4,4,'artist_1606997433.jpeg','Arshi Irshad Ahmadzai artist contemporary','','&lt;p&gt;&lt;em&gt;Haya&lt;/em&gt;, 10.08.2020 (From the Blood Book), Flower Dye paste and Ink on Majher Paath fabric, 45 cm X 40 cm, 2020,&lt;/p&gt;',3,40,'standard','mobler_chair','wood',3,'y','a','n','2020-12-03 17:40:33','2020-12-06 18:56:00'),(5,4,'artist_1607081345.jpeg','','','',7,NULL,'standard','chair','standard',0,'y','a','y','2020-12-04 16:59:05','2020-12-04 21:08:48'),(6,4,'artist_1607088905.jpeg','Arshi Irshad Ahmadzai artist contemporary','','&lt;p&gt;&lt;em&gt;47 days, 08.06.2020 &lt;/em&gt;(From the Blood Book), Fullers Earth, Flower dye paste and ink on Majher Paath fabric,&lt;/p&gt;\r\n\r\n&lt;p&gt;39.5 cm x 30 cm, 2020&lt;/p&gt;',10,30,'standard','mobler_chair','wood',10,'y','a','n','2020-12-04 19:05:05','2020-12-06 19:03:55'),(7,4,'artist_1607089071.jpeg','Arshi Irshad Ahmadzai artist contemporary','','&lt;p&gt;&lt;em&gt;An Nisa&lt;/em&gt;, Natural colour on muslin cloth, 93 cm x 93 cm, 2019&lt;/p&gt;',5,93,'standard','mobler_chair','wood',5,'y','a','n','2020-12-04 19:07:51','2020-12-06 19:02:22'),(8,4,'artist_1607089302.png','Arshi Irshad Ahmadzai artist contemporary','','&lt;p&gt;&lt;em&gt;An Nisa&lt;/em&gt;, Natural Colour on muslin cloth, 152.5 cm x 119 cm, 2019&lt;/p&gt;',8,119,'standard','mobler_chair','wood',8,'y','a','n','2020-12-04 19:11:42','2020-12-06 19:03:15'),(9,4,'artist_1607089582.jpeg','Arshi Irshad Ahmadzai artist contemporary','','&lt;p&gt;&lt;em&gt;April 3rd - April is the Cruelest month,&lt;/em&gt; Ink on Majher Paath Fabric, 40 cm X 45 cm, 2020&lt;/p&gt;',6,45,'standard','mobler_chair','wood',6,'y','a','n','2020-12-04 19:16:22','2020-12-06 18:57:01'),(10,4,'artist_1607089778.jpeg','Arshi Irshad Ahmadzai artist contemporary','','&lt;p&gt;&lt;em&gt;April 28th - Takhti aur Kursi ki baat&lt;/em&gt;, Ink on Majher Paath Fabric, 40 cm x 45cm, 2020&lt;/p&gt;',4,45,'standard','mobler_chair','wood',4,'y','a','n','2020-12-04 19:19:38','2020-12-06 18:56:23'),(11,4,'artist_1607089904.jpeg','Arshi Irshad Ahmadzai artist contemporary','','&lt;p&gt;&lt;em&gt;May 5th - Ek Sawal,&lt;/em&gt; Flower dye paste and ink on Majher Paath Fabric, 45 cm x 40 cm, 2020&lt;/p&gt;',11,40,'standard','mobler_chair','standard',11,'y','a','n','2020-12-04 19:21:44','2020-12-06 19:04:14'),(12,4,'artist_1607090154.jpeg','Arshi Irshad Ahmadzai artist contemporary','','&lt;p&gt;&lt;em&gt;May 7th - Ek Baat!&lt;/em&gt;, Flower dye paste and ink on Majher Paath Fabric, 45 cm x 40 cm, 2020&lt;/p&gt;',12,40,'standard','mobler_chair','wood',12,'y','a','n','2020-12-04 19:25:54','2020-12-06 19:04:29'),(13,4,'artist_1607090306.jpeg','Arshi Irshad Ahmadzai artist contemporary','','&lt;p&gt;&lt;em&gt;May 8th - 180 Din,&lt;/em&gt; Fullers earth and ink on Majher Paath Fabric, 45 cm x 40 cm, 2020&lt;/p&gt;',13,40,'standard','mobler_chair','wood',13,'y','a','n','2020-12-04 19:28:26','2020-12-06 19:04:46'),(14,4,'artist_1607090398.jpeg','Arshi Irshad Ahmadzai artist contemporary','','&lt;p&gt;&lt;em&gt;May 8th - Nai Khabar&lt;/em&gt;, Flower dye paste and ink on Majher Paath Fabric, 45 cm x 40 cm, 2020&lt;/p&gt;',14,40,'standard','mobler_chair','wood',14,'y','a','n','2020-12-04 19:29:58','2020-12-06 19:05:06'),(15,4,'artist_1607090537.jpeg','Arshi Irshad Ahmadzai artist contemporary','','&lt;p&gt;&lt;em&gt;May 13th - Siyaah Siyaahi&lt;/em&gt;, Flower dye paste, Fullers earth and ink on Majher Paath, 38 cm x 30 cm, 2020&lt;/p&gt;',9,30,'standard','mobler_chair','wood',9,'y','a','n','2020-12-04 19:32:17','2020-12-06 19:03:28'),(16,4,'artist_1607090697.jpeg','Arshi Irshad Ahmadzai artist contemporary','','&lt;p&gt;&lt;em&gt;May 18th - Raag-Bhairav&lt;/em&gt;, Flower dye paste and ink on Majher Paath Fabric, 45 cm x 40 cm, 2020&lt;/p&gt;',15,40,'standard','mobler_chair','wood',15,'y','a','n','2020-12-04 19:34:57','2020-12-06 19:05:20'),(17,4,'artist_1607090779.jpeg','Arshi Irshad Ahmadzai artist contemporary','','&lt;p&gt;&lt;em&gt;May 19th - Khwaab&lt;/em&gt;, Flower dye paste, Fullers earth and ink on Majher Paath Fabric, 45 cm x 40 cm, 2020&lt;/p&gt;',16,40,'standard','mobler_chair','wood',16,'y','a','n','2020-12-04 19:36:19','2020-12-06 19:00:55'),(18,4,'artist_1607090927.jpeg','Arshi Irshad Ahmadzai artist contemporary','','&lt;p&gt;&lt;em&gt;Paanch Patti Ka Ghulab Aur Mumtaz Mahal, 11.08.2020&lt;/em&gt; (From the Blood Book), Ink on Majher Paath Fabric,&lt;/p&gt;\r\n\r\n&lt;p&gt;45 cm x 40 cm, 2020&lt;/p&gt;',17,40,'standard','mobler_chair','wood',17,'y','a','n','2020-12-04 19:38:47','2020-12-06 19:01:43'),(19,5,'artist_1607097298.jpeg','Kinglsey Gunatillake book art  contemporary south asian','','&lt;p&gt;&lt;em&gt;Book of Violence&lt;/em&gt;, Used Book and charcoal, 20.5 cm x 14 cm x 2 cm, 2016&lt;/p&gt;',1,0,'standard','bench','wood',0,'n','a','n','2020-12-04 21:24:58','2020-12-06 19:05:59'),(20,5,'artist_1607097453.jpeg','Kinglsey Gunatillake book art  contemporary south asian','','&lt;p&gt;&lt;em&gt;Bullet Book&lt;/em&gt;, Used Book and charcoal, 19 cm x 26 x 1.5 cm, 2019&lt;/p&gt;',2,26,'standard','bench','wood',0,'n','a','n','2020-12-04 21:27:33','2020-12-06 19:06:12'),(21,5,'artist_1607097579.jpeg','Kinglsey Gunatillake book art  contemporary south asian','','&lt;p&gt;&lt;em&gt;Democracy 2&lt;/em&gt;, Used Books, Padlocks, 26 cm x 15 cm x 1.5 cm, 2019&lt;/p&gt;',3,15,'standard','bench','wood',0,'n','a','n','2020-12-04 21:29:39','2020-12-06 19:06:25'),(22,5,'artist_1607097658.jpeg','Kinglsey Gunatillake book art  contemporary south asian','','&lt;p&gt;&lt;em&gt;Encyclopedia&lt;/em&gt;, Used book and Metal, 27 cm x 20 cm x 2.5 cm, 2013&lt;/p&gt;',4,20,'standard','bench','wood',0,'n','a','n','2020-12-04 21:30:58','2020-12-06 19:06:37'),(23,5,'artist_1607097707.jpeg','Kinglsey Gunatillake book art  contemporary south asian','','&lt;p&gt;&lt;em&gt;Face&lt;/em&gt;, Laser cut used Book, 18 cm x 24.5 cm x 2 cm, 2019&lt;/p&gt;',5,25,'standard','bench','wood',0,'n','a','n','2020-12-04 21:31:47','2020-12-06 19:06:48'),(24,5,'artist_1607097794.jpeg','Kinglsey Gunatillake book art  contemporary south asian','','&lt;p&gt;&lt;em&gt;Nail on Book&lt;/em&gt;, Used Book and Nails, 19 cm x 24.5 cm x 3 cm, 2018&lt;/p&gt;',6,25,'standard','bench','wood',0,'n','a','n','2020-12-04 21:33:14','2020-12-06 19:07:03'),(25,5,'artist_1607097858.jpeg','Kinglsey Gunatillake book art  contemporary south asian','','&lt;p&gt;&lt;em&gt;Security Checked&lt;/em&gt;, Used books and labels, 26 cm x 20 cm x 1.5 cm, 2013&lt;/p&gt;',7,20,'standard','bench','wood',0,'n','a','n','2020-12-04 21:34:18','2020-12-06 19:07:25'),(26,5,'artist_1607097910.jpeg','Kinglsey Gunatillake book art  contemporary south asian','','&lt;p&gt;&lt;em&gt;War Text&lt;/em&gt;, Used Books and toy Soldiers, 21.5 cm x 29.5 cm x 2 cm&lt;/p&gt;',8,30,'standard','bench','wood',0,'n','a','n','2020-12-04 21:35:10','2020-12-06 19:07:38'),(27,5,'artist_1607097959.jpeg','Kinglsey Gunatillake book art  contemporary south asian','','&lt;p&gt;&lt;em&gt;War Text&lt;/em&gt;, Used books and toy soldiers, 21.6 cm x 29.2 cm x 2.5 cm, 2019&lt;/p&gt;',9,29,'standard','bench','wood',0,'n','a','n','2020-12-04 21:35:59','2020-12-06 19:07:54'),(28,5,'artist_1607098027.jpeg','Kinglsey Gunatillake book art  contemporary south asian','','&lt;p&gt;&lt;em&gt;War Text&lt;/em&gt;, Used Books and Toy Soldiers, 22 cm x 30 cm x 3.5 cm, 2015&lt;/p&gt;',10,30,'standard','bench','wood',0,'n','a','n','2020-12-04 21:37:07','2020-12-06 19:08:10'),(29,5,'artist_1607098069.jpeg','Kinglsey Gunatillake book art  contemporary south asian','','&lt;p&gt;&lt;em&gt;War Text&lt;/em&gt;, Used Books and Toy Soldiers, 22 cm x 30 cm x 3.5 cm, 2015&lt;/p&gt;',11,30,'standard','bench','wood',0,'n','a','n','2020-12-04 21:37:49','2020-12-06 19:08:31'),(30,5,'artist_1607098150.jpeg','Kinglsey Gunatillake book art  contemporary south asian','','&lt;p&gt;&lt;em&gt;In Between&lt;/em&gt;, Acrylic on paper, 101 cm x&amp;nbsp;76 cm, 2018&lt;/p&gt;',12,76,'standard','mobler_chair','wood',1,'y','a','n','2020-12-04 21:39:10','2020-12-06 19:09:35'),(31,5,'artist_1607098202.jpeg','Kinglsey Gunatillake book art  contemporary south asian','','&lt;p&gt;&lt;em&gt;In Between,&lt;/em&gt; Acrylic on paper, 101 cm x&amp;nbsp;76 cm, 2018&lt;/p&gt;',13,76,'standard','mobler_chair','wood',2,'y','a','n','2020-12-04 21:40:02','2020-12-06 19:09:22'),(32,5,'artist_1607098232.jpeg','Kinglsey Gunatillake book art  contemporary south asian','','&lt;p&gt;&lt;em&gt;In Between&lt;/em&gt;, Acrylic on paper, 101 cm x&amp;nbsp;76 cm, 2018&lt;/p&gt;',14,76,'standard','mobler_chair','wood',3,'y','a','n','2020-12-04 21:40:32','2020-12-06 19:09:53'),(33,5,'artist_1607098258.jpeg','Kinglsey Gunatillake book art  contemporary south asian','','&lt;p&gt;&lt;em&gt;In Between&lt;/em&gt;, Acrylic on paper, 101 cm x&amp;nbsp;76 cm, 2018&lt;/p&gt;',15,76,'standard','mobler_chair','wood',4,'y','a','n','2020-12-04 21:40:58','2020-12-06 19:10:07'),(34,6,'artist_1607098605.jpeg','Madiha Sikander book art south Asian contemporary','','&lt;p&gt;&lt;em&gt;The Storyteller&lt;/em&gt;, Siyah Qalam and gold leaf on Wasli, 25 cm x 17.5 cm&lt;/p&gt;',2,18,'standard','bench','wood',0,'n','a','n','2020-12-04 21:46:45','2020-12-06 19:10:55'),(35,6,'artist_1607099043.jpeg','Madiha Sikander book art south Asian contemporary','','&lt;p&gt;&lt;em&gt;Home Away from Home&lt;/em&gt;, Gadrung on paper, 17.5 cm x 12.5 cm, 2015&lt;/p&gt;',1,13,'standard','bench','wood',0,'n','a','n','2020-12-04 21:54:03','2020-12-06 19:10:33'),(36,6,'artist_1607099365.jpeg','Madiha Sikander book art south Asian contemporary','','&lt;p&gt;&lt;em&gt;Inconvenient Truth II&lt;/em&gt;, Gadrung on paper, 22.5 cm x 32 cm, 2015&lt;/p&gt;',3,32,'standard','bench','wood',0,'n','a','n','2020-12-04 21:59:25','2020-12-06 19:11:12'),(37,6,'artist_1607099416.jpeg','Madiha Sikander book art south Asian contemporary','','&lt;p&gt;&lt;em&gt;Inconvenient Truth I,&lt;/em&gt; Gadrung on paper, 22.5 cm x 32 cm, 2015&lt;/p&gt;',4,32,'standard','bench','wood',0,'n','a','n','2020-12-04 22:00:16','2020-12-06 19:11:31'),(38,6,'artist_1607099880.jpeg','Madiha Sikander book art south Asian contemporary','','&lt;p&gt;&lt;em&gt;Majmua&lt;/em&gt;, monofilament, cloves, glass and metal beads, variable, 2017-18&lt;/p&gt;',5,75,'standard','bench','wood',1,'y','a','n','2020-12-04 22:08:00','2020-12-06 19:11:52'),(39,2,'artist_1607171873.jpeg','Mahbubur Rahman , Sounds from Nowhere, stainless steel','','Sounds from nowhere - 8, Stainless steel, surgical scissors, 12.5 cm x 79 cm x 16 cm (head) &amp; 25 cm (tail), 2015',1,NULL,'brick','chair','standard',0,'y','a','y','2020-12-05 18:07:53','2020-12-05 18:09:01'),(40,2,'artist_1607172045.jpeg','Mahbubur Rahman , Sounds from Nowhere, stainless steel','&lt;p&gt;,&lt;/p&gt;','Sounds from nowhere - 8, Stainless steel &amp; surgical scissors, 12.5 cm x 79 cm x 16 cm (head) &amp; 25 cm (tail), 2015',1,NULL,'standard','chair','standard',0,'y','a','y','2020-12-05 18:10:45','2020-12-05 18:11:11'),(41,2,'artist_1607172117.jpeg','Mahbubur Rahman , Sounds from Nowhere, stainless steel','','&lt;p&gt;&lt;em&gt;Sounds from nowhere - 8&lt;/em&gt;, Stainless steel &amp;amp; surgical scissors, 12.5 cm x 79 cm x 16 cm (head) and 25 cm (tail), 2015&lt;/p&gt;',1,100,'standard','chair','standard',1,'n','a','n','2020-12-05 18:11:57','2020-12-06 19:13:59'),(42,2,'artist_1607173141.jpeg','Mahbubur Rahman , Learner, charcoal drawing','','&lt;p&gt;&lt;em&gt;Learner&lt;/em&gt;, charcoal on paper, 100 cm x 70 cm, 2016&lt;/p&gt;',2,70,'standard','mobler_chair','wood',1,'y','a','n','2020-12-05 18:29:01','2020-12-06 19:14:27'),(43,2,'artist_1607173197.jpeg','Mahbubur Rahman , Learner, charcoal drawing','','&lt;p&gt;&lt;em&gt;Learner II&lt;/em&gt;, charcoal on paper, 100 cm x 70 cm, 2016&lt;/p&gt;',3,70,'standard','mobler_chair','wood',2,'y','a','n','2020-12-05 18:29:57','2020-12-06 19:14:49'),(44,2,'artist_1607173398.jpeg','Mahbubur Rahman , Absence, charcoal drawing','','&lt;p&gt;&lt;em&gt;Absence&lt;/em&gt;, charcoal on paper, 100 cm x 70 cm, 2015&lt;/p&gt;',4,70,'standard','mobler_chair','wood',3,'y','a','n','2020-12-05 18:33:18','2020-12-06 19:15:07'),(45,2,'artist_1607173526.jpeg','Mahbubur Rahman , Landing, charcoal drawing','','&lt;p&gt;&lt;em&gt;Landing - 4&lt;/em&gt;, Charcoal, acrylic and digital print on paper, 146 cm x 93 cm, 2009&lt;/p&gt;',5,93,'standard','mobler_chair','wood',4,'y','a','n','2020-12-05 18:35:26','2020-12-06 19:15:27'),(46,2,'artist_1607173673.jpeg','Mahbubur Rahman ,  charcoal drawing and digital print','','&lt;p&gt;&lt;em&gt;What was really happening there?,&lt;/em&gt; Charcoal on paper, 100 cm x 70 cm, 2015&lt;/p&gt;',6,70,'standard','mobler_chair','wood',5,'y','a','n','2020-12-05 18:37:53','2020-12-06 19:16:03'),(47,2,'artist_1607173791.jpeg','Mahbubur Rahman , Burning Violin, stainless steel','','&lt;p&gt;&lt;em&gt;Burning Violin&lt;/em&gt;, Stainless steel, 60 cm x 10 cm x 25 cm, 2018 (AP + 1)&lt;/p&gt;',7,NULL,'standard','chair','standard',0,'n','a','n','2020-12-05 18:39:51','2020-12-06 19:16:41'),(48,2,'artist_1607174016.jpeg','Mahbubur Rahman , Rest Room, surgical scissors','','&lt;p&gt;&lt;em&gt;Rest Room&lt;/em&gt;, Stainless steel, 105 cm x 27.5 cm x 55 cm, 2018 (AP + 1)&lt;/p&gt;',8,70,'standard','bench','wood',7,'n','a','n','2020-12-05 18:43:36','2020-12-06 19:17:09'),(49,2,'artist_1607174312.jpeg','Mahbubur Rahmna, Surgical scissors, sculpture','','&lt;p&gt;&lt;em&gt;My Cello&lt;/em&gt;, Stainless steel and surgical scissors, 175 cm x 75 cm x 90 cm, 2018, (AP + 1)&lt;/p&gt;',9,0,'standard','chair','standard',0,'n','a','n','2020-12-05 18:48:32','2020-12-06 19:17:33'),(50,2,'artist_1607174507.jpeg','Mahbubur Rahman ,Man with gas mask, stainless steel','','&lt;p&gt;&lt;em&gt;Man with Gas Mask&lt;/em&gt;, Stainless steel, 35 cm x 30 cm x 35 cm (AP + 5)&lt;/p&gt;',9,NULL,'standard','chair','standard',0,'n','a','n','2020-12-05 18:51:47','2020-12-06 19:18:00'),(51,2,'artist_1607174618.jpeg','Mahbubur Rahman , India  Gate, stainless steel','','&lt;p&gt;&lt;em&gt;India Gate&lt;/em&gt;, Stainless steel, 35 cm x 20 cm x 30 cm, 2018, (AP + 5)&lt;/p&gt;',10,NULL,'standard','chair','standard',0,'n','a','n','2020-12-05 18:53:38','2020-12-06 19:18:18'),(52,2,'artist_1607174822.png','Mahbubur Rahman, leather , surgical scissors, Lonely King','','&lt;p&gt;&lt;em&gt;Lonely King&lt;/em&gt;, Stainless steel, surgical scissors &amp;amp; leather, 67.5 cm x 60 cm x 69 cm, 2016&lt;/p&gt;',11,NULL,'standard','chair','standard',0,'n','a','n','2020-12-05 18:57:02','2020-12-06 19:18:35'),(53,2,'artist_1607174886.jpeg','Mahbubur Rahman, leather , surgical scissors, Lonely King','','&lt;p&gt;&lt;em&gt;Lonely King&lt;/em&gt;, Stainless steel, surgical scissors &amp;amp; leather, 67.5 cm x 60 cm x 69 cm, 2016&lt;/p&gt;',12,NULL,'standard','chair','standard',0,'n','a','n','2020-12-05 18:58:06','2020-12-06 19:18:55'),(54,2,'artist_1607175001.jpeg','Mabubur Rahman, stainless steel, transformation','','&lt;p&gt;&lt;em&gt;Transformation&lt;/em&gt;, Stainless steel, 600 cm x 150 x 125 cm, 2018 (AP + 1)&lt;/p&gt;',13,NULL,'standard','chair','standard',0,'n','a','n','2020-12-05 19:00:01','2020-12-06 19:19:37'),(55,2,'artist_1607176506.jpeg','Mahbubur Rahman , Lonely King, digital print','','&lt;p&gt;&lt;em&gt;Lonely King&lt;/em&gt;, Digital print, 75 cm x 50 cm, 2018 (AP + 5)&lt;/p&gt;',15,50,'standard','mobler_chair','wood',8,'y','a','n','2020-12-05 19:25:06','2020-12-06 19:21:34'),(56,2,'artist_1607176551.jpeg','Mahbubur Rahman , Lonely King, digital print','','&lt;p&gt;&lt;em&gt;Lonely King&lt;/em&gt;, Digital print, 75 cm x 50 cm, 2018 (AP + 5)&lt;/p&gt;',15,50,'standard','mobler_chair','wood',9,'y','a','n','2020-12-05 19:25:51','2020-12-06 19:21:55'),(57,2,'artist_1607176770.jpeg','Mahbubur Rahman , Dislocation, drawing and digital print','','&lt;p&gt;&lt;em&gt;Dislocation&lt;/em&gt;, Iron ink drawing &amp;amp; gold leaf on digital print, 67.5 cm x 42.5 cm, 2018 (AP + 11)&lt;/p&gt;',16,43,'standard','mobler_chair','wood',10,'y','a','n','2020-12-05 19:29:30','2020-12-06 19:22:17'),(58,2,'artist_1607176830.jpeg','Mahbubur Rahman ,  Dislocation,  drawing and digital print','','&lt;p&gt;&lt;em&gt;Dislocation&lt;/em&gt;, Iron ink drawing &amp;amp; gold leaf on digital print, 67.5 cm x 42.5 cm, 2018 (AP + 11)&lt;/p&gt;',16,42,'standard','mobler_chair','wood',11,'y','a','n','2020-12-05 19:30:30','2020-12-06 19:22:53'),(59,2,'artist_1607176873.jpeg','Mahbubur Rahman ,  Dislocation,  drawing and digital print','','&lt;p&gt;&lt;em&gt;Dislocation&lt;/em&gt;, Iron ink drawing &amp;amp; gold leaf on digital print, 67.5 cm x 42.5 cm, 2018 (AP +&amp;nbsp;11)&lt;/p&gt;',17,42,'standard','mobler_chair','wood',12,'y','a','n','2020-12-05 19:31:13','2020-12-06 19:23:34'),(60,2,'artist_1607176912.jpeg','Mahbubur Rahman ,  Dislocation,  drawing and digital print','','&lt;p&gt;&lt;em&gt;Dislocation&lt;/em&gt;, Iron ink drawing &amp;amp; gold leaf on digital print, 67.5 cm x 42.5 cm, 2018 (AP + 11)&lt;/p&gt;',18,42,'standard','mobler_chair','wood',13,'y','a','n','2020-12-05 19:31:52','2020-12-06 19:24:29'),(61,2,'artist_1607177229.jpeg','Mahbubur Rahman ,  Empty Heart,  Brass, Crystal &amp; Gold leaf','','&lt;p&gt;&lt;em&gt;Empty Heart&lt;/em&gt;, Brass, Crystal &amp;amp; Gold leaf, 34 cm x 20 cm x 24cm (AP + 3)&lt;/p&gt;',19,0,'standard','bench','wood',0,'n','a','n','2020-12-05 19:37:09','2020-12-06 19:25:06'),(62,2,'artist_1607177346.jpeg','Mahbubur Rahman, Absent, brass &amp; crystal &amp; gold leaf','','&lt;p&gt;&lt;em&gt;Absent&lt;/em&gt;, Brass, Crystal &amp;amp; Gold leaf, 26 cm x 20 cm x 12.5 cm (AP + 3)&lt;/p&gt;',20,0,'standard','bench','wood',0,'n','a','n','2020-12-05 19:39:06','2020-12-06 19:25:39'),(63,2,'artist_1607177537.jpeg','Mahbubur Rahman , Gateway, stainless steel','','&lt;p&gt;&lt;em&gt;Gateway&lt;/em&gt;, Stainless steelm 55 cm x 20 cm x 40 cm, 2019 (AP + 3)&lt;/p&gt;',21,0,'standard','bench','wood',0,'n','a','n','2020-12-05 19:42:17','2020-12-06 19:25:58'),(64,2,'artist_1607177760.jpeg','Mahbubur Rahman , stainless steel','','&lt;p&gt;&lt;em&gt;Emptiness&lt;/em&gt;, Stainless steel &amp;amp; fibre glass, 50 cm x 32.5 cm x 75 cm, 2019 (Unique)&lt;/p&gt;',22,0,'standard','mobler_chair','wood',0,'n','a','y','2020-12-05 19:46:01','2020-12-09 22:44:39'),(65,2,'artist_1607218309.jpeg','','','&lt;p&gt;some tet&lt;/p&gt;',3,100,'standard','chair','standard',NULL,'n','a','y','2020-12-06 07:01:49','2020-12-06 07:01:57'),(66,7,'artist_1607241209.jpeg','Vipeksha Gupta, pencil on paper, drawing','','&lt;p&gt;&lt;em&gt;Renunciation&lt;/em&gt;, 37.5 cm x 50 cm, pencil on paper,&amp;nbsp;2019&lt;/p&gt;',1,50,'standard','mobler_chair','wood',1,'y','a','n','2020-12-06 13:23:29','2020-12-06 13:23:29'),(67,7,'artist_1607241319.jpeg','Vipeksha Gupta, pencil on paper, drawing','','&lt;p&gt;&lt;em&gt;Panchsheell,&amp;nbsp;&lt;/em&gt;37.5 cm x 50 cm, pencil on paper,&amp;nbsp;2019&lt;/p&gt;',2,50,'standard','mobler_chair','wood',2,'y','a','n','2020-12-06 13:25:19','2020-12-06 13:25:19'),(68,7,'artist_1607241474.jpeg','Vipeksha Gupta, pencil on paper, drawing','','&lt;p&gt;&lt;em&gt;Samadhi&lt;/em&gt;, pencil on paper, 37.5 cm x 50 cm, 2019&lt;/p&gt;',3,50,'standard','mobler_chair','wood',3,'y','a','n','2020-12-06 13:27:54','2020-12-06 13:27:54'),(69,7,'artist_1607241539.jpeg','Vipeksha Gupta, pencil on paper, drawing','','&lt;p&gt;&lt;em&gt;Panna&lt;/em&gt;, pencil on paper, 37.5 cm x 50 cm, 2019&lt;/p&gt;',4,50,'standard','mobler_chair','wood',4,'y','a','n','2020-12-06 13:28:59','2020-12-06 13:28:59'),(70,7,'artist_1607241653.jpeg','Vipeksha Gupta, pencil on paper, drawing','&lt;p&gt;Oscillation, Solo Show by Vipelsha Gupta&lt;/p&gt;\r\n\r\n&lt;p&gt;28&lt;sup&gt;th&lt;/sup&gt;&amp;nbsp;January&lt;/p&gt;','&lt;p&gt;&lt;em&gt;Tolerance&lt;/em&gt;, pencil on paper, 37.5 cm x 50 cm, 2019&lt;/p&gt;',5,50,'standard','mobler_chair','wood',5,'y','a','n','2020-12-06 13:30:54','2020-12-06 13:30:54'),(71,7,'artist_1607241733.jpeg','','','&lt;p&gt;&lt;em&gt;Adhishthaana&lt;/em&gt;, pencil on paper, 37.5 cm x 50 cm, 2019&lt;/p&gt;',6,50,'standard','mobler_chair','wood',6,'y','a','n','2020-12-06 13:32:13','2020-12-06 13:32:13'),(72,7,'artist_1607241832.jpeg','Vipeksha Gupta, pencil on paper, drawing','','&lt;p&gt;&lt;em&gt;Truth&lt;/em&gt;, pencil on paper, 37.5 cm x 50 cm, 2019&lt;/p&gt;',7,50,'standard','mobler_chair','wood',7,'y','a','n','2020-12-06 13:33:52','2020-12-06 13:33:52'),(73,7,'artist_1607241890.jpeg','','','&lt;p&gt;&lt;em&gt;Equanimity&lt;/em&gt;, pencil on paper, 37.5 cm x 50 cm, 2019&lt;/p&gt;',8,50,'standard','mobler_chair','wood',8,'y','a','n','2020-12-06 13:34:50','2020-12-06 13:34:50'),(74,7,'artist_1607241946.jpeg','Vipeksha Gupta, pencil on paper, drawing','','&lt;p&gt;&lt;em&gt;Metta&lt;/em&gt;, pencil on paper, 37.5 cm x 50 cm, 2019&lt;/p&gt;',9,50,'standard','mobler_chair','wood',9,'y','a','n','2020-12-06 13:35:46','2020-12-06 13:35:46'),(75,7,'artist_1607241986.jpeg','Vipeksha Gupta, pencil on paper, drawing','','&lt;p&gt;&lt;em&gt;Daana&lt;/em&gt;, pencil on paper, 37.5 cm x 50 cm, 2019&lt;/p&gt;',10,50,'standard','mobler_chair','wood',10,'y','a','n','2020-12-06 13:36:26','2020-12-06 13:36:26'),(76,7,'artist_1607242193.jpeg','Vipeksha Gupta, pencil on paper, drawing','','&lt;p&gt;&lt;em&gt;Samadhi series&lt;/em&gt;, pencil on paper, 110 cm x 85 cm, 2019&lt;/p&gt;',11,85,'standard','mobler_chair','wood',11,'y','a','n','2020-12-06 13:39:53','2020-12-06 13:39:53'),(77,7,'artist_1607242293.jpeg','Vipeksha Gupta, pencil on paper, drawing','','&lt;p&gt;&lt;em&gt;Samadhi series&lt;/em&gt;, pencil on paper, 110 cm x 85 cm, 2019&lt;/p&gt;',12,85,'standard','mobler_chair','wood',12,'y','a','n','2020-12-06 13:41:33','2020-12-06 13:41:33'),(78,7,'artist_1607260371.jpeg','Vipeksha Gupta, pencil on paper, drawing','','&lt;p&gt;&lt;em&gt;Samadhi series&lt;/em&gt;, pencil on paper, 110 cm x 85 cm, 2019&lt;/p&gt;',13,85,'standard','mobler_chair','wood',13,'y','a','n','2020-12-06 18:42:51','2020-12-06 18:42:51'),(79,7,'artist_1607260420.jpeg','Vipeksha Gupta, pencil on paper, drawing','','&lt;p&gt;&lt;em&gt;Samadhi series&lt;/em&gt;, pencil on paper, 110 cm x 85 cm, 2019&lt;/p&gt;',14,85,'standard','mobler_chair','wood',14,'y','a','n','2020-12-06 18:43:40','2020-12-06 18:43:40'),(80,7,'artist_1607260481.jpeg','Vipeksha Gupta, pencil on paper, drawing','','&lt;p&gt;&lt;em&gt;Vedana&lt;/em&gt;, pencil on paper, 45 cm x 45 cm, 2020&lt;/p&gt;',15,45,'standard','mobler_chair','wood',15,'y','a','n','2020-12-06 18:44:41','2020-12-06 18:44:41'),(81,7,'artist_1607260513.jpeg','Vipeksha Gupta, pencil on paper, drawing','','&lt;p&gt;&lt;em&gt;Vedana series&lt;/em&gt;, pencil on paper, 110 cm x 85 cm, 2019&lt;/p&gt;',16,85,'standard','mobler_chair','wood',16,'y','a','n','2020-12-06 18:45:13','2020-12-06 18:45:13'),(82,8,'artist_1607263808.jpeg','Visakh Menon acrylic and paint markers on Fabriano paper','','&lt;p&gt;&lt;em&gt;Interference- 11F&lt;/em&gt;, Acrylic and paint markers on Fabriano 140lb watercolour paper, 61 cm x&amp;nbsp;45.7 cm, 2020&lt;/p&gt;',1,46,'standard','mobler_chair','wood',1,'y','a','n','2020-12-06 19:40:08','2020-12-06 19:40:08'),(83,8,'artist_1607263856.jpeg','Visakh Menon acrylic and paint markers on Fabriano paper','','&lt;p&gt;&lt;em&gt;Interference- 11F&lt;/em&gt;, Acrylic and paint markers on Fabriano 140lb watercolour paper, 61 cm x&amp;nbsp;45.7 cm, 2020&lt;/p&gt;',2,46,'standard','mobler_chair','wood',2,'y','a','n','2020-12-06 19:40:56','2020-12-06 19:40:56'),(84,8,'artist_1607263927.jpeg','Visakh Menon acrylic and paint markers on Fabriano paper','','&lt;p&gt;&lt;em&gt;Interference- 11N&lt;/em&gt;, Acrylic and paint markers on Fabriano 140lb watercolour paper, 61 cm x&amp;nbsp;45.7 cm, 2020&lt;/p&gt;',3,46,'standard','chair','wood',3,'y','a','n','2020-12-06 19:42:07','2020-12-06 19:42:07'),(85,8,'artist_1607263968.jpeg','Visakh Menon acrylic and paint markers on Fabriano paper','','&lt;p&gt;&lt;em&gt;Interference- 11O&lt;/em&gt;, Acrylic and paint markers on Fabriano 140lb watercolour paper, 61 cm x&amp;nbsp;45.7 cm, 2020&lt;/p&gt;',4,46,'standard','mobler_chair','wood',4,'y','a','n','2020-12-06 19:42:48','2020-12-06 19:42:48'),(86,8,'artist_1607264031.jpeg','Visakh Menon acrylic and paint markers on Fabriano paper','','&lt;p&gt;&lt;em&gt;Interference- 13F&lt;/em&gt;, Ink, Watercolours and markers on Fabriano 140lb paper, 61 cm x&amp;nbsp;45.7 cm, 2020&lt;/p&gt;',5,46,'standard','mobler_chair','wood',5,'y','a','n','2020-12-06 19:43:51','2020-12-06 19:43:51'),(87,8,'artist_1607264147.jpeg','Visakh Menon ink on Fabriano paper','','&lt;p&gt;&lt;em&gt;Node 1A&lt;/em&gt;, Ink on paper, 76.2 cm x&amp;nbsp;55.9 cm, 2018&lt;/p&gt;',6,56,'standard','mobler_chair','wood',6,'y','a','n','2020-12-06 19:45:47','2020-12-06 19:45:47'),(88,8,'artist_1607264202.jpeg','Visakh Menon ink on Fabriano paper','','&lt;p&gt;&lt;em&gt;Node 1B&lt;/em&gt;, Ink on paper, 76.2 cm x&amp;nbsp;55.9 cm, 2018&lt;/p&gt;',7,56,'standard','mobler_chair','wood',7,'y','a','n','2020-12-06 19:46:42','2020-12-06 19:46:42'),(89,8,'artist_1607264317.jpeg','Visakh Menon Clear Tape, Chalk and pastels on Fabriano paper','','&lt;p&gt;&lt;em&gt;Signal-2&lt;/em&gt;, Clear Tape, Chalk and pastels, 76.2 cm x&amp;nbsp;56.9 cm, 2014&lt;/p&gt;',8,58,'standard','mobler_chair','wood',8,'y','a','n','2020-12-06 19:48:37','2020-12-06 19:48:37'),(90,8,'artist_1607264428.jpeg','Visakh Menon Clear Tape, Chalk and pastels on Fabriano paper','','&lt;p&gt;&lt;em&gt;Signal-3&lt;/em&gt;, Clear Tape, Chalk and pastels, 76.2&amp;nbsp;cm x&amp;nbsp;56.9 cm, 2014&lt;/p&gt;',9,57,'standard','mobler_chair','wood',9,'y','a','n','2020-12-06 19:50:28','2020-12-06 19:50:28'),(91,8,'artist_1607264627.jpeg','Visakh Menon ink on single yuan rice  paper','','&lt;p&gt;&lt;em&gt;Tremors&lt;/em&gt;, Ink on single yuan rice paper, 137 cm x&amp;nbsp;68.6 cm, 2019&lt;/p&gt;',10,69,'standard','mobler_chair','wood',10,'y','a','n','2020-12-06 19:53:47','2020-12-06 19:53:47'),(92,8,'artist_1607264698.jpeg','Visakh Menon ink on single yuan rice  paper','','&lt;p&gt;&lt;em&gt;Tremors&lt;/em&gt;, Ink on single yuan rice paper, 137 cm x&amp;nbsp;68.6 cm, 2019&lt;/p&gt;',11,69,'standard','mobler_chair','wood',11,'y','a','n','2020-12-06 19:54:58','2020-12-06 19:54:58'),(93,8,'artist_1607264757.jpeg','Visakh Menon ink on single yuan rice  paper','','&lt;p&gt;&lt;em&gt;Tremors&lt;/em&gt;, Ink on single yuan rice paper, 137 cm x&amp;nbsp;68.6 cm, 2019&lt;/p&gt;',12,69,'standard','mobler_chair','wood',12,'y','a','n','2020-12-06 19:55:57','2020-12-06 19:55:57'),(94,8,'artist_1607264836.jpeg','Visakh Menon ink on single yuan rice  paper','','&lt;p&gt;&lt;em&gt;Tremors&lt;/em&gt;, Ink on single yuan rice paper, 137 cm x&amp;nbsp;68.6 cm, 2019&lt;/p&gt;',13,69,'standard','mobler_chair','wood',13,'y','a','n','2020-12-06 19:57:16','2020-12-06 19:57:16'),(95,8,'artist_1607264875.jpeg','','','&lt;p&gt;&lt;em&gt;Tremors&lt;/em&gt;, Ink on single yuan rice paper, 137 cm x&amp;nbsp;68.6 cm, 2019&lt;/p&gt;',14,69,'standard','mobler_chair','wood',14,'y','a','n','2020-12-06 19:57:55','2020-12-06 19:57:55'),(96,8,'artist_1607264969.jpeg','Visakh Menon ink on double yuan rice  paper','','&lt;p&gt;&lt;em&gt;Whispers-1&lt;/em&gt;, Ink on double yuan rice paper, 129.5 cm x&amp;nbsp;68.6 cm, 2019&lt;/p&gt;',15,69,'standard','mobler_chair','wood',15,'y','a','n','2020-12-06 19:59:29','2020-12-06 19:59:29'),(97,8,'artist_1607265026.jpeg','Visakh Menon ink on double yuan rice  paper','','&lt;p&gt;&lt;em&gt;Whispers-2&lt;/em&gt;, Ink on double yuan rice paper, 129.5 cm x&amp;nbsp;68.6 cm, 2019&lt;/p&gt;',16,69,'standard','mobler_chair','wood',16,'y','a','n','2020-12-06 20:00:26','2020-12-06 20:00:26'),(98,8,'artist_1607265100.jpeg','Visakh Menon ink on double yuan rice  paper','','&lt;p&gt;&lt;em&gt;Whispers-3&lt;/em&gt;, Ink on double yuan rice paper, 129.5 cm x&amp;nbsp;68.6 cm, 2019&lt;/p&gt;',17,69,'standard','mobler_chair','wood',17,'y','a','n','2020-12-06 20:01:40','2020-12-06 20:01:40'),(99,8,'artist_1607265148.jpeg','Visakh Menon ink on double yuan rice  paper','','&lt;p&gt;&lt;em&gt;Whispers-4&lt;/em&gt;, Ink on double yuan rice paper, 129.5 cm x&amp;nbsp;68.6 cm, 2019&lt;/p&gt;',18,69,'standard','mobler_chair','wood',18,'y','a','n','2020-12-06 20:02:28','2020-12-06 20:02:28'),(100,3,'artist_1607266315.jpeg','Youdhisthir Maharjan reclaimed  book pages','','&lt;p&gt;&lt;em&gt;All These Things&lt;/em&gt;, Scrapped Reclaimed Text, 20.3 cm x&amp;nbsp;12.7 cm, 2016&lt;/p&gt;',1,13,'standard','mobler_chair','wood',1,'y','a','n','2020-12-06 20:21:55','2020-12-06 20:21:55'),(101,3,'artist_1607266358.jpeg','Youdhisthir Maharjan reclaimed  book pages','','&lt;p&gt;&lt;em&gt;An Experience in Cosmic Consciousness&lt;/em&gt;, Acrylic and Hand-cut text collage on deacidified book-pages, 38.7 cm x&amp;nbsp;23.5 cm, 2019&lt;/p&gt;',2,24,'standard','mobler_chair','wood',2,'y','a','n','2020-12-06 20:22:38','2020-12-06 20:22:38'),(102,3,'artist_1607266408.jpeg','Youdhisthir Maharjan reclaimed  book pages','','&lt;p&gt;&lt;em&gt;Beyond Stories &lt;/em&gt;(2 pages), Crocheted strips of reclaimed book pages, &amp;nbsp;29 cm x&amp;nbsp;39 cm x&amp;nbsp;5 cm, 2020&lt;/p&gt;',3,39,'standard','mobler_chair','wood',3,'y','a','n','2020-12-06 20:23:28','2020-12-06 20:23:28'),(103,3,'artist_1607266484.jpeg','Youdhisthir Maharjan reclaimed  book pages','','&lt;p&gt;&lt;em&gt;Center of Everything&lt;/em&gt;, Hand-cut text collage on reclaimed, deacidified book-pages, 23 cm x&amp;nbsp;27 cm, 2020&lt;/p&gt;',4,27,'standard','mobler_chair','wood',4,'y','a','n','2020-12-06 20:24:44','2020-12-06 20:24:44'),(104,3,'artist_1607266544.jpeg','Youdhisthir Maharjan reclaimed  book pages','','&lt;p&gt;&lt;em&gt;Everything Nothing&lt;/em&gt;, Hand-cut text collage on reclaimed book pages, 35 cm x&amp;nbsp;21.5 cm x&amp;nbsp;5cm, 2020&lt;/p&gt;',5,22,'standard','mobler_chair','wood',5,'y','a','n','2020-12-06 20:25:44','2020-12-06 20:25:44'),(105,3,'artist_1607266592.jpeg','Youdhisthir Maharjan reclaimed  book pages','','&lt;p&gt;&lt;em&gt;From Small Beginnings&lt;/em&gt;, Hand-cut text collage on deacidified book-pages, 19.6 cm x&amp;nbsp;24.7 cm, 2019&lt;/p&gt;',6,25,'standard','mobler_chair','wood',6,'y','a','n','2020-12-06 20:26:32','2020-12-06 20:26:32'),(106,3,'artist_1607266632.jpeg','Youdhisthir Maharjan reclaimed  book pages','','&lt;p&gt;&lt;em&gt;Grandmas Tale&lt;/em&gt;, Hand-woven strips of reclaimed book-pages, 20 cm&amp;nbsp; x&amp;nbsp;23 cm x&amp;nbsp;2.5 cm, 2020&lt;/p&gt;',7,23,'standard','mobler_chair','wood',7,'y','a','n','2020-12-06 20:27:12','2020-12-06 20:27:12'),(107,3,'artist_1607266682.jpeg','Youdhisthir Maharjan reclaimed  book pages','','&lt;p&gt;&lt;em&gt;Into Tibet&lt;/em&gt;, Reclaimed text cutout collage, 21.6 cm x&amp;nbsp;34.3 cm, 2018&lt;/p&gt;',8,35,'standard','mobler_chair','wood',8,'y','a','n','2020-12-06 20:28:02','2020-12-06 20:28:02'),(108,3,'artist_1607266758.jpeg','Youdhisthir Maharjan reclaimed  book pages','','&lt;p&gt;&lt;em&gt;Life after Life,&lt;/em&gt; Hand-cut text collage on reclaimed deacidified book-pages (set of 12), 21 cm&amp;nbsp;x&amp;nbsp;14 cm each, 2020&amp;nbsp;&lt;/p&gt;',9,60,'standard','mobler_chair','wood',9,'y','a','n','2020-12-06 20:29:18','2020-12-06 20:29:18'),(109,3,'artist_1607266806.jpeg','Youdhisthir Maharjan reclaimed  book pages','','&lt;p&gt;&lt;em&gt;Lonely planet,&lt;/em&gt; Shredded text on deacidified reclaimed book pages, 23.5 cm x&amp;nbsp;15 cm, 2018&amp;nbsp;&lt;/p&gt;',10,15,'standard','mobler_chair','wood',10,'y','a','n','2020-12-06 20:30:06','2020-12-06 20:30:06'),(110,3,'artist_1607266849.jpeg','Youdhisthir Maharjan reclaimed  book pages','','&lt;p&gt;&lt;em&gt;Love Defined&lt;/em&gt;, Acrylic and ink on reclaimed book page, 21 cm x&amp;nbsp;14 cm, 2016&lt;/p&gt;',11,14,'standard','mobler_chair','wood',11,'y','a','n','2020-12-06 20:30:49','2020-12-06 20:30:49'),(111,3,'artist_1607266906.jpeg','Youdhisthir Maharjan reclaimed  book pages','','&lt;p&gt;&lt;em&gt;Love Song&lt;/em&gt;, Scrapped deacidified, reclaimed bookpage, 24&amp;nbsp;cm&amp;nbsp;x&amp;nbsp;20.5&amp;nbsp;cm, 2019&amp;nbsp;&lt;/p&gt;',12,20,'standard','mobler_chair','wood',12,'y','a','n','2020-12-06 20:31:46','2020-12-06 20:31:46'),(112,3,'artist_1607266959.jpeg','Youdhisthir Maharjan reclaimed  book pages','','&lt;p&gt;&lt;em&gt;One Voice in the Cosmic Fugue&lt;/em&gt;, Acrylic on deacidified book-pages, 36.5 cm x&amp;nbsp;32.3 cm, 2019&lt;/p&gt;',15,33,'standard','mobler_chair','wood',15,'y','a','n','2020-12-06 20:32:39','2020-12-06 20:34:46'),(113,3,'artist_1607267001.jpeg','Youdhisthir Maharjan reclaimed  book pages','','&lt;p&gt;&lt;em&gt;Salt Dancers,&lt;/em&gt; Handcut text collage on deacidified reclaimed bookpages, &amp;nbsp;20.3 cm x&amp;nbsp;22.9 cm, &amp;nbsp;2019&amp;nbsp;&lt;/p&gt;',13,23,'standard','mobler_chair','wood',13,'y','a','n','2020-12-06 20:33:21','2020-12-06 20:33:21'),(114,3,'artist_1607267048.jpeg','Youdhisthir Maharjan reclaimed  book pages','','&lt;p&gt;&lt;em&gt;The Buddha at War,&lt;/em&gt; Incense burns on reclaimed text, 21.6 cm x&amp;nbsp;50.8 cm, 2017&lt;/p&gt;',14,51,'standard','mobler_chair','wood',14,'y','a','n','2020-12-06 20:34:08','2020-12-06 20:34:08'),(115,3,'artist_1607267138.jpeg','Youdhisthir Maharjan reclaimed  book pages','','&lt;p&gt;&lt;em&gt;The Language of Love&lt;/em&gt;, Acrylic on reclaimed deacified bookpages, 41.9 cm x&amp;nbsp;39.3 cm, 2018&lt;/p&gt;',16,40,'standard','mobler_chair','wood',16,'y','a','n','2020-12-06 20:35:38','2020-12-06 20:35:38'),(116,3,'artist_1607267202.jpeg','Youdhisthir Maharjan reclaimed  book pages','','&lt;p&gt;&lt;em&gt;The Nun&amp;rsquo;s Tale&lt;/em&gt;, Deacidified book-pages, shredded and handwoven, 19 cm X 21.6 cm, 2019&lt;/p&gt;',17,22,'standard','mobler_chair','wood',17,'y','a','n','2020-12-06 20:36:42','2020-12-06 20:36:42'),(117,3,'artist_1607267261.jpeg','Youdhisthir Maharjan reclaimed  book pages','','&lt;p&gt;&lt;em&gt;The World of the Buddha&lt;/em&gt;, Acrylic and hand-cut deacidified book-pages, 16.5 cm x&amp;nbsp;40.6 cm, 2019&amp;nbsp;&lt;/p&gt;',18,41,'standard','mobler_chair','wood',18,'y','a','n','2020-12-06 20:37:41','2020-12-06 20:37:41'),(118,3,'artist_1607267309.jpeg','Youdhisthir Maharjan reclaimed  book pages','','&lt;p&gt;&lt;em&gt;Theory of Nothing&lt;/em&gt;, Hand-cut text collage on deacidified book-pages &amp;nbsp;22 cm x&amp;nbsp;20.3, 2019&lt;/p&gt;',19,21,'standard','mobler_chair','wood',19,'y','a','n','2020-12-06 20:38:29','2020-12-06 20:38:29'),(119,3,'artist_1607267350.jpeg','Youdhisthir Maharjan reclaimed  book pages','','&lt;p&gt;&lt;em&gt;Turtle moon&lt;/em&gt;, Handcut text collage on deacidified reclaimed book pages, 19.5 cm x&amp;nbsp;21.5 cm 2018&lt;/p&gt;',19,22,'standard','mobler_chair','wood',19,'y','a','n','2020-12-06 20:39:10','2020-12-06 20:39:10'),(120,3,'artist_1607267400.jpeg','Youdhisthir Maharjan reclaimed  book pages','','&lt;p&gt;&lt;em&gt;Wheel of Life&lt;/em&gt;, Acrylic and hand-cut text collage on reclaimed, deacidified book-pages, 30 cm x&amp;nbsp;26.5 cm, 2020&lt;/p&gt;',20,27,'standard','mobler_chair','wood',20,'y','a','n','2020-12-06 20:40:00','2020-12-06 20:40:00'),(121,3,'artist_1607267438.jpeg','Youdhisthir Maharjan reclaimed  book pages','','&lt;p&gt;&lt;em&gt;Without a Map&lt;/em&gt;, Acrylic on hand-cut reclaimed book pages, 21.5 cm x&amp;nbsp;24 cm, 2020&lt;/p&gt;',23,24,'standard','mobler_chair','wood',23,'y','a','n','2020-12-06 20:40:38','2020-12-06 20:40:38');
/*!40000 ALTER TABLE `artist_transaction` ENABLE KEYS */;
UNLOCK TABLES;

--
-- Table structure for table `contact_leads`
--

DROP TABLE IF EXISTS `contact_leads`;
/*!40101 SET @saved_cs_client     = @@character_set_client */;
/*!40101 SET character_set_client = utf8 */;
CREATE TABLE `contact_leads` (
  `id` int(10) unsigned NOT NULL AUTO_INCREMENT,
  `v_name` varchar(500) COLLATE utf8mb4_unicode_ci NOT NULL,
  `v_email` varchar(50) COLLATE utf8mb4_unicode_ci NOT NULL,
  `v_city` varchar(100) COLLATE utf8mb4_unicode_ci NOT NULL,
  `status` enum('a','i') COLLATE utf8mb4_unicode_ci NOT NULL DEFAULT 'a',
  `is_deleted` enum('y','n') COLLATE utf8mb4_unicode_ci NOT NULL DEFAULT 'n',
  `created_at` timestamp NOT NULL DEFAULT CURRENT_TIMESTAMP,
  `updated_at` timestamp NOT NULL DEFAULT CURRENT_TIMESTAMP ON UPDATE CURRENT_TIMESTAMP,
  PRIMARY KEY (`id`) USING BTREE
) ENGINE=InnoDB AUTO_INCREMENT=2 DEFAULT CHARSET=utf8mb4 COLLATE=utf8mb4_unicode_ci ROW_FORMAT=DYNAMIC;
/*!40101 SET character_set_client = @saved_cs_client */;

--
-- Dumping data for table `contact_leads`
--

LOCK TABLES `contact_leads` WRITE;
/*!40000 ALTER TABLE `contact_leads` DISABLE KEYS */;
INSERT INTO `contact_leads` VALUES (1,'Pranav Bapat','pranav.g33k@gmail.com','Mumbai','a','n','2020-12-06 07:30:27','2020-12-06 02:06:29');
/*!40000 ALTER TABLE `contact_leads` ENABLE KEYS */;
UNLOCK TABLES;

--
-- Table structure for table `contact_master`
--

DROP TABLE IF EXISTS `contact_master`;
/*!40101 SET @saved_cs_client     = @@character_set_client */;
/*!40101 SET character_set_client = utf8 */;
CREATE TABLE `contact_master` (
  `id` tinyint(3) unsigned NOT NULL AUTO_INCREMENT,
  `contact_info` varchar(2000) COLLATE utf8mb4_unicode_ci NOT NULL,
  `status` enum('a','i') COLLATE utf8mb4_unicode_ci NOT NULL DEFAULT 'a',
  `is_deleted` enum('y','n') COLLATE utf8mb4_unicode_ci NOT NULL DEFAULT 'n',
  `created_at` timestamp NOT NULL DEFAULT CURRENT_TIMESTAMP,
  `updated_at` timestamp NOT NULL DEFAULT CURRENT_TIMESTAMP ON UPDATE CURRENT_TIMESTAMP,
  PRIMARY KEY (`id`) USING BTREE
) ENGINE=InnoDB AUTO_INCREMENT=2 DEFAULT CHARSET=utf8mb4 COLLATE=utf8mb4_unicode_ci ROW_FORMAT=DYNAMIC;
/*!40101 SET character_set_client = @saved_cs_client */;

--
-- Dumping data for table `contact_master`
--

LOCK TABLES `contact_master` WRITE;
/*!40000 ALTER TABLE `contact_master` DISABLE KEYS */;
INSERT INTO `contact_master` VALUES (1,'&lt;p&gt;C - 66, Anand Niketan&lt;br /&gt;\r\nNew Delhi 110021&lt;br /&gt;\r\nIndia&lt;/p&gt;\r\n\r\n&lt;p&gt;&lt;a class=&quot;blueTxt&quot; href=&quot;https://www.google.co.in/maps/place/blueprint12/@28.5789858,77.1629014,17z/data=!3m1!4b1!4m5!3m4!1s0x390d1d0eafffffff:0xb36d908ab34fe969!8m2!3d28.5789858!4d77.1650901&quot; target=&quot;_blank&quot;&gt;Please click here to use Google Map&lt;/a&gt;&lt;/p&gt;\r\n\r\n&lt;p&gt;Gallery:&amp;nbsp;&lt;a href=&quot;tel:+911146054079&quot;&gt;+91 11 46054079&lt;/a&gt;&lt;br /&gt;\r\n&lt;a href=&quot;tel:+919810635333&quot;&gt;+91 98106 35333&lt;/a&gt;&lt;br /&gt;\r\n&lt;a href=&quot;tel:+919811108320&quot;&gt;+91 98111 08320&lt;/a&gt;&lt;/p&gt;\r\n\r\n&lt;p&gt;Email:&amp;nbsp;&lt;a class=&quot;blueTxt&quot; href=&quot;#&quot;&gt;blueprint2012@gmail.com&lt;/a&gt;&lt;/p&gt;','a','n','2020-12-06 07:29:16','2020-12-06 07:30:17');
/*!40000 ALTER TABLE `contact_master` ENABLE KEYS */;
UNLOCK TABLES;

--
-- Table structure for table `exhibition_images`
--

DROP TABLE IF EXISTS `exhibition_images`;
/*!40101 SET @saved_cs_client     = @@character_set_client */;
/*!40101 SET character_set_client = utf8 */;
CREATE TABLE `exhibition_images` (
  `id` int(10) unsigned NOT NULL AUTO_INCREMENT,
  `exhibitions_master_id` int(10) unsigned NOT NULL,
  `ex_img` varchar(100) COLLATE utf8mb4_unicode_ci NOT NULL,
  `ex_img_alt` varchar(100) COLLATE utf8mb4_unicode_ci DEFAULT NULL,
  `ex_info` varchar(1000) COLLATE utf8mb4_unicode_ci DEFAULT NULL,
  `ex_img_caption` varchar(1000) COLLATE utf8mb4_unicode_ci DEFAULT NULL,
  `ex_img_ord` int(10) unsigned DEFAULT NULL,
  `status` enum('a','i') COLLATE utf8mb4_unicode_ci NOT NULL DEFAULT 'a',
  `is_deleted` enum('y','n') COLLATE utf8mb4_unicode_ci NOT NULL DEFAULT 'n',
  `created_at` timestamp NOT NULL DEFAULT CURRENT_TIMESTAMP,
  `updated_at` timestamp NOT NULL DEFAULT CURRENT_TIMESTAMP ON UPDATE CURRENT_TIMESTAMP,
  PRIMARY KEY (`id`) USING BTREE,
  KEY `artist_master_id_artist_transaction` (`exhibitions_master_id`) USING BTREE,
  CONSTRAINT `exhibitions_master_id_exhibition_images` FOREIGN KEY (`exhibitions_master_id`) REFERENCES `exhibitions_master` (`id`) ON DELETE NO ACTION ON UPDATE NO ACTION
) ENGINE=InnoDB AUTO_INCREMENT=482 DEFAULT CHARSET=utf8mb4 COLLATE=utf8mb4_unicode_ci ROW_FORMAT=DYNAMIC;
/*!40101 SET character_set_client = @saved_cs_client */;

--
-- Dumping data for table `exhibition_images`
--

LOCK TABLES `exhibition_images` WRITE;
/*!40000 ALTER TABLE `exhibition_images` DISABLE KEYS */;
INSERT INTO `exhibition_images` VALUES (1,1,'exhibition_1607320939.jpeg','Aakash Nihalani, digital print','','Aakash Nihalani, Fill In II, Archival digital print, 52.5 cm x 77.5 cm, Edition of 5 + 1 AP, 2011',2,'a','y','2020-12-07 11:32:19','2020-12-07 11:32:26'),(2,1,'exhibition_1607320960.jpeg','Aakash Nihalani, digital print','','Aakash Nihalani, Fill In II, Archival digital print, 52.5 cm x 77.5 cm, Edition of 5 + 1 AP, 2011',1,'a','n','2020-12-07 11:32:40','2020-12-07 11:32:40'),(3,1,'exhibition_1607321082.jpeg','Aakash Nihalani, digital print','','Aakash Nihalani, Inside Out (Bicyclist), Archival digital print, 52.5 cm x 77.5 cm,  Edition of 5 + 1 AP, 2011',2,'a','n','2020-12-07 11:34:42','2020-12-07 11:34:42'),(4,1,'exhibition_1607326628.jpeg','Aakash Nihalani, digital print','','Aakash Nihalani, Plat Forms (Temple), Archival digital print, 77.5 cm x 52.5 cm,  Edition of 5 + 1 AP, 2011',3,'a','n','2020-12-07 13:07:08','2020-12-07 13:07:08'),(5,1,'exhibition_1607326694.jpeg','Aakash Nihalani, digital print','','Aakash Nihalani, Untitled (Mosque),  Archival digital print, 52.5 cm x 77.5 cm, Edition of 5 + 1 AP, 2011',4,'a','n','2020-12-07 13:08:14','2020-12-07 13:08:14'),(6,1,'exhibition_1607326768.jpeg','Amina Ahmed, ink pigment on paper','','Amina Ahmed, \'It looks bit like graph\' said Aliia,  Ink pigment on paper, 75 cm x 57.5 cm , 2011 – 2012',5,'a','n','2020-12-07 13:09:28','2020-12-07 13:09:28'),(7,1,'exhibition_1607326863.jpeg','Amina Ahmed, ink pigment on paper','','Amina Ahmed, \'It looks bit like graph\' said Aliia,  Ink pigment on paper, 75 cm x 57.5 cm , 2011 – 2012',6,'a','n','2020-12-07 13:11:03','2020-12-07 13:11:03'),(8,1,'exhibition_1607326889.jpeg','Amina Ahmed, ink pigment on paper','','Amina Ahmed, \'It looks bit like graph\' said Aliia,  Ink pigment on paper, 75 cm x 57.5 cm , 2011 – 2012',7,'a','n','2020-12-07 13:11:29','2020-12-07 13:11:29'),(9,1,'exhibition_1607326986.jpeg','Arun Kumar HG, sculpture of suger cubes paraffin wax steel','','Arun Kumar H.G, Home Sweet Home, sugar cubes, paraffin wax, steel, nylon, 110 cm x 70 cm x 70 cm,  2012',8,'a','n','2020-12-07 13:13:06','2020-12-07 13:13:06'),(10,1,'exhibition_1607327090.jpeg','Lavanya Mani, natural pigment on cotton fabric','','Lavanya Mani, Vices Greed, Natural dye, pigment paint, applique on cotton fabric, 180 cm x 120 cm, 2012',9,'a','n','2020-12-07 13:14:50','2020-12-07 13:14:50'),(11,1,'exhibition_1607327173.jpeg','Martand Khosla, city of hope, mixed media on MDF','','Martand Khosla, City of Hope-1, Printed paper, steel wire, red thread, MDF and plastic, 105 cm x 135 cm, 2012',10,'a','n','2020-12-07 13:16:13','2020-12-07 13:16:13'),(12,1,'exhibition_1607327208.jpeg','Martand Khosla, city of hope, mixed media on MDF','','Martand Khosla, City of Hope-2, Printed paper, steel wire, red thread, MDF and plastic, 105 cm x 135 cm, 2012',11,'a','n','2020-12-07 13:16:48','2020-12-07 13:16:48'),(13,1,'exhibition_1607327248.jpeg','Martand Khosla, city of hope, mixed media on MDF','','Martand Khosla, City of Hope-3, Printed paper, steel wire, red thread, MDF and plastic, 105 cm x 135 cm, 2012',12,'a','n','2020-12-07 13:17:28','2020-12-07 13:17:28'),(14,1,'exhibition_1607327295.jpeg','Martand Khosla, city of hope, mixed media on MDF','','Martand Khosla, City of Hope-4, Printed paper, steel wire, red thread, MDF and plastic, 105 cm x 135 cm, 2012',13,'a','n','2020-12-07 13:18:15','2020-12-07 13:18:15'),(15,1,'artist_1608138161.jpeg','Martand Khosla, slum burn, rubber stamp imprints on paper','','&lt;p&gt;Martand Khosla, Slum burn-1 (18-04-2010 , 2-50 AM), Ink on paper (rubber stamp imprints), 40 cm x 135 cm, 2012&lt;/p&gt;',14,'a','n','2020-12-07 13:19:34','2020-12-16 22:32:41'),(16,1,'artist_1608138179.jpeg','Martand Khosla, slum burn, rubber stamp imprints on paper','','&lt;p&gt;Martand Khosla, Slum burn-2 (18-04-2010, 4-00 AM), Ink on paper (rubber stamp imprints), 40 cm x 135 cm, 2012&lt;/p&gt;',15,'a','n','2020-12-07 13:20:29','2020-12-16 22:32:59'),(17,1,'artist_1608138192.jpeg','Martand Khosla, slum burn, rubber stamp imprints on paper','','&lt;p&gt;Martand Khosla, Slum burn-3 (07-03-2010), Ink on paper (rubber stamp imprints), 40 cm x 135 cm, 2012&lt;/p&gt;',16,'a','n','2020-12-07 13:21:52','2020-12-16 22:33:12'),(18,1,'artist_1608138203.jpeg','Martand Khosla, slum burn, rubber stamp imprints on paper','','&lt;p&gt;Martand Khosla, Slum burn-4 (01-04-2010) , Ink on paper (rubber stamp imprints), 40 cm x 135 cm, 2012&lt;/p&gt;',17,'a','n','2020-12-07 13:22:40','2020-12-16 22:33:23'),(19,1,'exhibition_1607327667.jpeg','Masooma Syed, silver brass found object sculpture','','Masooma Syed, Across Border,  Silver , brass , feather and found objects, 10 cm x 6 cm x 2.5 cm, 2012',18,'a','n','2020-12-07 13:24:27','2020-12-07 13:24:27'),(20,1,'exhibition_1607327709.jpeg','Masooma Syed, silver brass found object sculpture','','Masooma Syed, Black Label Kalyani, Silver ,feather and found objects, 7.5 cm x 5 cm x 2.5 cm, 2012',19,'a','n','2020-12-07 13:25:09','2020-12-07 13:25:09'),(21,1,'exhibition_1607327748.jpeg','Masooma Syed, silver glass found object sculpture','','Masooma Syed, Forever 21, Glass bottle , silver and chord, 9 cm x 5 cm, 2012',20,'a','n','2020-12-07 13:25:48','2020-12-07 13:25:48'),(22,1,'exhibition_1607327783.jpeg','Masooma Syed, human hair sculpture','','Masooma Syed, Long Run, Human hair, 125 cm x 60 cm, 2012',21,'a','n','2020-12-07 13:26:23','2020-12-07 13:26:23'),(23,1,'exhibition_1607327821.jpeg','Masooma Syed, silver glass found object sculpture','','Masooma Syed, Poison , Glass bottle, silver thread, 5 cm x 5 cm, 2012',22,'a','n','2020-12-07 13:27:01','2020-12-07 13:27:01'),(24,1,'exhibition_1607328254.jpeg','Masooma Syed, silver brass found object sculpture','','Masooma Syed, Short story, Silver ,copper and paper, 7.5 cm x 5 cm x 4 cm, 2012',23,'a','n','2020-12-07 13:34:14','2020-12-07 13:34:14'),(25,1,'exhibition_1607328418.jpeg','Sandip Pisalkar, Iron sheet &amp; cloth sculpture','','Sandip Pisalkar, Skin to Skin - Beat to Beat, Worn out clothes, iron sheet, 300 cm x 300 cm x 225 cm, 2012',24,'a','n','2020-12-07 13:36:58','2020-12-07 13:36:58'),(26,1,'exhibition_1607328513.jpeg','','','Sukanya Ghosh, Isolation of pectoralis major , Single channel optical collage , 2:03 min, 2010',25,'a','n','2020-12-07 13:38:33','2020-12-07 13:38:33'),(27,1,'exhibition_1607328590.jpeg','Sukanya Ghosh, mixed media on board','','Sukanya Ghosh, Now i\'m picking dead flowers , Mixed media, iron nails on board, 150 cm x 120 cm, 2010',26,'a','n','2020-12-07 13:39:50','2020-12-07 13:39:50'),(28,1,'exhibition_1607328641.jpeg','Sukanya Ghosh, mixed media on canvas','','Sukanya Ghosh, Scar tissue, Mixed media on canvas, 150 cm x 90 cm, 2010',27,'a','n','2020-12-07 13:40:41','2020-12-07 13:40:41'),(29,1,'exhibition_1607516425.jpeg','Sukanya Ghosh, mixed media on board','','sss',28,'a','y','2020-12-09 17:50:26','2020-12-09 17:51:41'),(30,2,'exhibition_1607519218.jpeg','Anne Covell, hand-drawn cards, illustrations','','Anne Covell, Natural Order- A Game of Pairs, Artists book, card game, 30 hand-drawn card illustrations,  learning guide and case letterpress printed from polymer, 8.1 cm X 6.25 cm X 1.25 cm, 2012',1,'a','y','2020-12-09 18:36:58','2020-12-09 18:37:13'),(31,2,'exhibition_1607519278.jpeg','Anne Covell, hand-drawn cards, illustrations','','Anne Covell, Natural Order- A Game of Pairs, Artists book, card game, 30 hand-drawn card illustrations,  learning guide &amp; case letterpress printed from polymer, 8.1 cm x 6.25 cm x 1.25 cm, 2012',1,'a','n','2020-12-09 18:37:58','2020-12-09 18:37:58'),(32,2,'exhibition_1607519334.jpeg','Anne Covell, accordion, handmade kozo','','Anne Covell, Raking Light, Variable width, Accordion, letterpress  linoleum reduction, handmade kozo, 12.5 cm x 8.75 cm x .65 cm, 2012',2,'a','n','2020-12-09 18:38:54','2020-12-09 18:38:54'),(33,2,'exhibition_1607519383.jpeg','Banoo Batliboi, abstraction of book art, photography','','Banoo Batliboi,  Biblioflora 1-6, Abstract photos of book sculptures, 45 cm x 35 cm (each), 2014',3,'a','n','2020-12-09 18:39:43','2020-12-09 18:39:43'),(34,2,'exhibition_1607519430.jpeg','Banoo Batliboi, altered book art, vintage leather bound book','','Banoo Batliboi, Circles, Vintage leather bound books folded anew, 35 cm x 25 cm x 30 cm, 2013-14',4,'a','n','2020-12-09 18:40:30','2020-12-09 18:40:30'),(35,2,'exhibition_1607519487.jpeg','Banoo Batliboi, altered book art, vintage leather bound book','','Banoo Batliboi, Cloak, Vintage leather bound books folded anew, 40 cm x 25 cm x 30 cm, 2013-14',5,'a','n','2020-12-09 18:41:27','2020-12-09 18:41:27'),(36,2,'exhibition_1607519520.jpeg','Banoo Batliboi, altered book art, vintage leather bound book','','Banoo Batliboi, Deco Zig Zag, Vintage leather bound books folded anew, 35 cm x 25 cm x 30 cm, 2013-14',6,'a','n','2020-12-09 18:42:00','2020-12-09 18:42:00'),(37,2,'exhibition_1607519614.jpeg','Banoo Batliboi, altered book art, folded anew','','Banoo Batliboi, Drum, Vintage book folded anew, 30 cm x 22.5 cm x 27.5 cm, 2013-14',7,'a','n','2020-12-09 18:43:34','2020-12-09 18:43:34'),(38,2,'exhibition_1607519644.jpeg','Banoo Batliboi, altered book art, vintage leather bound book','','Banoo Batliboi, Seedlings, Vintage leather bound books folded anew, 30 cm x 22.5 cm x 27.5 cm, 2013-14',8,'a','n','2020-12-09 18:44:04','2020-12-09 18:44:04'),(39,2,'exhibition_1607519737.jpeg','Deng Yifu, book art , Diplomatic History Book','','Deng Yifu, Diplomatic History (Y1145-Gun),  Book and Perspex with Screws, 20.3 cm x 14 cm x 4.2 cm, 2003-05',9,'a','n','2020-12-09 18:45:37','2020-12-09 18:45:37'),(40,2,'exhibition_1607519778.jpeg','Deng Yifu, book art','','Deng Yifu, M92SM92FS-Gun, Book and Perspex with Screws, 21.5 cm x 14 cm x 2 cm, 2003-05',10,'a','n','2020-12-09 18:46:18','2020-12-09 18:46:18'),(41,2,'exhibition_1607519888.jpeg','Jagath Weerasinghe, accordion , mixed media','','Jagath Weerasinghe, Cause of Illness, Mixed media on paper , 315 cm x 31.5, 2011',11,'a','n','2020-12-09 18:48:08','2020-12-09 18:48:08'),(42,2,'exhibition_1607519954.jpeg','Kingsley Gunatillake, Book Art, Bullet book, Sri Lanka','','Kingsley Gunatillake, Bullet Book - Lanka Janthawa (Sri Lankan people), Book, empty bullets, gold, 28 cm x 21 cm, 2014',12,'a','n','2020-12-09 18:49:14','2020-12-09 18:49:14'),(43,2,'exhibition_1607520011.png','Kingsley Gunatillake, Book Art, Wood &amp; book, Sri Lanka','','Kingsley Gunatillake, Displaced, Book, wood &amp; gold, 20 cm x 15 cm, 2013',13,'a','n','2020-12-09 18:50:11','2020-12-09 18:50:11'),(44,2,'exhibition_1607523814.jpeg','Layla Gonaduwa, accordion book, archival print','','Layla Gonaduwa, The Silver Fish, Printed on archival paper with archival ink, 35 cm x 345 cm, 2014',14,'a','n','2020-12-09 19:53:34','2020-12-09 19:53:34'),(45,2,'exhibition_1607524599.jpeg','Liz Fernando, book art, digital photographs','','Liz Fernando, Trincomalee - My father’s stories and the lost photographs, Digital Photographs,  24 cm x 21 cm (77 pages), 2012',15,'a','n','2020-12-09 20:06:39','2020-12-09 20:06:39'),(46,2,'exhibition_1607524705.jpeg','Radhika H. &amp; Shanika P., Book art, digital print','','Radhika H. &amp; Shanika P. , Her Stories- Mother\'s voices of resilience and hope, Digital Print. 12 cm x 9.5 cm, 50 pages (from the edition of 100), 2014',16,'a','n','2020-12-09 20:08:25','2020-12-09 20:08:25'),(47,2,'exhibition_1607524776.jpeg','Samantha Batra Mehta, Mixed media on vintage accordion book','','Samantha Batra Mehta, Games of Chance, Mixed media on vintage accordion book, 22.5 cm x 207.5 cm, 2014',17,'a','n','2020-12-09 20:09:36','2020-12-09 20:09:36'),(48,2,'exhibition_1607524922.jpeg','Samit Das, handmade book art','','Samit Das, Vibrations and Silence-1, Custom bound book, handmade paper, drawings  with burnt line &amp; router, Unique, 10.5 cm  x 17 cm x 7.5 cm &amp; 5.5 cm X 6.25 cm X 2.5 cm, 2014 ',18,'a','n','2020-12-09 20:12:02','2020-12-09 20:12:02'),(49,2,'exhibition_1607524969.jpeg','Samit Das, handmade book art','','Samit Das, Vibrations and Silence-4, Card board egg box &amp; paper, Hand stitched Unique Artwork, 16.5 cm x 11 cm x 6.5 cm (Egg box), variable when unfolded, 2002',19,'a','n','2020-12-09 20:12:49','2020-12-09 20:12:49'),(50,2,'exhibition_1607525032.jpeg','Samit Das, handmade book art','','Samit Das, Vibrations and Silence-5, Drawing ink on acid free handmade paper,  pencil, cut out and burnt lines, Set of two books, Unique artist books, 21 cm  x 15 cm x 3 cm and 21 cm x 15 cm x 2 cm, 2013',19,'a','n','2020-12-09 20:13:52','2020-12-09 20:13:52'),(51,2,'exhibition_1607525108.jpeg','Sathyanand Mohan, photography, artist journal','','Sathyanand Mohan , Chronicle, set of 25 archival photographs, 40 cm x 60 cm (each), 2013',20,'a','n','2020-12-09 20:15:08','2020-12-09 20:15:08'),(52,2,'exhibition_1607525149.jpeg','Sathyanand Mohan, artist book','','Sathyanand Mohan, Ur – An Ancestrology, Artist book, 14.4 cm x 21 cm, 2013',21,'a','n','2020-12-09 20:15:49','2020-12-09 20:15:49'),(53,2,'exhibition_1607525184.jpeg','Smriti Choudhary, accordion, ink on paper','','Smriti Choudhary, In the forest, Ink on paper, 25 cm x 350 cm, 2014',22,'a','n','2020-12-09 20:16:24','2020-12-09 20:16:24'),(54,2,'exhibition_1607525242.jpeg','Zach Stensen, artist book, astronomy','','Zach Stensen, Elementary Astronomy, Dryfire Press, 15.7 cm x 23.2 cm, 29 pages, Edition of 22, 2011',23,'a','n','2020-12-09 20:17:22','2020-12-09 20:17:22'),(55,2,'exhibition_1607526098.jpeg','Installation view Reading Room New Delhi','','Installation',24,'a','n','2020-12-09 20:31:38','2020-12-09 20:31:38'),(56,2,'exhibition_1607526113.jpeg','Installation view Reading Room New Delhi','','Installation',24,'a','n','2020-12-09 20:31:53','2020-12-09 20:31:53'),(57,2,'exhibition_1607526128.jpeg','Installation view Reading Room New Delhi','','Installation',25,'a','n','2020-12-09 20:32:08','2020-12-09 20:32:08'),(58,2,'exhibition_1607526153.jpeg','Installation view Reading Room New Delhi','','Installation',26,'a','n','2020-12-09 20:32:33','2020-12-09 20:32:33'),(59,2,'exhibition_1607526167.jpeg','Installation view Reading Room New Delhi','','Installation',27,'a','n','2020-12-09 20:32:47','2020-12-09 20:32:47'),(60,3,'exhibition_1607581253.jpeg','Anne Covell , hand-drawn card illustrations, Book Art','','Anne Covell, Natural Order - A Game of Pairs, Artists book &amp; card game, 30 hand-drawn card illustrations,  learning guide and case letterpress printed from polymer, 8.1 cm x 6.25 cm x 1.25 cm, 2012',1,'a','n','2020-12-10 11:50:53','2020-12-10 11:50:53'),(61,3,'exhibition_1607581351.jpeg','Anne Covell , accordion handmade kozo, Book Art','','Anne Covell, Raking Light, Accordion, letterpress  linoleum reduction, handmade kozo, 12.5 cm x 8.75 cm x .65 cm, 2012',2,'a','n','2020-12-10 11:52:31','2020-12-10 11:52:31'),(62,3,'exhibition_1607581403.jpeg','Banoo Batliboi, abstraction of book art, Digital print','','Banoo Batliboi, Age of Shiva, Digital print on metallic paper, 47 cm x 37 cm, 2014',3,'a','n','2020-12-10 11:53:23','2020-12-10 11:53:23'),(63,3,'exhibition_1607581453.jpeg','Banoo Batliboi, abstraction of book art, Digital print','','Banoo Batliboi, Pacific patterns, Digital print on metallic paper, 47 cm x 37 cm, 2014',4,'a','n','2020-12-10 11:54:13','2020-12-10 11:54:13'),(64,3,'exhibition_1607581491.jpeg','Banoo Batliboi, abstraction of book art, Digital print','','Banoo Batliboi, The travel book, Digital print on metalic paper, 47 cm x 37 cm, 2014',5,'a','n','2020-12-10 11:54:51','2020-12-10 11:54:51'),(65,3,'exhibition_1607581551.jpeg','Banoo Batliboi, Vintage leather bound books folded anew','','Banoo Batliboi, Deep Waves, Vintage leather bound books folded anew, 35 cm x 9 cm x 11 cm, 2013',6,'a','n','2020-12-10 11:55:51','2020-12-10 11:55:51'),(66,3,'exhibition_1607581596.jpeg','Banoo Batliboi, Vintage leather bound books folded anew','','Banoo Batliboi, Three Butterflies, Vintage leather bound books folded anew 40 cm X 22.5 cm X 27.5 cm, 2014',7,'a','n','2020-12-10 11:56:36','2020-12-10 11:56:36'),(67,4,'exhibition_1607582267.jpeg','Anne Covell , hand-drawn card illustrations, Book Artok Art','','Anne Covell, Natural Order_ A Game of Pairs, Artists book_card game, 30 hand-drawn card illustrations,  learning guide and case letterpress printed from polymer, 8.1 cm X 6.25 cm X 1.25 cm, 2012',1,'a','n','2020-12-10 12:07:47','2020-12-10 12:07:47'),(68,4,'exhibition_1607589941.jpeg','Anne Covell , accordion handmade kozo, Book Art','','Anne Covell, Raking Light, Accordion, letterpress  linoleum reduction, handmade kozo, 12.5 cm x 8.75 cm x 0.65 cm, 2012',2,'a','n','2020-12-10 14:15:41','2020-12-10 14:15:41'),(69,4,'exhibition_1607591185.jpeg','Banoo Batliboi, abstraction of book art, Digital print','','Banoo Batliboi, Age of Shiva, Digital print on metallic paper, 47 cm x 37 cm, 2014',3,'a','n','2020-12-10 14:36:25','2020-12-10 14:36:25'),(70,4,'exhibition_1607591228.jpeg','Banoo Batliboi, abstraction of book art, Digital print','','Banoo Batliboi, Pacific patterns, Digital print on metallic paper, 47 cm x 37 cm, 2014',4,'a','n','2020-12-10 14:37:08','2020-12-10 14:37:08'),(71,3,'exhibition_1607705448.jpeg','Deng Yifu, book art, Diplomatic History','','Deng Yifu, Diplomatic History (Y1145-Gun),  Book and Perspex with Screws, 20.3 cm x 14 cm x 4.2 cm, 2003-05',8,'a','n','2020-12-11 22:20:48','2020-12-11 22:20:48'),(72,3,'exhibition_1607705477.jpeg','Deng Yifu, book art, Diplomatic History','','Deng Yifu, M92SM92FS-Gun, Book and Perspex with Screws, 21.5 cm x 14 cm x 2 cm, 2003-05',9,'a','n','2020-12-11 22:21:17','2020-12-11 22:21:17'),(73,3,'exhibition_1607705545.jpeg','Jagath Weerasinghe, Accordion book, mixed media drawings','','Jagath Weerasinghe, Cause of Illness, Mixed media on paper , 315 cm x  31.5 cm, 2011',10,'a','n','2020-12-11 22:22:25','2020-12-11 22:22:25'),(74,3,'exhibition_1607705589.jpeg','Kingsley Gunatillake, book art, bullet book','','Kingsley Gunatillake, Bullet Book - Lanka Janthawa (Sri Lankan people), Book, empty bullets, gold, 28 cm x 21 cm, 2014',11,'a','n','2020-12-11 22:23:09','2020-12-11 22:23:09'),(75,3,'exhibition_1607705656.png','Kingsley Gunatillake, book art, wood &amp; gold','','Kingsley Gunatillake, Displaced, Book, wood &amp;  gold, 20 cm x 15 cm, 2013',12,'a','n','2020-12-11 22:24:16','2020-12-11 22:24:16'),(76,3,'exhibition_1607705716.jpeg','Liz Fernando, book art,  Digital Photographs','','Liz Fernando, Trincomalee - My father’s stories and the lost photographs, Digital Photographs,  24 cm x 21 cm (77 pages), 2012',13,'a','n','2020-12-11 22:25:16','2020-12-11 22:25:16'),(77,3,'exhibition_1607705757.jpeg','Meera Devidayal, Artist book, digital print','','Meera Devidayal, Into the Rose Garden, Artist book, Digital print on photo paper, 2014',14,'a','n','2020-12-11 22:25:57','2020-12-11 22:25:57'),(78,3,'exhibition_1607705837.jpeg','Radhika H. &amp; Shanika P. , Artist Book, digital print','','Radhika H. &amp; Shanika P. , Her stories- Mother\'s voices of resilience and hope, Digital Print. 12 cm x 9.5 cm, 50 pages (from the edition of 100) 2014',15,'a','n','2020-12-11 22:27:17','2020-12-11 22:27:17'),(79,3,'exhibition_1607705887.jpeg','Samanta Batra Mehta, Antiquarian books, Ink, graphite, gesso','','Samanta Batra Mehta, The Anthropology of Time, Antiquarian books, Ink, graphite, gesso, 23k gold leaf , plastic plants, 2012',16,'a','n','2020-12-11 22:28:07','2020-12-11 22:28:07'),(80,3,'exhibition_1607705982.jpeg','Samit Das, Hand stitched Unique book art','','Samit Das, Vibrations and Silence-4, Card board egg box &amp; paper, Hand stitched Unique Artwork, 16.5 cm x 11 cm x 6.5 cm (Egg box), variable when unfolded, 2002',17,'a','n','2020-12-11 22:29:42','2020-12-11 22:29:42'),(81,3,'exhibition_1607706067.jpeg','Samit Das, Drawing ink on acid free handmade paper, book art','','Samit Das, Vibrations and Silence-5, Drawing ink on acid free handmade paper,  pencil, cut out and burnt lines, Set of two books, Unique artist books, 21 cm x 15 cm x 3 cm and 21 cm x 15 cm x 2 cm, 2013',18,'a','n','2020-12-11 22:31:07','2020-12-11 22:31:07'),(82,3,'exhibition_1607706120.jpeg','Sathyanand Mohan, Chronical, archival photographs','','Sathyanand Mohan , Chronical, set of 25 photographs, 40 cm x 60 cm (each), 2013',19,'a','n','2020-12-11 22:32:00','2020-12-11 22:32:00'),(83,3,'exhibition_1607706168.jpeg','Smriti Choudhary, accordion book art, ink on paper','','Smriti Choudhary, In the forest, Ink on paper, 25 cm x 350 cm, 2014',20,'a','n','2020-12-11 22:32:48','2020-12-11 22:32:48'),(84,3,'exhibition_1607706231.jpeg','Tanmoy Samanta, Recycled book, paperboard &amp; gouache','','Tanmoy Samanta, Shadow Palace, Recycled book, paperboard &amp; gouache on rice paper, 25 cm x 35 cm x 2.5 cm, 2014',21,'a','n','2020-12-11 22:33:51','2020-12-11 22:33:51'),(85,3,'exhibition_1607706274.jpeg','Tanmoy Samanta, Recycled book, paperboard &amp; gouache','','Tanmoy Samanta, The Cartographer\'s Paradox, Recycled book, paperboard &amp; gouache on rice paper, 22.5 cm x 37.5 cm x 2.5 cm, 2014',22,'a','n','2020-12-11 22:34:34','2020-12-11 22:34:34'),(86,3,'exhibition_1607706305.jpeg','Zach Stensen, Artist Book','','Zach Stensen, Elementary Astronomy, Dryfire Press, 15.7 cm x 23.2 cm, 29 pages Edition of 22, 2011',23,'a','n','2020-12-11 22:35:05','2020-12-11 22:35:05'),(87,3,'exhibition_1607706355.jpeg','Reading Room at Tarq','','Installation',24,'a','n','2020-12-11 22:35:55','2020-12-11 22:35:55'),(88,3,'exhibition_1607706388.jpeg','Reading Room at Tarq','','Installation',25,'a','n','2020-12-11 22:36:28','2020-12-11 22:36:28'),(89,3,'exhibition_1607706425.jpeg','Reading Room at Tarq','','Installation',26,'a','n','2020-12-11 22:37:05','2020-12-11 22:37:05'),(90,3,'exhibition_1607706451.jpeg','Reading Room at Tarq','','Installation',27,'a','n','2020-12-11 22:37:31','2020-12-11 22:37:31'),(91,4,'exhibition_1607706705.jpeg','Banoo Batliboi, abstraction of book art, Digital print','','Banoo Batliboi, The travel book, Digital print on metalic paper, 47 cm x 37 cm, 2014',5,'a','n','2020-12-11 22:41:45','2020-12-11 22:41:45'),(92,4,'exhibition_1607706757.jpeg','Bandana Tulachan, Artist Book','','Bandana Tulachan, Bun Dyo of the Rain and other short stories, 80 pages, 80 gsm off white paper, case bound, Edition 1, self published',6,'a','n','2020-12-11 22:42:37','2020-12-11 22:42:37'),(93,4,'exhibition_1607706824.jpeg','Ben Barbour, Mixed media on a page','','Ben Barbour, Abandoned Dhows, Al Wakrah, Mixed media on a page from a discarded ledger book from the Ministry of Agriculture &amp; Industry, Qatar, 35 cm x 50 cm',7,'a','n','2020-12-11 22:43:44','2020-12-11 22:43:44'),(94,4,'exhibition_1607706852.jpeg','Deng Yifu, book art, Diplomatic History','','Deng Yifu, Diplomatic History (Y1145-Gun),  Book and Perspex with Screws, 20.3 cm x 14 cm x 4.2 cm, 2003-05',8,'a','n','2020-12-11 22:44:12','2020-12-11 22:44:12'),(95,4,'exhibition_1607706895.jpeg','Madiha Sikander, Gadrung on paper,','','Madiha Sikander, Roses are Red, Gadrung on paper, 11.5 cm x 17.5 cm x 1.25 cm, 2014',9,'a','n','2020-12-11 22:44:55','2020-12-11 22:44:55'),(96,4,'exhibition_1607706915.jpeg','Meera Devidayal, Artist book, digital print','','Meera Devidayal, Into the Rose Garden, Artist book, Digital print on photo paper, 2014',10,'a','n','2020-12-11 22:45:15','2020-12-11 22:45:15'),(97,4,'exhibition_1607707016.jpeg','Preksha Tater, Sketchbook and e-proxy composed','','Preksha Tater, I feel..., Sketchbook and e-proxy composed, 21.5 cm x 13.5 cm x 12.5 cm',11,'a','n','2020-12-11 22:46:56','2020-12-11 22:46:56'),(98,4,'exhibition_1607707057.jpeg','Preksha Tater, Sketchbook and e-proxy composed','','Preksha Tater, _I feel....., Sketchbook and e-proxy composed, 27.5 cm x 12.5 cm x 10 cm',12,'a','n','2020-12-11 22:47:37','2020-12-11 22:47:37'),(99,4,'exhibition_1607707479.jpeg','Rabindra Shreshta, Book art','','Rabindra Shreshta, Vs (versus), Sketchbook and e-proxy composed, 53.5 cm x 34 cm X 12.5 cm',13,'a','n','2020-12-11 22:54:39','2020-12-11 22:54:39'),(100,4,'exhibition_1607707535.jpeg','Samanta Batra Mehta, Antiquarian books, Ink, graphite, gesso','','Samanta Batra Mehta, The Anthropology of Time, Antiquarian books, Ink, graphite, gesso, 23k gold leaf , plastic plants, 2012',14,'a','n','2020-12-11 22:55:35','2020-12-11 22:55:35'),(101,4,'exhibition_1607707572.jpeg','Samit Das, Hand stitched Unique book art','','Samit Das, Vibrations and Silence-4, Card board egg box &amp; paper, Hand stitched Unique Artwork, 16.5 cm x 11 cm x 6.5 cm (Egg box), variable when unfolded, 2002',15,'a','n','2020-12-11 22:56:12','2020-12-11 22:56:12'),(102,4,'exhibition_1607707626.jpeg','Samit Das, Hand stitched Unique book art','','Samit Das, Vibrations and Silence-5, Drawing ink on acid free handmade paper,  pencil, cut out and burnt lines, Set of two books, Unique artist books, 21 cm x 15 cm x 3 cm and 21 cm x 15 cm x 2 cm, 2013',16,'a','n','2020-12-11 22:57:06','2020-12-11 22:57:06'),(103,4,'exhibition_1607707682.jpeg','Sarwagya Nembang, artist book','','Sarwagya Nembang (Ubahang), A Place Called Home, 32 pages, special ivory paper, hard-bound, edition 1 (6 copies)',17,'a','n','2020-12-11 22:58:02','2020-12-11 22:58:02'),(104,4,'exhibition_1607707715.jpeg','Sathyanand Mohan, Chronical, archival photographs','','Sathyanand Mohan , Chronical, set of 25 photographs, 40 cm x 60 cm (each), 2013',18,'a','n','2020-12-11 22:58:35','2020-12-11 22:58:35'),(105,4,'exhibition_1607707766.jpeg','Tanmoy Samanta, Recycled book, paperboard &amp; gouache','','Tanmoy Samanta, The Cartographer\'s Paradox, Recycled book, paperboard &amp; gouache on rice paper, 22.5 cm x 37.5 cm x 2.5 cm, 2014',19,'a','n','2020-12-11 22:59:26','2020-12-11 22:59:26'),(106,4,'exhibition_1607707791.jpeg','Zach Stensen, Artist Book','','Zach Stensen, Elementary Astronomy, Dryfire Press, 15.7 cm x 23.2 cm, 29 pages Edition of 22, 2011',20,'a','n','2020-12-11 22:59:51','2020-12-11 22:59:51'),(107,4,'exhibition_1607708730.jpeg','Reading Room at Kochi Biennale','','Installation',21,'a','n','2020-12-11 23:15:30','2020-12-11 23:15:30'),(108,4,'exhibition_1607708765.jpeg','Reading Room at Kochi Biennale','','Installation',22,'a','n','2020-12-11 23:16:05','2020-12-11 23:16:05'),(109,4,'exhibition_1607708785.jpeg','Reading Room at Kochi Biennale','','Installation',23,'a','n','2020-12-11 23:16:25','2020-12-11 23:16:25'),(110,4,'exhibition_1607708803.jpeg','Reading Room at Kochi Biennale','','Installation',24,'a','n','2020-12-11 23:16:43','2020-12-11 23:16:43'),(111,6,'exhibition_1607708891.jpeg','Amritah Sen, Artist Book','','Amritah Sen, Closed Chapter, A modified exercise copy with water colour, paper collage, thread and ceramic eye, 54 cm x 27.5 cm x 5.5 cm',1,'a','n','2020-12-11 23:18:11','2020-12-11 23:18:11'),(112,6,'exhibition_1607708923.jpeg','Banoo Batliboi, Vintage leather bound books folded anew','','Banoo Batliboi, Clam, Vintage leather bound books folded anew, 40 cm x 22.5 cm x 27.5 cm, 2015',2,'a','n','2020-12-11 23:18:43','2020-12-11 23:18:43'),(113,6,'exhibition_1607708948.jpeg','Banoo Batliboi, Vintage leather bound books folded anew','','Banoo Batliboi, Cruciferous, Vintage leather bound books folded anew, 35 cm x 22.5 cm x 27.5 cm, 2015',3,'a','n','2020-12-11 23:19:08','2020-12-11 23:19:08'),(114,6,'exhibition_1607708974.jpeg','Banoo Batliboi, Vintage leather bound books folded anew','','Banoo Batliboi, Knuckleduster, Vintage leather bound books folded anew, 35 cm x 22.5 cm x 27.5 cm, 2015',4,'a','n','2020-12-11 23:19:34','2020-12-11 23:19:34'),(115,6,'exhibition_1607709045.jpeg','Katsushi Goto &amp; Vishwa Shroff, Artist Book','','Katsushi Goto &amp; Vishwa Shroff, Postulating Premises, Artists book- inkjet printing on grey transparencies and Somerset paper, 15.2 cm x 30.5 cm (Edition of 10)',5,'a','n','2020-12-11 23:20:45','2020-12-11 23:20:45'),(116,6,'exhibition_1607709071.jpeg','Liz Fernando, book art,  Digital Photographs','','Liz Fernando, Trincomalee - My father’s stories and the lost photographs, Digital Photographs,  24 cm x 21 cm (77 pages), 2012',6,'a','n','2020-12-11 23:21:11','2020-12-11 23:21:11'),(117,6,'exhibition_1607759755.jpeg','Mahula Ghosh, hand made paper sketch book','','Mahula Ghosh, Stains II, Water colour, stitch on Nepali paper and fabric on hand made paper sketch book, 20 cm X 19 cm',7,'a','n','2020-12-12 13:25:55','2020-12-12 13:25:55'),(118,6,'exhibition_1607759805.jpeg','Mansha Chhatwal, Book ash, Acrylic medium on Archival paper','','Mansha Chhatwal, Drawing the Line of Intolerance, Book ash, Acrylic medium on Archival paper , 55 cm X 27.5 cm, 2015',8,'a','y','2020-12-12 13:26:45','2020-12-12 16:58:56'),(119,6,'exhibition_1607759870.jpeg','Mansha Chhatwal, Paper ashes','','Mansha Chhatwal, Lajja- Such a long journey, Selected short stories of Shen Congwen, Madhorubhagan, Taiwan Ron, Paper Ashes and mixed media, Variable',9,'a','n','2020-12-12 13:27:50','2020-12-12 13:27:50'),(120,6,'exhibition_1607759900.jpeg','Poonam Jain, Book Art','','Poonam Jain, Swollen Book, Artificial feathers, book, metal door handles, Variable',10,'a','y','2020-12-12 13:28:20','2020-12-12 16:59:13'),(121,6,'exhibition_1607759922.jpeg','Preksha Tater, Sketchbook and e-proxy composed','','Preksha Tater, _I feel....., Sketchbook and e-proxy composed, 27.5 cm x 12.5 cm x 10 cm',11,'a','y','2020-12-12 13:28:42','2020-12-12 16:59:17'),(122,6,'exhibition_1607760738.jpeg','Preksha Tater, Sketchbook and e-proxy composed','','Preksha Tater, I feel..., Sketchbook and e-proxy composed, 21.5 cm x 13.5 cm x 12.5 cm',12,'a','y','2020-12-12 13:42:18','2020-12-12 16:59:19'),(123,6,'exhibition_1607772820.jpeg','Mansha Chhatwal, Paper ashes','','Mansha Chhatwal, Drawing the Line of Intolerance - Abu Nuwas, A Genius of Poetry, Book ash, acrylic on archival paper , 55 cm X 27.5 cm, 2015',8,'a','n','2020-12-12 17:03:40','2020-12-12 17:03:40'),(124,6,'exhibition_1607772935.jpeg','Mansha Chhatwal, Book ash, Acrylic medium on Archival paper','','Mansha Chhatwal, Drawing the Line of Intolerance - Such a Long Journey, Rohinton Mistry, Book ash, acrylic on archival paper , 55 cm X 27.5 cm, 2015',9,'a','n','2020-12-12 17:05:35','2020-12-12 17:05:35'),(125,6,'exhibition_1607772992.jpeg','Mansha Chhatwal, Book ash, Acrylic medium on Archival paper','','Mansha Chhatwal, Drawing the Line of Intolerance - Madhorubhagan, Perumal Murugan, Book ash, acrylic on archival paper , 55 cm X 27.5 cm, 2015',10,'a','n','2020-12-12 17:06:32','2020-12-12 17:06:32'),(126,6,'exhibition_1607773048.jpeg','Mansha Chhatwal, Book ash, Acrylic medium on Archival paper','','Mansha Chhatwal, Drawing the Line of Intolerance - God Resigns at the Summit Meeting, Nawal El Saadawi, Book ash, acrylic on archival paper , 55 cm X 27.5 cm, 2015',11,'a','n','2020-12-12 17:07:28','2020-12-12 17:07:28'),(127,6,'exhibition_1607773101.jpeg','Mansha Chhatwal, Book ash, Acrylic medium on Archival paper','','Mansha Chhatwal, Drawing the Line of Intolerance - Perburuan, Pramoedya Anata Toer, Book ash, acrylic on archival paper , 55 cm X 27.5 cm, 2015',12,'a','n','2020-12-12 17:08:21','2020-12-12 17:08:21'),(128,6,'exhibition_1607773128.jpeg','Mansha Chhatwal, Book ash, Acrylic medium on Archival paper','','Mansha Chhatwal, Drawing the Line of Intolerance - The Satanic Verses, Salman Rushdie, Book ash, acrylic on archival paper , 55 cm X 27.5 cm, 2015',13,'a','n','2020-12-12 17:08:48','2020-12-12 17:08:48'),(129,6,'exhibition_1607773172.jpeg','Mansha Chhatwal, Book ash, Acrylic medium on Archival paper','','Mansha Chhatwal, Drawing the Line of Intolerance - Lajja, Taslima Nasrin, Book ash, acrylic on archival paper , 55 cm X 27.5 cm, 2015',14,'a','n','2020-12-12 17:09:32','2020-12-12 17:09:32'),(130,6,'exhibition_1607773300.jpeg','Poonam Jain, Book Art','','Poonam Jain, Swollen Book, Artificial feathers, book, metal door handles, Variable',16,'a','n','2020-12-12 17:11:40','2020-12-12 17:11:40'),(131,6,'exhibition_1607773353.jpeg','Preksha Tater, Sketchbook and e-proxy composed','','Preksha Tater, _I feel....., Sketchbook and e-proxy composed, 27.5 cm x 12.5 cm x 10 cm',17,'a','n','2020-12-12 17:12:33','2020-12-12 17:12:33'),(132,6,'exhibition_1607773375.jpeg','Preksha Tater, Sketchbook and e-proxy composed','','Preksha Tater, I feel..., Sketchbook and e-proxy composed, 21.5 cm x 13.5 cm x 12.5 cm',18,'a','n','2020-12-12 17:12:55','2020-12-12 17:12:55'),(133,6,'exhibition_1607773394.jpeg','Rabindra Shreshta, Book art','','Rabindra Shreshta, Vs (versus), Sketchbook and e-proxy composed, 53.5 cm x 34 cm X 12.5 cm',19,'a','n','2020-12-12 17:13:14','2020-12-12 17:13:14'),(134,6,'exhibition_1607773445.jpeg','Ravi Kumar Kashi, Artist book','','Ravi Kumar Kashi,, Everything He Touched, Conte, ink and photocopy transfer on Japanese raka stained handmade paper, 36 cm x 30 cm x 1 cm',20,'a','n','2020-12-12 17:14:05','2020-12-12 17:14:05'),(135,6,'exhibition_1607776370.jpeg','Sathyanand Mohan, Chronical, archival photographs','','Sathyanand Mohan , Chronical, set of 25 photographs, 40 cm x 60 cm (each), 2013',21,'a','n','2020-12-12 18:02:50','2020-12-12 18:02:50'),(136,6,'exhibition_1607776436.jpeg','Saubiya Chasmawala,  Mix media on paper','','Saubiya Chasmawala, Untitled, Mix media on paper, 30 cm X 45 cms, 2015',22,'a','n','2020-12-12 18:03:56','2020-12-12 18:03:56'),(137,6,'exhibition_1607776501.jpeg','Samanta Batra Mehta, Antiquarian books, Ink, graphite, gesso','','Samanta Batra Mehta, The Anthropology of Time, Antiquarian books, Ink, graphite, gesso, 23k gold leaf , plastic plants, 2012',23,'a','n','2020-12-12 18:05:01','2020-12-12 18:05:01'),(138,6,'exhibition_1607776906.jpeg','Tanmoy Samanta, Recycled book, paperboard &amp; gouache','','Tanmoy Samanta, Shadow Palace, Recycled book, paperboard &amp; gouache on rice paper, 25 cm x 35 cm x 2.5 cm, 2014',23,'a','n','2020-12-12 18:11:46','2020-12-12 18:11:46'),(139,6,'exhibition_1607776940.jpeg','Tanmoy Samanta, Recycled book, paperboard &amp; gouache','','Tanmoy Samanta, The Cartographer\'s Paradox, Recycled book, paperboard &amp; gouache on rice paper, 22.5 cm x 37.5 cm x 2.5 cm, 2014',24,'a','n','2020-12-12 18:12:20','2020-12-12 18:12:20'),(140,6,'exhibition_1607776985.jpeg','Vishwa Shroff, artist pocket book','','Vishwa Shroff, Room (Physical structure in the book format and questioning if objects define narratives), archival inkjet on Canson paper, pocket book',25,'a','n','2020-12-12 18:13:05','2020-12-12 18:13:05'),(141,6,'exhibition_1607777032.jpeg','Youdhisthir Maharjan,  Cutout reclaimed text','','Youdhisthir Maharjan, Looking for Love, Cutout reclaimed text, 22.9 cm x 15.2 cm, 2014',26,'a','n','2020-12-12 18:13:52','2020-12-12 18:13:52'),(142,6,'exhibition_1607777106.jpeg','Youdhisthir Maharjan,  Acrylic and Ink on reclaimed text','','Youdhisthir Maharjan, Falling in “Love”, Acrylic and Ink on reclaimed text, 20.3 cm x 14 cm, 2014',27,'a','n','2020-12-12 18:15:06','2020-12-12 18:15:06'),(143,6,'exhibition_1607777155.jpeg','Youdhisthir Maharjan,  Mixed media on reclaimed text','','Youdhisthir Maharjan, The Wheel of Life?, Mixed media on reclaimed text, 23.5 cm x 15.2 cm, 2014',28,'a','n','2020-12-12 18:15:55','2020-12-12 18:15:55'),(144,6,'exhibition_1607777198.jpeg','Youdhisthir Maharjan, Scrapped reclaimed text','','Youdhisthir Maharjan, The Space between us, Scrapped reclaimed text, 20.3 cm x 14 cm, 2014',28,'a','n','2020-12-12 18:16:38','2020-12-12 18:16:38'),(145,6,'exhibition_1607777522.jpeg','Reading Room at University of Winchester','','Installation',28,'a','n','2020-12-12 18:22:02','2020-12-12 18:22:02'),(146,6,'exhibition_1607777540.jpeg','Reading Room at University of Winchester','','Installation',29,'a','n','2020-12-12 18:22:20','2020-12-12 18:22:20'),(147,6,'exhibition_1607777558.jpeg','Reading Room at University of Winchester','','Installation',30,'a','n','2020-12-12 18:22:38','2020-12-12 18:22:38'),(148,7,'exhibition_1607778069.jpeg','Amritah Sen, Artist Book','','Amritah Sen, Closed Chapter, A modified exercise copy with water colour, paper collage, thread and ceramic eye, 54 cm x 27.5 cm x 5.5 cm',1,'a','n','2020-12-12 18:31:09','2020-12-12 18:31:09'),(149,7,'exhibition_1607778096.jpeg','Banoo Batliboi, abstraction of book art, Digital print','','Banoo Batliboi, Age of Shiva, Digital print on metallic paper, 47 cm x 37 cm, 2014',2,'a','n','2020-12-12 18:31:36','2020-12-12 18:31:36'),(150,7,'exhibition_1607778119.jpeg','Banoo Batliboi, abstraction of book art, Digital print','','Banoo Batliboi, Pacific patterns, Digital print on metallic paper, 47 cm x 37 cm, 2014',3,'a','n','2020-12-12 18:31:59','2020-12-12 18:31:59'),(151,7,'exhibition_1607778139.jpeg','Banoo Batliboi, abstraction of book art, Digital print','','Banoo Batliboi, The travel book, Digital print on metalic paper, 47 cm x 37 cm, 2014',4,'a','n','2020-12-12 18:32:19','2020-12-12 18:32:19'),(152,7,'exhibition_1607778159.jpeg','Banoo Batliboi, Vintage leather bound books folded anew','','Banoo Batliboi, Clam, Vintage leather bound books folded anew, 40 cm x 22.5 cm x 27.5 cm, 2015',5,'a','n','2020-12-12 18:32:39','2020-12-12 18:32:39'),(153,7,'exhibition_1607778182.jpeg','Jagath Weerasinghe, Accordion book, mixed media drawings','','Jagath Weerasinghe, Cause of Illness, Mixed media on paper , 315 cm x  31.5 cm, 2011',6,'a','n','2020-12-12 18:33:02','2020-12-12 18:33:02'),(154,7,'exhibition_1607778202.jpeg','Katsushi Goto &amp; Vishwa Shroff, Artist Book','','Katsushi Goto &amp; Vishwa Shroff, Postulating Premises, Artists book- inkjet printing on grey transparencies and Somerset paper, 15.2 cm x 30.5 cm (Edition of 10)',7,'a','n','2020-12-12 18:33:22','2020-12-12 18:33:22'),(155,7,'exhibition_1607778259.jpeg','Kingsley Gunatillake, book art, Used books and toy soldiers','','Kingsley Gunatilake, Bullet Book, Used books and toy soldiers, 27.5 cm x 21 cm x 2 cm, 2014',8,'a','n','2020-12-12 18:34:19','2020-12-12 18:34:19'),(156,7,'exhibition_1607778273.jpeg','Liz Fernando, book art,  Digital Photographs','','Liz Fernando, Trincomalee - My father’s stories and the lost photographs, Digital Photographs,  24 cm x 21 cm (77 pages), 2012',9,'a','n','2020-12-12 18:34:33','2020-12-12 18:34:33'),(157,7,'exhibition_1607778301.jpeg','Madiha Sikander, Gadrung on paper,','','Madiha Sikander, Home Away from Home, Gadrung on paper, 17.5 cm x 12. 5 cm, 2015',10,'a','n','2020-12-12 18:35:01','2020-12-12 18:35:01'),(158,7,'exhibition_1607778322.jpeg','Madiha Sikander, Gadrung on paper,','','Madiha Sikander, Inconvenient Truth II, Gadrung on paper, 32 cm x 22.5 cm, 2015',11,'a','n','2020-12-12 18:35:22','2020-12-12 18:35:22'),(159,7,'exhibition_1607778341.jpeg','Mahula Ghosh, hand made paper sketch book','','Mahula Ghosh, Stains II, Water colour, stitch on Nepali paper and fabric on hand made paper sketch book, 20 cm X 19 cm',12,'a','n','2020-12-12 18:35:41','2020-12-12 18:35:41'),(160,7,'exhibition_1607778427.jpeg','Mansha Chhatwal, Book ash, Acrylic medium on Archival paper','','Mansha Chhatwal, Drawing the Line of Intolerance - Abu Nuwas, A Genius of Poetry, Book ash, acrylic on archival paper , 55 cm x 27.5 cm, 2015',13,'a','n','2020-12-12 18:37:07','2020-12-12 18:37:07'),(161,7,'exhibition_1607778460.jpeg','Mansha Chhatwal, Book ash, Acrylic medium on Archival paper','','Mansha Chhatwal, Drawing the Line of Intolerance - Such a Long Journey, Rohinton Mistry, Book ash, acrylic on archival paper , 55 cm x 27.5 cm, 2015',14,'a','n','2020-12-12 18:37:40','2020-12-12 18:37:40'),(162,7,'exhibition_1607778496.jpeg','Mansha Chhatwal, Book ash, Acrylic medium on Archival paper','','Mansha Chhatwal, Drawing the Line of Intolerance - Madhorubhagan, Perumal Murugan, Book ash, acrylic on archival paper , 55 cm X 27.5 cm, 2015',15,'a','n','2020-12-12 18:38:16','2020-12-12 18:38:16'),(163,7,'exhibition_1607778538.jpeg','Mansha Chhatwal, Book ash, Acrylic medium on Archival paper','','Mansha Chhatwal, Drawing the Line of Intolerance - God Resigns at the Summit Meeting, Nawal El Saadawi, Book ash, acrylic on archival paper , 55 cm X 27.5 cm, 2015',16,'a','n','2020-12-12 18:38:58','2020-12-12 18:38:58'),(164,7,'exhibition_1607778578.jpeg','','','Mansha Chhatwal, Drawing the Line of Intolerance - Perburuan, Pramoedya Anata Toer, Book ash, acrylic on archival paper , 55 cm x 27.5 cm, 2015',17,'a','n','2020-12-12 18:39:38','2020-12-12 18:39:38'),(165,7,'exhibition_1607778624.jpeg','Mansha Chhatwal, Book ash, Acrylic medium on Archival paper','','Mansha Chhatwal, Drawing the Line of Intolerance - The Satanic Verses, Salman Rushdie, Book ash, acrylic on archival paper , 55 cm x 27.5 cm, 2015',18,'a','n','2020-12-12 18:40:24','2020-12-12 18:40:24'),(166,7,'exhibition_1607778646.jpeg','Mansha Chhatwal, Book ash, Acrylic medium on Archival paper','','Mansha Chhatwal, Drawing the Line of Intolerance - Lajja, Taslima Nasrin, Book ash, acrylic on archival paper , 55 cm x 27.5 cm, 2015',19,'a','n','2020-12-12 18:40:46','2020-12-12 18:40:46'),(167,7,'exhibition_1607778709.jpeg','Pala Pothupitiye, Archival print book','','Pala Pothupitiye, Jaffna to Vavuniya division map-Matara &amp; Hambantota division map, Archival print book, 50 cm x 31 cm, 2016',20,'a','n','2020-12-12 18:41:49','2020-12-12 18:41:49'),(168,7,'exhibition_1607778737.jpeg','Preksha Tater, Sketchbook and e-proxy composed','','Preksha Tater, _I feel....., Sketchbook and e-proxy composed, 27.5 cm x 12.5 cm x 10 cm',21,'a','n','2020-12-12 18:42:17','2020-12-12 18:42:17'),(169,7,'exhibition_1607778772.jpeg','Preksha Tater, Sketchbook and e-proxy composed','','Preksha Tater, I feel..., Sketchbook and e-proxy composed, 21.5 cm x 13.5 cm x 12.5 cm',22,'a','n','2020-12-12 18:42:52','2020-12-12 18:42:52'),(170,7,'exhibition_1607778788.jpeg','Ravi Kumar Kashi, Artist book','','Ravi Kumar Kashi,, Everything He Touched, Conte, ink and photocopy transfer on Japanese raka stained handmade paper, 36 cm x 30 cm x 1 cm',23,'a','n','2020-12-12 18:43:08','2020-12-12 18:43:08'),(171,7,'exhibition_1607778807.jpeg','Sathyanand Mohan, Chronical, archival photographs','','Sathyanand Mohan , Chronical, set of 25 photographs, 40 cm x 60 cm (each), 2013',24,'a','n','2020-12-12 18:43:27','2020-12-12 18:43:27'),(172,7,'exhibition_1607778838.jpeg','Tanmoy Samanta, Recycled book, paperboard &amp; gouache','','Tanmoy Samanta, The Cartographer\'s Paradox, Recycled book, paperboard &amp; gouache on rice paper, 22.5 cm x 37.5 cm x 2.5 cm, 2014',25,'a','n','2020-12-12 18:43:58','2020-12-12 18:43:58'),(173,7,'exhibition_1607778887.jpeg','Youdhisthir Maharjan, Reclaimed text cutout collage and Acry','','Youdhisthir Maharjan, Love (the Others) , Reclaimed text cutout collage and Acrylic , 20 cm x 13 cm, 2015',26,'a','n','2020-12-12 18:44:47','2020-12-12 18:44:47'),(174,7,'exhibition_1607778918.jpeg','Youdhisthir Maharjan, Reclaimed book pages','','Youdhisthir Maharjan, Love, Acrylic and Ink on Reclaimed Book Pages 37.5 cm x 13 cm, 2015',27,'a','n','2020-12-12 18:45:18','2020-12-12 18:45:18'),(175,7,'exhibition_1607778945.jpeg','Youdhisthir Maharjan, Reclaimed text cutout collage and Acry','','Youdhisthir Maharjan, The Garden of Eden, Reclaimed text cutout collage and Acrylic, 21 cm x 14 cm, 2015',28,'a','n','2020-12-12 18:45:45','2020-12-12 18:45:45'),(176,7,'exhibition_1607778973.jpeg','Youdhisthir Maharjan, Reclaimed text cutout collage','','Youdhisthir Maharjan, The Unbearable Lightness of Being,  Reclaimed text cutout collage 52.5 cm x 25.5 cm, 2015',29,'a','n','2020-12-12 18:46:13','2020-12-12 18:46:13'),(177,7,'exhibition_1607779000.jpeg','Reading Room, New York','','Installation',30,'a','n','2020-12-12 18:46:40','2020-12-12 18:46:40'),(178,7,'exhibition_1607779015.jpeg','Reading Room, New York','','Installation',31,'a','n','2020-12-12 18:46:55','2020-12-12 18:46:55'),(179,7,'exhibition_1607779036.jpeg','Reading Room, New York','','Installation',32,'a','n','2020-12-12 18:47:16','2020-12-12 18:47:16'),(180,7,'exhibition_1607779067.jpeg','Reading Room, New York','','Installation',33,'a','n','2020-12-12 18:47:47','2020-12-12 18:47:47'),(181,7,'exhibition_1607779083.jpeg','Reading Room, New York','','Installation',34,'a','n','2020-12-12 18:48:03','2020-12-12 18:48:03'),(182,7,'exhibition_1607779099.jpeg','Reading Room, New York','','Installation',35,'a','n','2020-12-12 18:48:19','2020-12-12 18:48:19'),(183,7,'exhibition_1607779116.jpeg','Reading Room, New York','','Installation',36,'a','n','2020-12-12 18:48:36','2020-12-12 18:48:36'),(184,8,'exhibition_1607867231.jpeg','Debasree Das, embroidery and acrylic on canvas','','Debasree Das, Doll Playing with a Woman, Applique, hand embroidery and acrylic on canvas, 82.5 cm x 82.5 cm, 2014',1,'a','n','2020-12-13 19:17:11','2020-12-13 19:17:11'),(185,8,'exhibition_1607867285.jpeg','Debasree Das, embroidery and acrylic on canvas','','Debasree Das, Its so much safer not to feel, not to let the world touch me- Sylvia Plath, Hand embroidery on silk, pencil, water color on paper, 90 cm x 90 cm, 2015',2,'a','n','2020-12-13 19:18:05','2020-12-13 19:18:05'),(186,8,'exhibition_1607867328.jpeg','Debasree Das, Water color on hand made paper','','Debasree Das, Some Stains Remain Forever (V), Water color on hand made paper, 90 cm x 90 cm, 2014',3,'a','n','2020-12-13 19:18:48','2020-12-13 19:18:48'),(187,8,'exhibition_1607867371.jpeg','Jeetander Ojha, Human hair installation','','Jeetander Ojha, Collection of an Artist, Human hair and cotton thread, Size variable, 2014',4,'a','n','2020-12-13 19:19:31','2020-12-13 19:19:31'),(188,8,'exhibition_1607867420.jpeg','Jeetander Ojha,  Human hair, resin, acrylic on canvas','','Jeetander Ojha, Inside Beauty of the Dark- III, Human hair, resin, acrylic on canvas (diptych), 86 cm x 104 cm, 2013',5,'a','n','2020-12-13 19:20:20','2020-12-13 19:20:20'),(189,8,'exhibition_1607867460.jpeg','Jeetander Ojha, Human hair installation','','Jeetander Ojha, In Memory of Others, Human hair, resin, glass, wire &amp;pigeon feather, 60 cm x 47.5 cm, 2015',6,'a','n','2020-12-13 19:21:00','2020-12-13 19:21:00'),(190,8,'exhibition_1607867504.jpeg','Jeetander Ojha,  Human hair, resin, acrylic on canvas','','Jeetander Ojha, Inside Beauty of the Dark, Human hair, resin, acrylic on canvas, 60 cm x 60 cm, 2013',7,'a','n','2020-12-13 19:21:44','2020-12-13 19:21:44'),(191,8,'exhibition_1607867569.jpeg','Malabika Barman, Etching and aquatint on paper','','Malabika Barman, Untitled, Etching and aquatint on paper, 14 cm x 24 cm, 2013',8,'a','n','2020-12-13 19:22:49','2020-12-13 19:22:49'),(192,8,'exhibition_1607867602.jpeg','Malabika Barman, Etching and aquatint on paper','','Malabika Barman, Untitled, Etching &amp; aquatint on paper, 25 cm x 32.5 cm, 2013',9,'a','n','2020-12-13 19:23:22','2020-12-13 19:23:22'),(193,8,'exhibition_1607867635.jpeg','Malabika Barman, Etching  on paper','','Malabika Barman, Untitled, Etching on paper , 9 cm x 14 cm, 2014',10,'a','n','2020-12-13 19:23:55','2020-12-13 19:23:55'),(194,8,'exhibition_1607867685.jpeg','Malabika Barman, Etching  on paper','','Malabika Barman, Untitled, Etching on paper , 9 cm x 14 cm, 2014',11,'a','n','2020-12-13 19:24:45','2020-12-13 19:24:45'),(195,8,'exhibition_1607867711.jpeg','Malabika Barman, Etching  on paper','','Malabika Barman, Untitled, Etching on paper , 9 cm x 14 cm, 2014',12,'a','n','2020-12-13 19:25:11','2020-12-13 19:25:11'),(196,8,'exhibition_1607867740.jpeg','Malabika Barman, Etching  on paper','','Malabika Barman, Untitled, Etching on paper , 9 cm x 14 cm, 2014',13,'a','n','2020-12-13 19:25:40','2020-12-13 19:25:40'),(197,8,'exhibition_1607867765.jpeg','malabika Barman, Etching  on paper','','Malabika Barman, Untitled, Etching on paper , 9 cm x 14 cm, 2014',14,'a','n','2020-12-13 19:26:05','2020-12-13 19:26:05'),(198,8,'exhibition_1607867792.jpeg','Malabika Barman, Etching  on paper','','Malabika Barman, Untitled, Etching on paper, 12.5 cm x 12.5 cm, 2014',15,'a','n','2020-12-13 19:26:32','2020-12-13 19:26:32'),(199,8,'exhibition_1607867816.jpeg','Malabika Barman, Etching  on paper','','Malabika Barman, Untitled, Etching on paper, 12.5 cm x 22.5 cm, 2014',16,'a','n','2020-12-13 19:26:56','2020-12-13 19:26:56'),(200,8,'exhibition_1607867837.jpeg','Malabika Barman, Etching  on paper','','Malabika Barman, Untitled, Etching on paper, 20 cm x 16 cm, 2014',17,'a','n','2020-12-13 19:27:17','2020-12-13 19:27:17'),(201,8,'exhibition_1607867873.jpeg','Malabika Barman, Etching  on paper','','Malabika Barman, Untitled, Etching on paper, 27.5 cm x 50 cm, 2014',18,'a','n','2020-12-13 19:27:53','2020-12-13 19:27:53'),(202,8,'exhibition_1607867907.jpeg','Maripelly Praveen Goud, Video','','Maripelly Praveen Goud, A man was sitting on the chair sometime back, Video, 2 min 18 sec, 2012',19,'a','n','2020-12-13 19:28:27','2020-12-13 19:28:27'),(203,8,'exhibition_1607867943.jpeg','Maripelly Praveen Goud, Video','','Maripelly Praveen Goud, Rain, Video, 2 min 14 sec, 2012',20,'a','n','2020-12-13 19:29:03','2020-12-13 19:29:03'),(204,8,'exhibition_1607867977.jpeg','Maripelly Praveen Goud, Woodcut on paper','','Maripelly Praveen Goud, Series of feelings and observations, Woodcut on paper, 50 cm x 37.5 cm, 2014',21,'a','n','2020-12-13 19:29:37','2020-12-13 19:29:37'),(205,8,'exhibition_1607868016.jpeg','Maripelly Praveen Goud, Woodcut on paper','','Maripelly Praveen Goud, Series of feelings and observations, Woodcut on paper, 50 cm x 37.5 cm, 2014',22,'a','n','2020-12-13 19:30:16','2020-12-13 19:30:16'),(206,8,'exhibition_1607868046.jpeg','Maripelly Praveen Goud, Woodcut on paper','','Maripelly Praveen Goud, Series of feelings and observations, Woodcut on paper, 50 cm x 37.5 cm, 2014',23,'a','n','2020-12-13 19:30:46','2020-12-13 19:30:46'),(207,8,'exhibition_1607868062.jpeg','Maripelly Praveen Goud, Woodcut on paper','','Maripelly Praveen Goud, Series of feelings and observations, Woodcut on paper, 50 cm x 37.5 cm, 2014',24,'a','n','2020-12-13 19:31:02','2020-12-13 19:31:02'),(208,8,'exhibition_1607868081.jpeg','Maripelly Praveen Goud, Woodcut on paper','','Maripelly Praveen Goud, Series of feelings and observations, Woodcut on paper, 50 cm x 37.5 cm, 2014',25,'a','n','2020-12-13 19:31:21','2020-12-13 19:31:21'),(209,8,'exhibition_1607868098.jpeg','Maripelly Praveen Goud, Woodcut on paper','','Maripelly Praveen Goud, Series of feelings and observations, Woodcut on paper, 50 cm x 37.5 cm, 2014',27,'a','n','2020-12-13 19:31:38','2020-12-13 19:31:38'),(210,8,'exhibition_1607868154.jpeg','Maripelly Praveen Goud,  Acrylic and rotring white pen','','Maripelly Praveen Goud, Untitled, Acrylic and rotring white pen, 75 cm x 75 cm, 2014',28,'a','n','2020-12-13 19:32:34','2020-12-13 19:32:34'),(211,8,'exhibition_1607868208.jpeg','Prabhakar Alok,  Mixed media on canvas','','Prabhakar Alok, Untitled, Mixed media on canvas, 150 cm x 120 cm, 2015',28,'a','n','2020-12-13 19:33:28','2020-12-13 19:33:28'),(212,8,'exhibition_1607868233.jpeg','Prabhakar Alok,  Mixed media on canvas','','Prabhakar Alok, Untitled, Mixed media on canvas, 150 cm x 120 cm, 2015',29,'a','n','2020-12-13 19:33:53','2020-12-13 19:33:53'),(213,8,'exhibition_1607868260.jpeg','Riya Chatterjee, Ink on paper','','Riya Chatterjee, Untitled, Ink on paper, 100 cm x 65 cm, 2014',30,'a','n','2020-12-13 19:34:20','2020-12-13 19:34:20'),(214,8,'exhibition_1607868286.jpeg','Sathyanand Mohan, Acrylic on canvas','','Sathyanand Mohan, Switch, Acrylic on canvas, 180 cm x 120 cm, 2014',31,'a','n','2020-12-13 19:34:46','2020-12-13 19:34:46'),(215,8,'exhibition_1607868338.jpeg','Subrat Kumar Behra, Lithograph','','Subrat Kumar Behra, Migration Of Desire, Lithograph on paper, edition 2/5, 82.5 cm X 105 cm, 2015',32,'a','n','2020-12-13 19:35:38','2020-12-13 19:35:38'),(216,8,'exhibition_1607947225.jpeg','Subrat Kumar Behra, Lithograph','','Subrat Kumar Behra, The resounding impossibility of communication- Exhibit 2, Lithograph on paper, edition 2/3, 30 cm x 120 cm, 2013',33,'a','y','2020-12-14 17:30:25','2020-12-14 17:31:37'),(217,8,'exhibition_1607947349.jpeg','T. Venkanna, acrylic on canvas','','T. Venkanna, Dancing Doll, Acrylic on canvas, 135 cm x 105 cm, 2015',33,'a','n','2020-12-14 17:32:29','2020-12-14 17:32:29'),(218,8,'exhibition_1607947385.jpeg','T. Venkanna, acrylic on canvas','','T. Venkanna, Family Tree, Acrylic on canvas, 135 cm x 105 cm, 2015',34,'a','n','2020-12-14 17:33:05','2020-12-14 17:33:05'),(219,8,'exhibition_1607947427.jpeg','T. Venkanna, Evolution, Etching','','T. Venkanna, Evolution, Etching on paper, edition 2/10,  25 cm x 35 cm, 2015.jpg',35,'a','n','2020-12-14 17:33:47','2020-12-14 17:33:47'),(220,8,'exhibition_1607947502.png','T. Venkanna, Evolution, Etching','','T. Venkanna, I love Me, Etching on paper, edition 1/10, 25 cm x 35 cm, 2015',36,'a','n','2020-12-14 17:35:02','2020-12-14 17:35:02'),(221,9,'exhibition_1607961685.jpeg','Ajay Lakhera, Acrylic on woven canvas','','Ajay Lakhera, To whom it may concern-1, Acrylic on woven canvas,120 cm x 120 cm, 2014-16',1,'a','n','2020-12-14 21:31:25','2020-12-14 21:31:25'),(222,9,'exhibition_1607961705.jpeg','Ajay Lakhera, Acrylic on woven canvas','','Ajay Lakhera, To whom it may concern-2, Acrylic on woven canvas,120 cm x 120 cm, 2014-16',2,'a','n','2020-12-14 21:31:45','2020-12-14 21:31:45'),(223,9,'exhibition_1607961753.jpeg','Ajay Lakhera, Acrylic on woven canvas','','Ajay Lakhera, To whom it may concern-3, Acrylic on woven canvas,120 cm x 120 cm, 2014-16',3,'a','n','2020-12-14 21:32:33','2020-12-14 21:32:33'),(224,9,'exhibition_1607961777.jpeg','Ajay Lakhera, Acrylic on woven canvas','','Ajay Lakhera, To whom it may concern-4, Acrylic on woven canvas, 150 cm x 210 cm, 2016',4,'a','n','2020-12-14 21:32:57','2020-12-14 21:32:57'),(225,9,'exhibition_1607961794.jpeg','Ajay Lakhera, Acrylic on woven canvas','','Ajay Lakhera, To whom it may concern-5, Acrylic on woven canvas, 150 cm x 210 cm, 2016',5,'a','n','2020-12-14 21:33:14','2020-12-14 21:33:14'),(226,9,'exhibition_1607961840.jpeg','Ajay Lakhera, Acrylic on woven canvas','','Ajay Lakhera, To whom it may concern-6, Acrylic on woven canvas, 150 cm x 210 cm, 2016',6,'a','n','2020-12-14 21:34:00','2020-12-14 21:34:00'),(227,9,'exhibition_1607961857.jpeg','Ajay Lakhera, Acrylic on woven canvas','','Ajay Lakhera, To whom it may concern-7, Acrylic on woven canvas, 150 cm x 210 cm, 2016',7,'a','n','2020-12-14 21:34:17','2020-12-14 21:34:17'),(228,9,'exhibition_1607961873.jpeg','Ajay Lakhera, Acrylic on woven canvas','','Ajay Lakhera, To whom it may concern-8, Acrylic on woven canvas, 150 cm x 210 cm, 2016',8,'a','n','2020-12-14 21:34:33','2020-12-14 21:34:33'),(229,9,'exhibition_1607961896.jpeg','Ajay Lakhera, Acrylic on woven canvas','','Ajay Lakhera, To whom it may concern-9, Acrylic on woven canvas, 150 cm x 210 cm, 2016',9,'a','n','2020-12-14 21:34:56','2020-12-14 21:34:56'),(230,9,'exhibition_1607961916.jpeg','Ajay Lakhera, Acrylic on woven canvas','','Ajay Lakhera, To whom it may concern-10, Acrylic on canvas, 150 cm x 300 cm, 2016',10,'a','n','2020-12-14 21:35:16','2020-12-14 21:35:16'),(231,10,'exhibition_1607962339.jpeg','Pala Pothupitiye, Acrylic and ink on canvas','','Pala Pothupitiye, Degree Holder, Acrylic and ink on canvas, 143 cm x 81.5 cm, 2017',1,'a','n','2020-12-14 21:42:19','2020-12-14 21:42:19'),(232,10,'exhibition_1607962378.jpeg','Pala Pothupitiye, Acrylic and ink on archival digital print','','Pala Pothupitiye, Trade Map, Acrylic and ink on archival digital print, 75 cm x 240 cm, 2017',2,'a','y','2020-12-14 21:42:58','2020-12-14 21:44:40'),(233,10,'exhibition_1607962497.jpeg','Pala Pothupitiye, Acrylic and ink on archival digital print','','Pala Pothupitiye, Trade Map, Acrylic and ink on archival digital print, 75 cm x 240 cm, 2017',2,'a','n','2020-12-14 21:44:57','2020-12-14 21:44:57'),(234,10,'exhibition_1607962615.jpeg','Pala Pothupitiye, Knife sculpture','','Pala Pothupitiye, Power &amp; Pride, Knife, acrylic metallic-colour paint, metal sheets of tar barrels, iron and copper, 67.5 cm x 21 cm x 7.5 cm, 2015',3,'a','y','2020-12-14 21:46:55','2020-12-14 21:47:52'),(235,10,'exhibition_1607962715.jpeg','Pala Pothupitiye, printed map, ink, pencil &amp; Japanese paper','','Pala Pothupitiye, Not my Grandmother\'s Polonnaruwa, Government printed map, ink, pencil and Japanese rice paper, 65 cm x 55 cm, 2015',3,'a','n','2020-12-14 21:48:35','2020-12-14 21:48:35'),(236,10,'exhibition_1607962775.jpeg','Pala Pothupitiye, archival printed canvas','','Pala Pothupitiye, Negambo Fort, Ink, pencil and acrylic on archival printed canvas, 55 cm x 74 cm, 2015',4,'a','n','2020-12-14 21:49:35','2020-12-14 21:49:35'),(237,10,'exhibition_1607962797.jpeg','Pala Pothupitiye, archival printed canvas','','Pala Pothupitiye, Katuwana Kotuwa, Ink, pencil and  acrylic on archival printed canvas, 55 cm x 74 cm, 2015',5,'a','n','2020-12-14 21:49:57','2020-12-14 21:49:57'),(238,10,'exhibition_1607962826.jpeg','Pala Pothupitiye, archival printed canvas','','Pala Pothupitiye, Jaffna Fort, Jaffna, Ink, pencil and acrylic on archival printed canvas, 55 cm x 74 cm, 2015',6,'a','n','2020-12-14 21:50:26','2020-12-14 21:50:26'),(239,10,'exhibition_1607963151.jpeg','Pala Pothupitiye, archival printed canvas','','Pala Pothupitiye, Fort Frederick, Trincomalee, Ink, pencil and acrylic on archival printed canvas, 55 cm x 74 cm, 2015',7,'a','n','2020-12-14 21:55:51','2020-12-14 21:55:51'),(240,10,'exhibition_1607963197.jpeg','Pala Pothupitiye, archival printed canvas','','Pala Pothupitiye, Batticaloa Fort, Ink, pencil and acrylic on archival printed canvas, 55 cm x 74 cm, 2015',8,'a','n','2020-12-14 21:56:37','2020-12-14 21:56:37'),(241,10,'exhibition_1607963236.jpeg','Pala Pothupitiye, archival printed canvas','','Pala Pothupitiye,  Star Fort Matara, Ink, pencil, acrylic on archival printed canvas, 55 cm x 74 cm, 2015',9,'a','n','2020-12-14 21:57:16','2020-12-14 21:57:16'),(242,10,'exhibition_1607963292.jpeg','Pala Pothupitiye, archival printed canvas','','Pala Pothupitiye,  Galle Fort, Galle,  Ink, pencil, acrylic on archival printed canvas, 55 cm x 74 cm, 2015',10,'a','n','2020-12-14 21:58:12','2020-12-14 21:58:12'),(243,10,'exhibition_1607963377.jpeg','Pala Pothupitiye, Knife sculpture','','Pala Pothupitiye, Power &amp; Pride, Knife, acrylic metallic-colour paint, metal sheets of tar barrels, iron and copper, 67.5 cm x 21 cm x 7.5 cm, 2015',11,'a','n','2020-12-14 21:59:37','2020-12-14 21:59:37'),(244,10,'exhibition_1607963410.jpeg','Pala Pothupitiye, archival printed canvas','','Pala Pothupitiye, Legends, Acrylic and ink on archival printed canvas, 50 cm x 100 cm, 2015-2016',12,'a','y','2020-12-14 22:00:10','2020-12-14 22:01:15'),(245,10,'exhibition_1607963504.jpeg','Pala Pothupitiye, archival printed canvas','','Pala Pothupitiye, Legends, Acrylic and ink on archival printed canvas, 50 cm x 100 cm, 2015-2016',12,'a','n','2020-12-14 22:01:44','2020-12-14 22:01:44'),(246,10,'exhibition_1607963539.jpeg','Pala Pothupitiye, printed map, ink, pencil &amp; Japanese paper','','Pala Pothupitiye, Jaffna Map, Government printed map, ink, pencil and Japanese rice paper, 60 cm x 94 cm, 2015',13,'a','n','2020-12-14 22:02:19','2020-12-14 22:02:19'),(247,10,'exhibition_1607963573.jpeg','Pala Pothupitiye, printed map, ink, pencil &amp; Japanese paper','','Pala Pothupitiye, Iranamadu Map, Government printed map, ink, pencil and  Japanese rice paper, 64 cm x 90 cm, 2015',14,'a','n','2020-12-14 22:02:53','2020-12-14 22:02:53'),(248,10,'exhibition_1607963643.jpeg','Pala Pothupitiye, Acrylic and ink on archival digital print','','Pala Pothupitiye, Histories and Past, Acrylic and ink on archival digital print, 57.5 cm x 205 cm, 2017',15,'a','n','2020-12-14 22:04:03','2020-12-14 22:04:03'),(249,10,'exhibition_1607963676.jpeg','Pala Pothupitiye, printed map, ink, pencil &amp; Japanese paper','','Pala Pothupitiye, City of Colombo, Government printed map, ink, pencil and Japanese rice paper, 90 cm x 64 cm, 2015',16,'a','n','2020-12-14 22:04:36','2020-12-14 22:04:36'),(250,10,'exhibition_1607963723.jpeg','Pala Pothupitiye, printed map, ink, pencil &amp; Japanese paper','','Pala Pothupitiye, Chavakachcheri Map, Government printed map, ink, pencil and Japanese rice paper, 64 cm x 90 cm, 2015',17,'a','n','2020-12-14 22:05:23','2020-12-14 22:05:23'),(251,10,'exhibition_1607963810.jpeg','Pala Pothupitiye, printed map, ink, pencil &amp; Japanese paper','','Pala Pothupitiye, Matara, May 18th 2009, Government printed map, ink and pencil, 64 cm x 90 cm, 2009',18,'a','n','2020-12-14 22:06:50','2020-12-14 22:06:50'),(252,10,'exhibition_1607963853.jpeg','Pala Pothupitiye, printed map, ink, pencil &amp; Japanese paper','','Pala Pothupitiye, Point Pedro Map, Government printed map, ink, pencil and Japanese rice paper, 64 cm x 90 cm, 2015',19,'a','n','2020-12-14 22:07:33','2020-12-14 22:07:33'),(253,10,'exhibition_1607963907.jpeg','Pala Pothupitiye, archival printed canvas','','Pala Pothupitiye, Barcode World Map, Ink and watercolor on archival digital print, 86 cm x 172.5 cm, 2017',20,'a','y','2020-12-14 22:08:27','2020-12-14 22:09:23'),(254,10,'exhibition_1607963985.jpeg','Pala Pothupitiye, archival printed canvas','','Pala Pothupitiye, Barcode World Map, Ink and watercolor on archival digital print, 86 cm x 172.5 cm, 2017',20,'a','n','2020-12-14 22:09:45','2020-12-14 22:09:45'),(255,11,'exhibition_1607964864.jpeg','Youdhisthir Maharjan, Reclaimed book pages','','A Time to Embrace, Acrylic on reclaimed book pages, 37.5 cm X 34 cm, 2017',1,'a','n','2020-12-14 22:24:24','2020-12-14 22:24:24'),(256,11,'exhibition_1607964905.jpeg','Youdhisthir Maharjan,  Acrylic and Ink on reclaimed text','','Songs without Words, Acrylic and ink on reclaimed book pages, 20 cm x 34 cm, 2017',2,'a','n','2020-12-14 22:25:05','2020-12-14 22:25:05'),(257,11,'exhibition_1607964928.jpeg','Youdhisthir Maharjan,  Acrylic and Ink on reclaimed text','','The Code of Love, Acrylic on reclaimed book pages, 35.5 cm x 22.5 cm, 2017',3,'a','n','2020-12-14 22:25:28','2020-12-14 22:25:28'),(258,11,'exhibition_1607964967.jpeg','Youdhisthir Maharjan,  Acrylic &amp; graphite on reclaimed book','','The Intent of Monks, Acrylic and graphite on reclaimed book page, 20 cm X 12.5 cm,_2017',4,'a','n','2020-12-14 22:26:07','2020-12-14 22:26:07'),(259,11,'exhibition_1607964998.jpeg','Youdhisthir Maharjan,  Acrylic &amp; graphite on reclaimed book','','The Last Song. Acrylic and graphite on reclaimed book page, 20.5 cm x 24 cm each, 2017',5,'a','n','2020-12-14 22:26:38','2020-12-14 22:26:38'),(260,11,'exhibition_1607965052.jpeg','Youdhisthir Maharjan,  Acrylic &amp; graphite on reclaimed book','','The New Music, Acrylic and graphite on reclaimed book page, 21 cm x 14 cm, 2017',6,'a','n','2020-12-14 22:27:32','2020-12-14 22:27:32'),(261,11,'exhibition_1607965081.jpeg','Youdhisthir Maharjan,  Acrylic &amp; graphite on reclaimed book','','The Soul’s Code, Acrylic and graphite on reclaimed book page, 21 cm x 14 cm, 2017',7,'a','n','2020-12-14 22:28:01','2020-12-14 22:28:01'),(262,11,'exhibition_1607965111.jpeg','Youdhisthir Maharjan, Reclaimed text cutout collage','','We’ll Meet Again, Reclaimed text cutout collage, 21 cm x 87.5 cm, 2017',8,'a','n','2020-12-14 22:28:31','2020-12-14 22:28:31'),(263,11,'exhibition_1607965140.jpeg','Youdhisthir Maharjan, Reclaimed text cutout collage','','Woman in Love, Reclaimed text cutout collage and Incense burns, 35 cm x 22.5 cm, 2017',9,'a','n','2020-12-14 22:29:00','2020-12-14 22:29:00'),(264,11,'exhibition_1607965175.jpeg','Youdhisthir Maharjan,  Acrylic &amp; graphite on reclaimed book','','A Map of Life, Acrylic and graphite on reclaimed book page, 20 cm x 22.5 cms, 2017',10,'a','n','2020-12-14 22:29:35','2020-12-14 22:29:35'),(265,11,'exhibition_1607965311.jpeg','Youdhisthir Maharjan,  Acrylic and Ink on reclaimed text','','A Time to Embrace, Acrylic on reclaimed book pages, 37.5 cm X 34 cm, 2017',11,'a','n','2020-12-14 22:31:51','2020-12-14 22:31:51'),(266,11,'exhibition_1607965363.jpeg','Youdhisthir Maharjan, Reclaimed text cutout collage','','A Woman’s Place, Reclaimed text cutout collage, 36 cm x 33 cm, 2017',13,'a','n','2020-12-14 22:32:43','2020-12-14 22:32:43'),(267,11,'exhibition_1607965393.jpeg','Youdhisthir Maharjan, Reclaimed text cutout collage','','An Unquiet Mind, Reclaimed text cut-out collage, 56 cm x 44 cm, 2017',14,'a','n','2020-12-14 22:33:13','2020-12-14 22:33:13'),(268,11,'exhibition_1607965430.jpeg','Youdhisthir Maharjan,  Acrylic &amp; graphite on reclaimed book','','Before Women had Wings, Acrylic and Graphite on Reclaimed text cut out collage, 35 cm x 22.5 cm, 2017',15,'a','n','2020-12-14 22:33:50','2020-12-14 22:33:50'),(269,11,'exhibition_1607965459.jpeg','Youdhisthir Maharjan,  Acrylic and Ink on reclaimed text','','Dreamtime, Acrylic and ink on reclaimed book pages, 29.5 cm x 37.5 cm, 2017',16,'a','n','2020-12-14 22:34:19','2020-12-14 22:34:19'),(270,11,'exhibition_1607965521.jpeg','Youdhisthir Maharjan,  Acrylic &amp; graphite on reclaimed book','','Letter from Kathmandu, Acrylic and graphite on reclaimed book page, 23 cm x 15 cm, 2017',18,'a','n','2020-12-14 22:35:21','2020-12-14 22:35:21'),(271,11,'exhibition_1607965555.jpeg','Youdhisthir Maharjan, Reclaimed text cutout collage','','Of Murmuring Streams, Reclaimed text cut-out collage, 100 cm x 8 cm each, 2017',19,'a','n','2020-12-14 22:35:55','2020-12-14 22:35:55'),(272,12,'exhibition_1607966180.jpeg','Mahbubur Rahman, sculpture stainless steel','','Mahbubur Rahman, Lonely King-1, Stainless steel, surgical scissors &amp; leather, 67.5 cm x 60 cm x 69 cm, 2016',1,'a','n','2020-12-14 22:46:20','2020-12-14 22:46:20'),(273,12,'exhibition_1607966264.jpeg','Mahbubur Rahman, sculpture stainless steel','','Mahbubur Rahman, Sounds from nowhere - 8, stainless steel and surgical scissors, 12.5 cm x 79 cm x 25 cm, 2015',2,'a','n','2020-12-14 22:47:44','2020-12-14 22:47:44'),(274,12,'exhibition_1607966306.jpeg','Mahbubur Rahman, charcoal on paper','','Mahbubur Rahman, What was really happening there, Charcoal on paper, 100 cm x 70 cm, 2015',3,'a','n','2020-12-14 22:48:26','2020-12-14 22:48:26'),(275,12,'exhibition_1607966357.jpeg','Mehreen Murtaza, digital C-print','','Mehreen Murtaza, An Anthology of Cosmic Snippets, Digital C-print (Edition3/3), 37.5 cm x 37.5 cm each, 2006',4,'a','n','2020-12-14 22:49:17','2020-12-14 22:49:17'),(276,12,'exhibition_1607966407.jpeg','Pala Pothupitiye, Japanese rice paper, ink, acrylic','','Pala Pothupitiye, South Asia Map 3, Japanese rice paper, ink, acrylic on printed map, 44 cm x 40 cm, 2013',5,'a','n','2020-12-14 22:50:07','2020-12-14 22:50:07'),(277,12,'exhibition_1607966439.jpeg','Pala Pothupitiye, Japanese rice paper, ink, acrylic','','Pala Pothupitiye, South Asia Map 2, Japanese rice paper, ink, acrylic on printed map, 44 cm x 40 cm, 2013',6,'a','n','2020-12-14 22:50:39','2020-12-14 22:50:39'),(278,12,'exhibition_1607966488.jpeg','Vipeksha Gupta, pencil on paper','','Vipeksha Gupta, Akaliko I, Pencil on paper, 47.5 cm x 35 cm, 2018',7,'a','n','2020-12-14 22:51:28','2020-12-14 22:51:28'),(279,12,'exhibition_1607966513.jpeg','Vipeksha Gupta, pencil on paper','','Vipeksha Gupta, Akaliko II, Pencil on paper, 47.5 cm x 35 cm, 2018',8,'a','n','2020-12-14 22:51:53','2020-12-14 22:51:53'),(280,12,'exhibition_1607966544.jpeg','Vipeksha Gupta, pencil on paper','','Vipeksha Gupta, Bahiya II, Pencil on paper, 100 cm x 69 cm, 2017',9,'a','n','2020-12-14 22:52:24','2020-12-14 22:52:24'),(281,12,'exhibition_1607966574.jpeg','Vipeksha Gupta, pencil on paper','','Vipeksha Gupta, Bahiya l, Pencil on paper, 72.5 cm x 72.5 cm, 2017',10,'a','n','2020-12-14 22:52:54','2020-12-14 22:52:54'),(282,12,'exhibition_1607966606.jpeg','Vipeksha Gupta, pencil on paper','','Vipeksha Gupta, Parisuddham, Pencil on paper, 117.5 cm x 192.5 cm, 2017',11,'a','n','2020-12-14 22:53:26','2020-12-14 22:53:26'),(283,12,'exhibition_1607966680.jpeg','Youdhisthir Maharjan,  Cutout reclaimed text','','Youdhisthir Maharjan, Days of Joy, days of Sorrow, Handcut text collage on deacidified, reclaimed bookpages, 36 cm x 43 cm x 3 cm, 2018',12,'a','n','2020-12-14 22:54:40','2020-12-14 22:54:40'),(284,12,'exhibition_1607966728.jpeg','Youdhisthir Maharjan,  Incense burns on  reclaimed bookpages','','Youdhisthir Maharjan, Drenched in Love, Incense burns on deacidified, reclaimed bookpages, 91 cm x 23 cm, 2018',13,'a','n','2020-12-14 22:55:28','2020-12-14 22:55:28'),(285,12,'exhibition_1607966767.jpeg','Youdhisthir Maharjan,  Incense burns on  reclaimed bookpages','','Youdhisthir Maharjan, Long walk to freedom, Acrylic, Incense burns on deacidified, reclaimed bookpages, 52.5 cm x 12.5 cm, 2018',14,'a','n','2020-12-14 22:56:07','2020-12-14 22:56:07'),(286,12,'exhibition_1607966825.jpeg','Youdhisthir Maharjan,  Cutout reclaimed text','','Youdhisthir Maharjan, Looking for the Self, Handcut text collage on deacidified, reclaimed bookpages, 35 cm x 31 cm, 2018',15,'a','n','2020-12-14 22:57:05','2020-12-14 22:57:05'),(287,12,'exhibition_1607966866.jpeg','Youdhisthir Maharjan, Reclaimed text cutout collage','','Youdhisthir Maharjan, Where the River Ends, Handcut text collage on deacidified reclaimed bookpages, 185 cm x 10 cm, 2018',16,'a','n','2020-12-14 22:57:46','2020-12-14 22:57:46'),(288,12,'exhibition_1607966940.jpeg','Youdhisthir Maharjan, Reclaimed text cutout &amp; incense burn','','Youdhisthir Maharjan, Where we once belonged, Handcut text collage on deacidified reclaimed bookpages and incense burns, 19 cm x 20 cm, 2017',17,'a','n','2020-12-14 22:59:00','2020-12-14 22:59:00'),(289,13,'exhibition_1608023759.jpeg','Mahbubur Rahman, sculpture stainless steel','','My Cello, Stainless steel and surgical scissors, 175 cm x 75 cm x 90 cm, 2018, AP + 1',1,'a','n','2020-12-15 14:45:59','2020-12-15 14:45:59'),(290,13,'exhibition_1608023817.jpeg','Mahbubur Rahman, sculpture stainless steel','','Burning Violin, Stainless steel, 60 cm x 10 cm x 25 cm, 2018, AP+1',2,'a','n','2020-12-15 14:46:57','2020-12-15 14:46:57'),(291,13,'exhibition_1608023979.jpeg','Mahbubur Rahman, sculpture stainless steel','','Dead wings, Stainless steel, 135 cm x 25 cm x 77.5 cm, 2018, AP+1',3,'a','n','2020-12-15 14:49:39','2020-12-15 14:49:39'),(292,13,'exhibition_1608024031.jpeg','Mahbubur Rahman, sculpture stainless steel','','Tower, Stainless steel, 15 cm x 10 cm x 20 cm  each boot, 2017, AP + 5',4,'a','n','2020-12-15 14:50:31','2020-12-15 14:50:31'),(293,13,'exhibition_1608024080.jpeg','Mahbubur Rahman, sculpture stainless steel','','India Gate, Stainless steel, 35 cm x 20 cm x 30 cm, 2018, AP+5',5,'a','n','2020-12-15 14:51:20','2020-12-15 14:51:20'),(294,13,'exhibition_1608024123.jpeg','Mahbubur Rahman, sculpture stainless steel','','Transformation, Stainless steel, 600 cm x 150 cm x 125 cm, 2018, AP+1',6,'a','n','2020-12-15 14:52:03','2020-12-15 14:52:03'),(295,13,'exhibition_1608024174.jpeg','Mahbubur Rahman, sculpture stainless steel','','Man with Gas Mask, Stainless steel, 35 cm x 30 cm x 35 cm, 2016, AP + 5',7,'a','n','2020-12-15 14:52:54','2020-12-15 14:52:54'),(296,13,'exhibition_1608024218.jpeg','Mahbubur Rahman, sculpture stainless steel','','Lonely King, Stainless steel, Surgical scissors &amp; leather, 67.5 cm x 60 cm x 69 cm, 2016',8,'a','n','2020-12-15 14:53:38','2020-12-15 14:53:38'),(297,13,'exhibition_1608024285.jpeg','Mahbubur Rahman, sculpture stainless steel','','Rest Room, Stainless steel, 105 cm x 27.5 cm x 55 cm, 2018, AP+1',9,'a','n','2020-12-15 14:54:45','2020-12-15 14:54:45'),(298,13,'exhibition_1608024365.jpeg','Mahbubur Rahman, digital print','','Lonely King, Digital print, 75 cm x 50 cm, 2018 (AP+5)',10,'a','n','2020-12-15 14:56:05','2020-12-15 14:56:05'),(299,13,'exhibition_1608024393.jpeg','Mahbubur Rahman, digital print','','Lonely King, Digital print, 75 cm x 50 cm, 2018 (AP+5)',11,'a','n','2020-12-15 14:56:33','2020-12-15 14:56:33'),(300,13,'exhibition_1608024409.jpeg','Mahbubur Rahman, digital print','','Lonely King, Digital print, 75 cm x 50 cm, 2018 (AP+5)',12,'a','n','2020-12-15 14:56:49','2020-12-15 14:56:49'),(301,13,'exhibition_1608024482.jpeg','Mahbubur Rahman, iron ink drawing on digital print','','Dislocation, Iron ink drawing and gold leaf on digital print, 67.5 cm x 42.5 cm, 2018, AP+11',13,'a','n','2020-12-15 14:58:02','2020-12-15 14:58:02'),(302,13,'exhibition_1608024513.jpeg','Mahbubur Rahman, iron ink drawing on digital print','','Dislocation, Iron ink drawing and gold leaf on digital print, 67.5 cm x 42.5 cm, 2018, AP+11',14,'a','n','2020-12-15 14:58:33','2020-12-15 14:58:33'),(303,13,'exhibition_1608024527.jpeg','Mahbubur Rahman, iron ink drawing on digital print','','Dislocation, Iron ink drawing and gold leaf on digital print, 67.5 cm x 42.5 cm, 2018, AP+11',15,'a','n','2020-12-15 14:58:47','2020-12-15 14:58:47'),(304,13,'exhibition_1608024541.jpeg','Mahbubur Rahman, iron ink drawing on digital print','','Dislocation, Iron ink drawing and gold leaf on digital print, 67.5 cm x 42.5 cm, 2018, AP+11',16,'a','n','2020-12-15 14:59:01','2020-12-15 14:59:01'),(305,13,'exhibition_1608024640.jpeg','Mahbubur Rahman, digital print','','Transformation, Digital print, 50 cm x 75 cm, 2004-14, AP+5',17,'a','n','2020-12-15 15:00:40','2020-12-15 15:00:40'),(306,13,'exhibition_1608024659.jpeg','Mahbubur Rahman, digital print','','Transformation, Digital print, 50 cm x 75 cm, 2004-14, AP+5',18,'a','n','2020-12-15 15:00:59','2020-12-15 15:00:59'),(307,13,'exhibition_1608024687.jpeg','Mahbubur Rahman, digital print','','Transformation, Digital print, 50 cm x 75 cm, 2004-14, AP+5',19,'a','n','2020-12-15 15:01:27','2020-12-15 15:01:27'),(308,13,'exhibition_1608024753.jpeg','Mahbubur Rahman, acrylic on paper','','Self Slaughter, Acrylic on paper and collage, 62.5 cm x 50 cm, 2000',20,'a','n','2020-12-15 15:02:33','2020-12-15 15:02:33'),(309,13,'exhibition_1608024778.jpeg','Mahbubur Rahman, acrylic on paper','','Self Slaughter, Acrylic on paper and collage, 62.5 cm x 50 cm, 2000',21,'a','n','2020-12-15 15:02:58','2020-12-15 15:02:58'),(310,13,'exhibition_1608024856.jpeg','Mahbubur Rahman, iron ink drawing on digital print','','Dislocation, Iron ink drawing and gold leaf on digital print, 35 cm x 35 cm, 2018',22,'a','n','2020-12-15 15:04:16','2020-12-15 15:04:16'),(311,13,'exhibition_1608024881.jpeg','Mahbubur Rahman, iron ink drawing on digital print','','Dislocation, Iron ink drawing and gold leaf on digital print, 35 cm x 35 cm, 2018',23,'a','n','2020-12-15 15:04:41','2020-12-15 15:04:41'),(312,13,'exhibition_1608024893.jpeg','Mahbubur Rahman, iron ink drawing on digital print','','Dislocation, Iron ink drawing and gold leaf on digital print, 35 cm x 35 cm, 2018',24,'a','n','2020-12-15 15:04:53','2020-12-15 15:04:53'),(313,13,'exhibition_1608024907.jpeg','Mahbubur Rahman, iron ink drawing on digital print','','Dislocation, Iron ink drawing and gold leaf on digital print, 35 cm x 35 cm, 2018',25,'a','n','2020-12-15 15:05:07','2020-12-15 15:05:07'),(314,13,'exhibition_1608024928.jpeg','Mahbubur Rahman, iron ink drawing on digital print','','Dislocation, Iron ink drawing and gold leaf on digital print, 35 cm x 35 cm, 2018',26,'a','n','2020-12-15 15:05:28','2020-12-15 15:05:28'),(315,13,'exhibition_1608024951.jpeg','Mahbubur Rahman, iron ink drawing on digital print','','Dislocation, Iron ink drawing and gold leaf on digital print, 35 cm x 35 cm, 2018',27,'a','n','2020-12-15 15:05:51','2020-12-15 15:05:51'),(316,13,'exhibition_1608025008.jpeg','Mahbubur Rahman, charcoal on paper','','What was really happending there, Charcoal drawing on paper, 100 cm x 70 cm, 2015',28,'a','n','2020-12-15 15:06:48','2020-12-15 15:06:48'),(317,14,'exhibition_1608025269.jpeg','Arshi Irshad Ahmadzai, postcard artwork','','Arshi Irshad Ahmadzai, 3657 Unknown Prints, Natural colour on postcard, 15 cm x 20 cm, 2018',1,'a','n','2020-12-15 15:11:09','2020-12-15 15:11:09'),(318,14,'exhibition_1608025300.jpeg','Arshi Irshad Ahmadzai, postcard artwork','','Arshi Irshad Ahmadzai, 3657 Unknown Prints, Natural colour on postcard, 15 cm x 20 cm, 2018',2,'a','n','2020-12-15 15:11:40','2020-12-15 15:11:40'),(319,14,'exhibition_1608025356.jpeg','Arshi Irshad Ahmadzai, artwork on muslin cloth','','Arshi Irshad Ahmadzai, 3659 Unknown Prints, Natural colour on muslin cloth, 25 cm x 27.7 cm, 2018',3,'a','y','2020-12-15 15:12:36','2020-12-15 15:13:26'),(320,14,'exhibition_1608025402.jpeg','Arshi Irshad Ahmadzai, postcard artwork','','Arshi Irshad Ahmadzai, 3657 Unknown Prints, Natural colour on postcard, 15 cm x 20 cm, 2018',3,'a','n','2020-12-15 15:13:22','2020-12-15 15:13:22'),(321,14,'exhibition_1608025432.jpeg','Arshi Irshad Ahmadzai, postcard artwork','','Arshi Irshad Ahmadzai, 3657 Unknown Prints, Natural colour on postcard, 15 cm x 20 cm, 2018',4,'a','n','2020-12-15 15:13:52','2020-12-15 15:13:52'),(322,14,'exhibition_1608025480.jpeg','Arshi Irshad Ahmadzai, artwork on muslin cloth','','Arshi Irshad Ahmadzai, 3659 Unknown Prints, Natural colour on muslin cloth, 27.5 cm x 25 cm, 2018',5,'a','n','2020-12-15 15:14:40','2020-12-15 15:14:40'),(323,14,'exhibition_1608025520.jpeg','Arshi Irshad Ahmadzai, artwork on muslin cloth','','Arshi Irshad Ahmadzai, 3659 Unknown Prints, Natural colour on muslin cloth, 27 cm x 25 cm, 2018',6,'a','n','2020-12-15 15:15:20','2020-12-15 15:15:20'),(324,14,'exhibition_1608025551.jpeg','Arshi Irshad Ahmadzai, artwork on muslin cloth','','Arshi Irshad Ahmadzai, 3659 Unknown Prints, Natural colour on muslin cloth, 27 cm x 25 cm, 2018',7,'a','n','2020-12-15 15:15:51','2020-12-15 15:15:51'),(325,14,'exhibition_1608025632.jpeg','Champa Mohan Sharath, Hanuman woodcut print','','Champa Sharath, Hanuman with Royal Enfield, woodcut print, 137.5 cm x 197.5 cm, 2016, edition 2/2',8,'a','n','2020-12-15 15:17:12','2020-12-15 15:17:12'),(326,14,'exhibition_1608026361.jpeg','Champa Mohan Sharath, Hanuman woodcut print','','Champa Sharath, Faith,  Woodcut print, 180 cm x 135 cm, 2016, edition 2/2',9,'a','n','2020-12-15 15:29:21','2020-12-15 15:29:21'),(327,14,'exhibition_1608026392.jpeg','Mahbubur Rahman, sculpture stainless steel','','Man with Gas Mask, Stainless steel, 35 cm x 30 cm x 35 cm, 2016, AP + 5',10,'a','y','2020-12-15 15:29:52','2020-12-15 15:30:24'),(328,14,'exhibition_1608026451.jpeg','Mahbubur Rahman, sculpture stainless steel','','Mahbubur Rahman, Tower, Stainless steel, 15 cm x 10 cm x 20 cm  each boot, 2017, AP + 5',10,'a','n','2020-12-15 15:30:51','2020-12-15 15:30:51'),(329,14,'exhibition_1608026474.jpeg','Mahbubur Rahman, sculpture stainless steel','','Mahbubur Rahman, Man with Gas Mask, Stainless steel, 35 cm x 30 cm x 35 cm, 2016, AP + 5',11,'a','n','2020-12-15 15:31:14','2020-12-15 15:31:14'),(330,14,'exhibition_1608026586.jpeg','Mahbubur Rahman, sculpture stainless steel','','Mahbubur Rahman, My Cello, Stainless steel and surgical scissors, 175 cm x 75 cm x 90 cm, 2018, AP + 1',12,'a','n','2020-12-15 15:33:06','2020-12-15 15:33:06'),(331,14,'exhibition_1608026678.jpeg','Mehreen Murtaza, Duratrans print on light box','','Mehreen Murtaza, Divine Invasion, Duratrans print on light box, 125 cm x 62.5 cm, 2008',13,'a','n','2020-12-15 15:34:38','2020-12-15 15:34:38'),(332,14,'exhibition_1608026735.jpeg','Najmun Nehar (Keya), Dhaka Artist','','Najmun Nehar (Keya), The Vibe, Photograph on archival paper, gold, copper, silver leaf, rabbit skin glue, Japanese paper, brass and graphite, Multiple Sizes, 2018',14,'a','n','2020-12-15 15:35:35','2020-12-15 15:35:35'),(333,14,'exhibition_1608026779.jpeg','Pranay Dutta, Acrylic on photographic vinyl sheet','','Pranay Dutta, Beneath the Steel Sky I, Acrylic on photographic vinyl sheet, 135 cm x 180cm, 2019',15,'a','n','2020-12-15 15:36:19','2020-12-15 15:36:19'),(334,14,'exhibition_1608026799.jpeg','Pranay Dutta, Acrylic on photographic vinyl sheet','','&lt;p&gt;Pranay Dutta, Beneath the Steel Sky I, Acrylic on photographic vinyl sheet, 135 cm x 180 cm, 2019&lt;/p&gt;',16,'a','n','2020-12-15 15:36:39','2020-12-16 21:57:08'),(335,15,'exhibition_1608033412.jpeg','Youdhisthir Maharjan, Reclaimed text cutout collage','','Nothing Declared, Hand-cut text collage on deacidified book-pages, 23 cm x 26 cm, 2019',1,'a','n','2020-12-15 17:26:52','2020-12-15 17:26:52'),(336,15,'exhibition_1608033471.jpeg','Youdhisthir Maharjan,Reclaimed text cutout collage &amp; acrylic','','Music of Eternity , Handcut deacidified paper, acrylic and ink , 20.5 cm x 14 cm (each), 2019',2,'a','n','2020-12-15 17:27:51','2020-12-15 17:27:51'),(337,15,'exhibition_1608033515.jpeg','Youdhisthir Maharjan, Reclaimed text cutout collage','','From Small Beginnings, Hand-cut text collage on deacidified book-pages, 19 cm x 24 cm, 2019',3,'a','n','2020-12-15 17:28:35','2020-12-15 17:28:35'),(338,15,'exhibition_1608033591.jpeg','Youdhisthir Maharjan,  Acrylic reclaimed text','','Forever Us, Acrylic on deacidified book-pages, 22.5 cm x 15 cm, 2019',4,'a','n','2020-12-15 17:29:51','2020-12-15 17:29:51'),(339,15,'exhibition_1608033628.jpeg','Youdhisthir Maharjan, Reclaimed text cutout collage','','Coming Full Circle, Hand-cut text collage on deacidified book-pages, 20.5 cm x 13 cm, 2018',5,'a','n','2020-12-15 17:30:28','2020-12-15 17:30:28'),(340,15,'exhibition_1608033693.jpeg','Youdhisthir Maharjan,Reclaimed text cutout collage &amp; acrylic','','An Experience in Cosmic Consciousness, Acrylic and Hand-cut text collage on deacidified book-pages, 38 cm x 23 cm, 2019',6,'a','n','2020-12-15 17:31:33','2020-12-15 17:31:33'),(341,15,'exhibition_1608033744.png','Youdhisthir Maharjan, Hand-woven strips of deacidified pages','','A thread of Truth, Hand-woven strips of deacidified book-pages, 17.5 cm x 41 cm, 2019',7,'a','y','2020-12-15 17:32:24','2020-12-15 17:51:59'),(342,15,'exhibition_1608033783.jpeg','Youdhisthir Maharjan,  Acrylic &amp; graphite on reclaimed book','','A Sacred Scroll, Graphite and Acrylic on deacidified book-pages, 55 cm x 13 cm, 2019',8,'a','n','2020-12-15 17:33:03','2020-12-15 17:33:03'),(343,15,'exhibition_1608033825.jpeg','Youdhisthir Maharjan, Reclaimed text cutout collage','','The Prayer of Quiet, Hand-cut text collage on deacidified book-pages,  29 cm x 25.5 cm, 2019',9,'a','n','2020-12-15 17:33:45','2020-12-15 17:33:45'),(344,15,'exhibition_1608033864.jpeg','Youdhisthir Maharjan,  Cutout reclaimed text','','The Perfect Blueprint for Happiness, Hand-cut deacidified book-pages, 18.5 cm  x 14 cm, 2019',10,'a','n','2020-12-15 17:34:24','2020-12-15 17:34:24'),(345,15,'exhibition_1608033925.jpeg','Youdhisthir Maharjan, Hand-woven strips of deacidified pages','','The Nun’s Tale, Deacidified book-pages, shredded and handwoven, 18.5 cm x 21 cm, 2019',11,'a','n','2020-12-15 17:35:25','2020-12-15 17:35:25'),(346,15,'exhibition_1608033969.jpeg','Youdhisthir Maharjan,  Needle pricks on deacidified pages','','The Map of Heaven, Needle pricks on deacidified book-pages, 37 cm x 34 cm, 2019',12,'a','n','2020-12-15 17:36:09','2020-12-15 17:36:09'),(347,15,'exhibition_1608034008.jpeg','Youdhisthir Maharjan,  Cutout reclaimed text','','The Last Word, Hand-cut text collage on deacidified book-pages, 16 cm x 13 cm, 2018',13,'a','n','2020-12-15 17:36:48','2020-12-15 17:36:48'),(348,15,'exhibition_1608034044.png','Youdhisthir Maharjan,  Acrylic &amp; graphite on reclaimed book','','Texts for Nothing, Graphite and Acrylic on deacidified book-pages, 20.5 cm x 25 cm each, 2019',14,'a','n','2020-12-15 17:37:24','2020-12-15 17:37:24'),(349,15,'exhibition_1608034108.jpeg','Youdhisthir Maharjan,  Cutout reclaimed text &amp; acrylic','','Reflections on a Life, Acrylic and hand-cut deacidified book-pages, 20.5 cm x 32.5 cm, 2019',15,'a','n','2020-12-15 17:38:28','2020-12-15 17:38:28'),(350,15,'exhibition_1608034142.jpeg','Youdhisthir Maharjan,  Acrylic reclaimed text','','One Voice in the Cosmic Fugue, Acrylic on deacidified book-pages, 36 cm x 32 cm, 2019',16,'a','n','2020-12-15 17:39:02','2020-12-15 17:39:02'),(351,15,'exhibition_1608034187.jpeg','Youdhisthir Maharjan,  Ballpoint ink on deacidified bookpage','','One Day at a Time, Ballpoint ink on deacidified book-pages, 112.5 cm x 162.5 cm, 2016-2019',17,'a','n','2020-12-15 17:39:47','2020-12-15 17:39:47'),(352,15,'exhibition_1608034241.jpeg','Youdhisthir Maharjan,  Cutout reclaimed text','','Nothingness to Everything, Hand-cut text collage on deacidified book-pages, 35.5 cm x 30 cm, 2019',18,'a','n','2020-12-15 17:40:41','2020-12-15 17:40:41'),(353,15,'exhibition_1608034283.png','Youdhisthir Maharjan,  Acrylic and Ink on reclaimed text','','To Begin Again, Acrylic on deacidified book-pages, 20.5 cm x 13 cm each, 2019',19,'a','y','2020-12-15 17:41:23','2020-12-15 17:50:20'),(354,15,'exhibition_1608034352.jpeg','Youdhisthir Maharjan,  Cutout reclaimed text','','Theory of Nothing, Hand-cut text collage on deacidified book-pages, 21 cm x 20 cm, 2019',20,'a','n','2020-12-15 17:42:32','2020-12-15 17:42:32'),(355,15,'exhibition_1608034423.jpeg','Youdhisthir Maharjan,  Cutout reclaimed text &amp; acrylic','','The World of the Buddha, Acrylic and hand-cut deacidified book-pages, 16 cm x 40 cm, 2018',21,'a','n','2020-12-15 17:43:43','2020-12-15 17:43:43'),(356,15,'exhibition_1608034472.jpeg','Youdhisthir Maharjan, Reclaimed text cutout collage','','The Weight of Silence, Hand-cut text collage on deacidified book-pages,  85 cm x 12.5 cm, 2019',23,'a','n','2020-12-15 17:44:32','2020-12-15 17:44:32'),(357,15,'exhibition_1608034507.jpeg','Youdhisthir Maharjan, Reclaimed text cutout collage','','The Truth of All Thing, Handcut text collage on deacidified book-pages , 37.5 cm x  37.5 cm, 2019',24,'a','n','2020-12-15 17:45:07','2020-12-15 17:45:07'),(358,15,'exhibition_1608034552.jpeg','Youdhisthir Maharjan, Reclaimed text cutout collage','','The principle of Mahasunya, Handcut text collage on deacidified book-pages , 20 cm x 61 cm, 2019',26,'a','y','2020-12-15 17:45:52','2020-12-15 17:47:50'),(359,15,'exhibition_1608034693.jpeg','Youdhisthir Maharjan, Reclaimed text cutout collage','','The principle of Mahasunya, Handcut text collage on deacidified book-pages , 20 cm x 61 cm, 2019',27,'a','n','2020-12-15 17:48:13','2020-12-15 17:48:13'),(360,15,'exhibition_1608034853.jpeg','Youdhisthir Maharjan,  Acrylic reclaimed text','','To Begin Again, Acrylic on deacidified book-pages, 20.5 cm x 13 cm each, 2019',19,'a','n','2020-12-15 17:50:53','2020-12-15 17:50:53'),(361,15,'exhibition_1608034945.jpeg','Youdhisthir Maharjan, Hand-woven strips of deacidified pages','','A Thread of Truth, Hand-woven strips of deacidified book-pages, 17.5 cm x 41 cm, 2019',7,'a','n','2020-12-15 17:52:25','2020-12-15 17:52:25'),(362,16,'exhibition_1608035932.jpeg','Kingsley Gunatillake, book art, Used books','','History and Culture of Sri Lanka, Used Book and Plaster of Paris, 23 cm x 19 cm, 2016',1,'a','n','2020-12-15 18:08:52','2020-12-15 18:08:52'),(363,16,'exhibition_1608035976.jpeg','Kingsley Gunatillake, book art, Used books','','Health, Used Book and Bandage, 13 cm x 19 cm x 1.5 cm, 2019',2,'a','n','2020-12-15 18:09:36','2020-12-15 18:09:36'),(364,16,'exhibition_1608036047.jpeg','Kingsley Gunatillake, book art, Used books','','Face, Used Book, 18 cm x 24.5 cm, 2019',3,'a','n','2020-12-15 18:10:47','2020-12-15 18:10:47'),(365,16,'exhibition_1608036121.jpeg','Kingsley Gunatillake, book art, Used books &amp; metal','','Encyclopedia, Used book and Metal, 27 cm x 20 cm, 2013',4,'a','n','2020-12-15 18:12:01','2020-12-15 18:12:01'),(366,16,'exhibition_1608036152.jpeg','Kingsley Gunatillake, book art, Used books','','Election, Used book, 15 cm x 21 cm, 2019',5,'a','n','2020-12-15 18:12:32','2020-12-15 18:12:32'),(367,16,'exhibition_1608036193.jpeg','Kingsley Gunatillake, book art, Used books &amp; wood','','Displaced, Used Book, Wood and Paper, 26 cm x 15 cm x 3 cm, 2013',6,'a','n','2020-12-15 18:13:13','2020-12-15 18:13:13'),(368,16,'exhibition_1608036232.jpeg','Kingsley Gunatillake, book art, Used books &amp;cage','','Democracy, Used Book and cage, 48 cm x 35.5 cm x 35.5 cm (size of cage), 2018',7,'a','n','2020-12-15 18:13:52','2020-12-15 18:13:52'),(369,16,'exhibition_1608036281.jpeg','Kingsley Gunatillake, book art, Used books &amp;padlocks','','Democracy 2, Used Books &amp; Padlocks, 26 cm x 15 cm x 1.5 cm, 2019',8,'a','n','2020-12-15 18:14:41','2020-12-15 18:14:41'),(370,16,'exhibition_1608036386.jpeg','Kingsley Gunatillake, book art, Used books &amp; bullets','','Bullet Book, Used Book and charcoal, 19 cm x 26 cm x 1.5 cm, 2019',9,'a','n','2020-12-15 18:16:26','2020-12-15 18:16:26'),(371,16,'exhibition_1608036427.jpeg','Kingsley Gunatillake, book art, Used books &amp; bullets','','Book of Violence, Used Book and charcoal, 20.5 cm x 14 cm x 2 cm, 2016',10,'a','n','2020-12-15 18:17:07','2020-12-15 18:17:07'),(372,16,'exhibition_1608036474.jpeg','Kingsley Gunatillake, book art, Used books &amp; bullets','','Wounded Book, Used Book and charcoal, 22.5 cm x 14 cm x 1.5 cm, 2013',11,'a','n','2020-12-15 18:17:54','2020-12-15 18:17:54'),(373,16,'exhibition_1608036516.jpeg','Kingsley Gunatillake, book art, Used books and toy soldiers','','War Text, Used Books and toy soldiers, 22 cm x 30 cm x 2 cm, 2015',12,'a','n','2020-12-15 18:18:36','2020-12-15 18:18:36'),(374,16,'exhibition_1608036565.jpeg','Kingsley Gunatillake, book art, Used books and toy soldiers','','Bullet Book, Used books and toy soldiers, 27.5 cm x 21 cm x 2 cm, 2014',13,'a','n','2020-12-15 18:19:25','2020-12-15 18:19:25'),(375,16,'exhibition_1608036589.jpeg','Kingsley Gunatillake, book art, Used books and toy soldiers','','War Text, Used Books and toy soldiers, 22 cm x 30 cm x 2 cm, 2015',14,'a','n','2020-12-15 18:19:49','2020-12-15 18:19:49'),(376,16,'exhibition_1608036634.jpeg','Kingsley Gunatillake, book art, Used books &amp; labels','','Security Checked Used books and labels, 20 cm x 26 cm x 1 cm, 2013',15,'a','n','2020-12-15 18:20:34','2020-12-15 18:20:34'),(377,16,'exhibition_1608036697.jpeg','Kingsley Gunatillake, book art, Used books &amp; wooden eggs','','Peace Egg Book, Used Books and 12 wooden eggs. 28 cm x 46 cm x 3 cm, 2019',16,'a','n','2020-12-15 18:21:37','2020-12-15 18:21:37'),(378,16,'exhibition_1608036737.jpeg','Kingsley Gunatillake, book art, Used books &amp; nails','','Nail on Book, Used Book and Nails, 19 cm x 24.5 cm, 2018',17,'a','n','2020-12-15 18:22:17','2020-12-15 18:22:17'),(379,16,'exhibition_1608036802.jpeg','Kingsley Gunatillake, book art, Used books','','May-19, Used Book, Charcoal, Spectacle and Case, Variable, 2019',18,'a','n','2020-12-15 18:23:22','2020-12-15 18:23:22'),(380,16,'exhibition_1608036846.jpeg','Kingsley Gunatillake, book art, Used books','','You cant eat this cake, 7 Used Books and glass, 17 cm x 20.5 cm x 15 cm, 2017',19,'a','n','2020-12-15 18:24:06','2020-12-15 18:24:06'),(381,16,'exhibition_1608036907.jpeg','Kingsley Gunatillake, Used books &amp; acrylic on canvas','','Year 1971, Used Book and acrylic on canvas, 78.5 cm x 58 cm x 2 cm, 2010',20,'a','n','2020-12-15 18:25:07','2020-12-15 18:25:07'),(382,16,'exhibition_1608036923.jpeg','Kingsley Gunatillake, Used books &amp; acrylic on canvas','','Year 1971, Used Book and acrylic on canvas, 78.5 cm x 58 cm x 2 cm, 2010',21,'a','n','2020-12-15 18:25:23','2020-12-15 18:25:23'),(383,16,'exhibition_1608036944.jpeg','Kingsley Gunatillake, Used books &amp; acrylic on canvas','','Year 1971, Used Book and acrylic on canvas, 78.5 cm x 58 cm x 2 cm, 2010',22,'a','n','2020-12-15 18:25:44','2020-12-15 18:25:44'),(384,16,'exhibition_1608036958.jpeg','Kingsley Gunatillake, Used books &amp; acrylic on canvas','','Year 1971, Used Book and acrylic on canvas, 78.5 cm x 58 cm x 2 cm, 2010',23,'a','n','2020-12-15 18:25:58','2020-12-15 18:25:58'),(385,17,'exhibition_1608121876.jpeg','Arshi Irshad Ahmadzai, artwork on muslin cloth','','&lt;p&gt;Arshi Irshad Ahmadzai, An-Nisa, Natural colour on muslin cloth, 50 cm x 40 cm, 2019&lt;/p&gt;',1,'a','n','2020-12-16 18:01:16','2020-12-16 19:07:28'),(386,17,'exhibition_1608121922.jpeg','Arshi Irshad Ahmadzai, artwork on muslin cloth','','&lt;p&gt;Arshi Irshad Ahmadzai, An-Nisa, Natural colour on muslin cloth, 57. 5 cm x 45 cm, 2019&lt;/p&gt;',2,'a','n','2020-12-16 18:02:02','2020-12-16 19:05:56'),(387,17,'exhibition_1608121962.jpeg','Arshi Irshad Ahmadzai, artwork on muslin cloth','','&lt;p&gt;Arshi Irshad Ahmadzai, An-Nisa, Natural colour on muslin cloth,&amp;nbsp;150 cm x&amp;nbsp;117.5 cm, 2019&lt;/p&gt;',3,'a','n','2020-12-16 18:02:42','2020-12-16 18:02:42'),(388,17,'exhibition_1608121998.jpeg','Arshi Irshad Ahmadzai, artwork on muslin cloth','','&lt;p&gt;Arshi Irshad Ahmadzai, An-Nisa, Natural colour on muslin cloth,&amp;nbsp;250 cm x&amp;nbsp;120 cm, 2019&lt;/p&gt;',4,'a','n','2020-12-16 18:03:18','2020-12-16 18:03:18'),(389,17,'exhibition_1608122058.jpeg','Arshi Irshad Ahmadzai, artwork on muslin cloth','','&lt;p&gt;Arshi Irshad Ahmadzai, Pages from Blood Book, Natural colour on muslin cloth, 22.5 cm x&amp;nbsp;20 cm, 2019&lt;/p&gt;',5,'a','n','2020-12-16 18:04:18','2020-12-16 18:04:18'),(390,17,'exhibition_1608122094.jpeg','Arshi Irshad Ahmadzai, artwork on muslin cloth','','&lt;p&gt;Arshi Irshad Ahmadzai, Pages from Blood Book, Natural colour on muslin cloth, 24 cm x&amp;nbsp;15 cm, 2019&lt;/p&gt;',6,'a','n','2020-12-16 18:04:54','2020-12-16 18:04:54'),(391,17,'exhibition_1608122305.jpeg','Arshi Irshad Ahmadzai, artwork on muslin cloth','','&lt;p&gt;Arshi Irshad Ahmadzai, Pages from Blood Book, Natural colour on muslin cloth, 25 cm x&amp;nbsp;25 cm, 2019&lt;/p&gt;',7,'a','n','2020-12-16 18:08:25','2020-12-16 18:08:25'),(392,17,'exhibition_1608122377.jpeg','Arshi Irshad Ahmadzai, artwork on muslin cloth','','&lt;p&gt;Arshi Irshad Ahmadzai, 3657 Unknown Prints, Natural colour on muslin cloth, 24 cm x&amp;nbsp;30 cm, 2019&lt;/p&gt;',8,'a','n','2020-12-16 18:09:37','2020-12-16 18:09:37'),(393,17,'exhibition_1608122411.jpeg','Arshi Irshad Ahmadzai, artwork on muslin cloth','','&lt;p&gt;Arshi Irshad Ahmadzai, 3657 Unknown Prints, Natural colour on muslin cloth, 30 cm x&amp;nbsp;30 cm, 2019&lt;/p&gt;',9,'a','n','2020-12-16 18:10:11','2020-12-16 18:10:11'),(394,17,'exhibition_1608122466.jpeg','Arshi Irshad Ahmadzai, artwork on paper','','&lt;p&gt;Arshi Irshad Ahmadzai, 3657 Unknown Prints, Natural colour on paper, 20 cm x&amp;nbsp;22.5 cm,&amp;nbsp;2019&lt;/p&gt;',9,'a','n','2020-12-16 18:11:06','2020-12-16 18:11:06'),(395,17,'exhibition_1608122518.jpeg','Arshi Irshad Ahmadzai, artwork on paper','','&lt;p&gt;Arshi Irshad Ahmadzai, 3657 Unknown Prints,&amp;nbsp;Natural colour on paper, 20 cm x&amp;nbsp;22.5 cm, 2019&lt;/p&gt;',11,'a','n','2020-12-16 18:11:58','2020-12-16 18:11:58'),(396,17,'exhibition_1608122574.jpeg','Arshi Irshad Ahmadzai, artwork on paper','','&lt;p&gt;Arshi Irshad Ahmadzai, 3657 Unknown Prints,&amp;nbsp;Natural colour on paper, 20 cm x&amp;nbsp;22.5 cm, 2019&lt;/p&gt;',12,'a','n','2020-12-16 18:12:54','2020-12-16 18:12:54'),(397,17,'exhibition_1608122743.jpeg','Arshi Irshad Ahmadzai, artwork on muslin cloth','','&lt;p&gt;Arshi Irshad Ahmadzai, An-Nisa, Natural colour on muslin cloth, 42.5 cm x&amp;nbsp;42.5 cm,&amp;nbsp;2019&lt;/p&gt;',13,'a','n','2020-12-16 18:15:43','2020-12-16 18:15:43'),(398,17,'exhibition_1608122792.jpeg','Arshi Irshad Ahmadzai, artwork on muslin cloth','','&lt;p&gt;Arshi Irshad Ahmadzai, An-Nisa, Natural colour on muslin cloth,&amp;nbsp;41 cm x&amp;nbsp;35 cm, 2019&lt;/p&gt;',16,'a','n','2020-12-16 18:16:32','2020-12-16 18:16:32'),(399,17,'exhibition_1608122830.jpeg','Arshi Irshad Ahmadzai, artwork on muslin cloth','','&lt;p&gt;Arshi Irshad Ahmadzai, An-Nisa,&amp;nbsp;Natural colour on muslin cloth, 40 cm x&amp;nbsp;47.5 cm, 2019&lt;/p&gt;',14,'a','n','2020-12-16 18:17:10','2020-12-16 18:18:49'),(400,17,'exhibition_1608122870.jpeg','Arshi Irshad Ahmadzai, artwork on muslin cloth','','&lt;p&gt;Arshi Irshad Ahmadzai,&amp;nbsp;3657 Unknown Prints, Natural colour on muslin cloth, 30 cm x&amp;nbsp;30 cm,&amp;nbsp;2019&lt;/p&gt;',15,'a','n','2020-12-16 18:17:50','2020-12-16 18:19:12'),(401,17,'exhibition_1608123041.jpeg','Ashmina Ranjit, Video','','&lt;p&gt;Ashmina Ranjit, Same River but the Water, Video, 16 minutes 6 seconds, 2016&lt;/p&gt;',17,'a','n','2020-12-16 18:20:41','2020-12-16 18:20:41'),(402,17,'exhibition_1608123218.jpeg','Jasmine Nilani Joseph, pen on paper, Sri Lankan Artist','','&lt;p&gt;Jasmine Nilani Joseph, Residence I, Pen on paper, 20 cm x&amp;nbsp;76.5 cm, 2018&lt;/p&gt;',19,'a','n','2020-12-16 18:23:38','2020-12-16 18:23:38'),(403,17,'exhibition_1608123247.jpeg','Jasmine Nilani Joseph, pen on paper, Sri Lankan Artist','','&lt;p&gt;Jasmine Nilani Joseph, Residence II, Pen on paper, 20 cm x&amp;nbsp;76.5 cm, 2018&lt;/p&gt;',20,'a','n','2020-12-16 18:24:07','2020-12-16 18:24:07'),(404,17,'exhibition_1608123285.jpeg','Jasmine Nilani Joseph, pen on paper, Sri Lankan Artist','','&lt;p&gt;Jasmine Nilani Joseph, Residence III, Pen on paper, 20 cm x&amp;nbsp;76.5 cm, 2018&lt;/p&gt;',21,'a','n','2020-12-16 18:24:45','2020-12-16 18:24:45'),(405,17,'exhibition_1608123324.jpeg','Jasmine Nilani Joseph, pen on paper, Sri Lankan Artist','','&lt;p&gt;Jasmine Nilani Joseph, Residence IV, Pen on paper,&amp;nbsp;20 cm x&amp;nbsp; 76.5 cm,&amp;nbsp;2018&lt;/p&gt;',21,'a','n','2020-12-16 18:25:24','2020-12-16 18:25:24'),(406,17,'exhibition_1608123382.jpeg','Madiha Sikander, Gadrung on paper, book art','','&lt;p&gt;Madiha Sikander, All Representation is Misrepresentation, Gadrung and gold leaf on paper (hand-painted found book),&amp;nbsp;19 cm X 24 cm X 1 cm,&amp;nbsp;2018&lt;/p&gt;',22,'a','n','2020-12-16 18:26:22','2020-12-16 18:26:22'),(407,17,'exhibition_1608123419.jpeg','Madiha Sikander, Gadrung on paper, book art','','&lt;p&gt;Madiha Sikander, How to Paint a Flower, Gadrung on paper (hand-painted found book), 19 cm x&amp;nbsp;22.5 cm x&amp;nbsp;1 cm, 2017&lt;/p&gt;',23,'a','n','2020-12-16 18:26:59','2020-12-16 18:26:59'),(408,17,'exhibition_1608123580.jpeg','Mansha Chhatwal, Book, beeswax','','&lt;p&gt;Mansha Chhatwal,&amp;nbsp;Brick or a Book - This Earth of Mankind (Pramoedya Ananta Toer),&amp;nbsp;Book page, Fibre, Beeswax and Blue Ink, 24 cm x 15 cm, 2019&lt;/p&gt;',24,'a','n','2020-12-16 18:29:40','2020-12-16 18:29:40'),(409,17,'exhibition_1608123655.jpeg','Mansha Chhatwal, Book, beeswax','','&lt;p&gt;Mansha Chhatwal, Brick or a Book -&amp;nbsp;Sexualpathologie (Magnus Hirschfeld),&amp;nbsp;Book page, Fibre, Beeswax and Blue Ink, 29 cm x&amp;nbsp;17 cm,&amp;nbsp;2019&lt;/p&gt;',25,'a','n','2020-12-16 18:30:55','2020-12-16 18:30:55'),(410,17,'exhibition_1608123723.jpeg','Mansha Chhatwal, Book, beeswax','','&lt;p&gt;Mansha Chhatwal, Brick or a Book &amp;ndash; Buddha Murdered (M. A. Nuhman), Book page, Fibre, Beeswax and Blue Ink, 26 cm x&amp;nbsp;17 cm,&amp;nbsp;2019&lt;/p&gt;',26,'a','n','2020-12-16 18:32:03','2020-12-16 18:32:03'),(411,17,'exhibition_1608123762.jpeg','Mansha Chhatwal, Book, beeswax','','&lt;p&gt;Mansha Chhatwal, Brick or a Book - Oppressed By Nights Of War (S. Sivaramani ),Book page, Fibre, Beeswax and Blue Ink, 26 cm x&amp;nbsp;17 cm, 2019&lt;/p&gt;',27,'a','n','2020-12-16 18:32:42','2020-12-16 18:32:42'),(412,17,'exhibition_1608123806.jpeg','Mansha Chhatwal, Book, beeswax','','&lt;p&gt;Mansha Chhatwal, Brick or a Book - A Full-Body Shave (Perumal Murugan),&amp;nbsp;Book page, Fibre, Beeswax and Blue Ink, 24 cm x&amp;nbsp;14 cm,&amp;nbsp;2019&lt;/p&gt;',28,'a','n','2020-12-16 18:33:26','2020-12-16 18:33:26'),(413,17,'exhibition_1608123845.jpeg','Mansha Chhatwal, Paper ashes','','&lt;p&gt;Mansha Chhatwal, Aftermath &amp;ndash; Five Cities that Ruled the World (Douglas Wilson), Book Ash, Plaster of Paris and pigment, 27.5 cm x&amp;nbsp;11 cm x 9 cm, 2016&lt;/p&gt;',29,'a','n','2020-12-16 18:34:05','2020-12-16 18:34:05'),(414,17,'exhibition_1608123941.jpeg','Mansha Chhatwal, Book ash, Acrylic medium on Archival paper','','&lt;p&gt;Mansha Chhatwal, Library &amp;ndash; Hakim Nasir Khusraw Balkhi Cultural Center (Pol-e Khumri, Afghanistan, 1998), Book ash, Acrylic medium, Ink and Archival paper, 75 cm x&amp;nbsp;55 cm, 2019&lt;/p&gt;',30,'a','n','2020-12-16 18:35:41','2020-12-16 18:35:41'),(415,17,'exhibition_1608124652.jpeg','Mansha Chhatwal, Book ash, Acrylic medium on Archival paper','','&lt;p&gt;Mansha Chhatwal, Library - Jaffna Public Library (Jaffna, Sri Lanka, 1981 &amp;amp;&amp;nbsp;1985), Book ash, Acrylic medium, Ink on Archival paper, 75 cm x&amp;nbsp;55 cm, 2019&lt;/p&gt;',31,'a','n','2020-12-16 18:47:32','2020-12-16 18:47:32'),(416,17,'exhibition_1608124690.jpeg','Mansha Chhatwal, Book ash, Acrylic medium on Archival paper','','&lt;p&gt;Mansha Chhatwal, Library - Institute for Sexual Science (Berlin, 1933), Book ash, Acrylic medium, Ink on Archival paper, 75 cm x&amp;nbsp;55 cm, 2019&lt;/p&gt;',32,'a','n','2020-12-16 18:48:10','2020-12-16 18:48:10'),(417,17,'exhibition_1608125347.jpeg','Mansha Chhatwal, Book ash, Acrylic medium on Archival paper','','&lt;p&gt;Mansha Chhatwal, Drawing the Line of Intolerance,&amp;nbsp;Book ash, Acrylic medium on Archival paper, 55 cm x&amp;nbsp;37.5 cm each, 2019&lt;/p&gt;',34,'a','n','2020-12-16 18:59:07','2020-12-16 18:59:07'),(418,17,'artist_1608134217.jpeg','Najmun Nehar (Keya), Dhaka Artist digital print','','&lt;p&gt;Najmun Nehar Keya, Voyage, Digital print, gold leaf and rabbit skin glue, 7 cm x&amp;nbsp;9 cm each, 2017&lt;/p&gt;',35,'a','n','2020-12-16 19:00:14','2020-12-16 21:26:57'),(419,17,'artist_1608134229.jpeg','Najmun Nehar (Keya), Dhaka Artist digital print','','&lt;p&gt;Najmun Nehar Keya, Echo of Love, Photo print on archival paper and gold leaf, archival glue, 25 cm x&amp;nbsp;30 cm each, 2019&lt;/p&gt;',36,'a','n','2020-12-16 19:00:52','2020-12-16 21:27:09'),(420,17,'artist_1608134241.jpeg','Najmun Nehar (Keya), Dhaka Artist digital print','','&lt;p&gt;Najmun Nehar Keya, Known Unknown, Photo print on archival paper, gold leaf and archival glue, 12.5 cm x&amp;nbsp;10 cm each, 2019&lt;/p&gt;',37,'a','n','2020-12-16 19:01:34','2020-12-16 21:27:21'),(421,17,'exhibition_1608125537.jpeg','Vipeksha Gupta, pencil on paper','','&lt;p&gt;Vipeksha Gupta, Anāpāna-sati, Pencil on paper, 50 cm x&amp;nbsp;50 cm (set of 16),&amp;nbsp;2019&lt;/p&gt;',38,'a','n','2020-12-16 19:02:17','2020-12-16 19:02:17'),(422,17,'exhibition_1608134365.jpeg','Vipeksha Gupta, pencil on paper','','&lt;p&gt;Vipeksha Gupta, Pāramīs (Ten virtues), Pencil on paper, 37.5 cm X 50 cm (set of 10),&amp;nbsp;2019&lt;/p&gt;',38,'a','n','2020-12-16 21:29:25','2020-12-16 21:29:25'),(423,17,'exhibition_1608134963.jpeg','South Asian Women Artists, Gallery Espace','','&lt;p&gt;Installation&lt;/p&gt;\r\n\r\n&lt;p&gt;&amp;nbsp;&lt;/p&gt;',39,'a','n','2020-12-16 21:39:23','2020-12-16 21:39:23'),(424,17,'exhibition_1608134978.jpeg','South Asian Women Artists, Gallery Espace','','&lt;p&gt;Installation&lt;/p&gt;',41,'a','n','2020-12-16 21:39:38','2020-12-16 21:39:38'),(425,17,'exhibition_1608135001.jpeg','South Asian Women Artists, Gallery Espace','','&lt;p&gt;Installation&lt;/p&gt;',42,'a','n','2020-12-16 21:40:01','2020-12-16 21:40:01'),(426,17,'exhibition_1608135018.jpeg','South Asian Women Artists, Gallery Espace','','&lt;p&gt;Installation&lt;/p&gt;',44,'a','n','2020-12-16 21:40:18','2020-12-16 21:40:18'),(427,17,'exhibition_1608135042.jpeg','South Asian Women Artists, Gallery Espace','','&lt;p&gt;Installation&lt;/p&gt;',45,'a','n','2020-12-16 21:40:42','2020-12-16 21:40:42'),(428,16,'exhibition_1608135271.jpeg','Kingsley Gunatillake, solo show, Vadehra Art Gallery','','&lt;p&gt;Installation&lt;/p&gt;',24,'a','n','2020-12-16 21:44:31','2020-12-16 21:45:26'),(429,16,'exhibition_1608135317.jpeg','Kingsley Gunatillake, solo show, Vadehra Art Gallery','','&lt;p&gt;Installation&lt;/p&gt;',25,'a','n','2020-12-16 21:45:17','2020-12-16 21:45:17'),(430,16,'exhibition_1608135347.jpeg','Kingsley Gunatillake, solo show, Vadehra Art Gallery','','&lt;p&gt;Installation&lt;/p&gt;',26,'a','n','2020-12-16 21:45:47','2020-12-16 21:45:47'),(431,16,'exhibition_1608135361.jpeg','Kingsley Gunatillake, solo show, Vadehra Art Gallery','','&lt;p&gt;Installation&lt;/p&gt;',27,'a','n','2020-12-16 21:46:01','2020-12-16 21:46:01'),(432,16,'exhibition_1608135378.jpeg','Kingsley Gunatillake, solo show, Vadehra Art Gallery','','&lt;p&gt;Installation&lt;/p&gt;',28,'a','n','2020-12-16 21:46:18','2020-12-16 21:46:18'),(433,15,'exhibition_1608135468.jpeg','Youdhisthir Maharjan, solo show, Vadehra Art Gallery','','&lt;p&gt;Installation&lt;/p&gt;',25,'a','n','2020-12-16 21:47:48','2020-12-16 21:47:48'),(434,15,'exhibition_1608135484.jpeg','Youdhisthir Maharjan, solo show, Vadehra Art Gallery','','&lt;p&gt;Installation&lt;/p&gt;',26,'a','n','2020-12-16 21:48:04','2020-12-16 21:48:04'),(435,15,'exhibition_1608135496.jpeg','Youdhisthir Maharjan, solo show, Vadehra Art Gallery','','&lt;p&gt;Installation&lt;/p&gt;',27,'a','n','2020-12-16 21:48:16','2020-12-16 21:48:16'),(436,15,'exhibition_1608135508.jpeg','Youdhisthir Maharjan, solo show, Vadehra Art Gallery','','&lt;p&gt;Installation&lt;/p&gt;',28,'a','n','2020-12-16 21:48:28','2020-12-16 21:48:28'),(437,15,'exhibition_1608135523.jpeg','Youdhisthir Maharjan, solo show, Vadehra Art Gallery','','&lt;p&gt;Installation&lt;/p&gt;',29,'a','n','2020-12-16 21:48:43','2020-12-16 21:48:43'),(438,15,'exhibition_1608135536.jpeg','Youdhisthir Maharjan, solo show, Vadehra Art Gallery','','&lt;p&gt;Installation&lt;/p&gt;',30,'a','n','2020-12-16 21:48:56','2020-12-16 21:48:56'),(439,15,'exhibition_1608135547.jpeg','Youdhisthir Maharjan, solo show, Vadehra Art Gallery','','&lt;p&gt;Installation&lt;/p&gt;',31,'a','n','2020-12-16 21:49:07','2020-12-16 21:49:07'),(440,14,'exhibition_1608135833.jpeg','Delhi Contemporary Art Week, south Asian artist','','&lt;p&gt;Installation&lt;/p&gt;',17,'a','n','2020-12-16 21:53:53','2020-12-16 21:53:53'),(441,14,'exhibition_1608135854.jpeg','Delhi Contemporary Art Week, south Asian artist','','&lt;p&gt;Installation&lt;/p&gt;',18,'a','n','2020-12-16 21:54:14','2020-12-16 21:54:14'),(442,14,'exhibition_1608135889.jpeg','Delhi Contemporary Art Week, south Asian artist','','&lt;p&gt;Installation&lt;/p&gt;',19,'a','n','2020-12-16 21:54:49','2020-12-16 21:54:49'),(443,14,'exhibition_1608135904.jpeg','Delhi Contemporary Art Week, south Asian artist','','&lt;p&gt;Installation&lt;/p&gt;',20,'a','n','2020-12-16 21:55:04','2020-12-16 21:55:04'),(444,13,'exhibition_1608136547.jpeg','Mahbubur Rahman, solo show, Bikaner House','','&lt;p&gt;Installation&lt;/p&gt;',29,'a','n','2020-12-16 22:05:47','2020-12-16 22:05:47'),(445,13,'exhibition_1608136568.jpeg','Mahbubur Rahman, solo show, Bikaner House','','&lt;p&gt;Installation&lt;/p&gt;',30,'a','n','2020-12-16 22:06:08','2020-12-16 22:06:08'),(446,13,'exhibition_1608136606.jpeg','Mahbubur Rahman, solo show, Bikaner House','','&lt;p&gt;Installation&lt;/p&gt;',31,'a','n','2020-12-16 22:06:46','2020-12-16 22:06:46'),(447,13,'exhibition_1608136637.jpeg','Mahbubur Rahman, solo show, Bikaner House','','&lt;p&gt;Installation&lt;/p&gt;',33,'a','n','2020-12-16 22:07:17','2020-12-16 22:07:17'),(448,12,'exhibition_1608136950.jpeg','Delhi Contemporary Art Week, south Asian artist','','&lt;p&gt;Installation&lt;/p&gt;',18,'a','n','2020-12-16 22:12:30','2020-12-16 22:12:30'),(449,12,'exhibition_1608136965.jpeg','Delhi Contemporary Art Week, south Asian artist','','&lt;p&gt;Installation&lt;/p&gt;',20,'a','n','2020-12-16 22:12:45','2020-12-16 22:12:45'),(450,12,'exhibition_1608136979.jpeg','Delhi Contemporary Art Week, south Asian artist','','&lt;p&gt;Installation&lt;/p&gt;',21,'a','n','2020-12-16 22:12:59','2020-12-16 22:12:59'),(451,12,'exhibition_1608136997.jpeg','Delhi Contemporary Art Week, south Asian artist','','&lt;p&gt;Installation&lt;/p&gt;',23,'a','n','2020-12-16 22:13:17','2020-12-16 22:13:17'),(452,10,'exhibition_1608137532.jpeg','Pala Pothupitye Solo Show, Exhibit 320','','&lt;p&gt;Installation&lt;/p&gt;',21,'a','n','2020-12-16 22:22:12','2020-12-16 22:22:12'),(453,10,'exhibition_1608137544.jpeg','Pala Pothupitye Solo Show, Exhibit 320','','&lt;p&gt;Installation&lt;/p&gt;',22,'a','n','2020-12-16 22:22:24','2020-12-16 22:22:24'),(454,10,'exhibition_1608137557.jpeg','Pala Pothupitye Solo Show, Exhibit 320','','&lt;p&gt;Installation&lt;/p&gt;',23,'a','n','2020-12-16 22:22:37','2020-12-16 22:22:37'),(455,18,'exhibition_1608140610.jpeg','Arpita Akhanda, paper weave','','&lt;p&gt;Arpita Akhanda, The Dissected Souvenir III, Paper weave, 29 cm x&amp;nbsp;40 cm, 2020&lt;/p&gt;',1,'a','n','2020-12-16 23:13:30','2020-12-16 23:13:30'),(456,18,'exhibition_1608140641.jpeg','Arpita Akhanda, paper weave','','&lt;p&gt;Arpita Akhanda, The Dissected Souvenir III, Paper weave, 29 cm x&amp;nbsp;40 cm, 2020&lt;/p&gt;',2,'a','n','2020-12-16 23:14:01','2020-12-16 23:14:01'),(457,18,'exhibition_1608140670.jpeg','Arpita Akhanda, paper weave','','&lt;p&gt;Arpita Akhanda, The Dissected Souvenir III, Paper weave, 40 cm x&amp;nbsp;29 cm, 2020&lt;/p&gt;',3,'a','n','2020-12-16 23:14:30','2020-12-16 23:14:30'),(458,18,'exhibition_1608140712.jpeg','Arpita Akhanda, paper weave','','&lt;p&gt;Arpita Akhanda, The Dissected Souvenir III, Paper weave, 40 cm x&amp;nbsp;29 cm, 2020&lt;/p&gt;',4,'a','n','2020-12-16 23:15:12','2020-12-16 23:15:12'),(459,18,'exhibition_1608140739.jpeg','Arpita Akhanda, paper weave','','&lt;p&gt;Arpita Akhanda, The Dissected Souvenir, Paper weave, 17.5 cm x&amp;nbsp;30 cm, 2020&lt;/p&gt;',5,'a','n','2020-12-16 23:15:39','2020-12-16 23:15:39'),(460,18,'exhibition_1608140764.jpeg','Arpita Akhanda, paper weave','','&lt;p&gt;Arpita Akhanda, The Dissected Souvenir, Paper weave, 17.5 cm x&amp;nbsp;31 cm, 2020&lt;/p&gt;',6,'a','n','2020-12-16 23:16:04','2020-12-16 23:16:04'),(461,18,'exhibition_1608140791.jpeg','Arpita Akhanda, paper weave','','&lt;p&gt;Arpita Akhanda, The Dissected Souvenir, Paper weave, 20 cm x&amp;nbsp;24 cm, 2020&lt;/p&gt;',7,'a','n','2020-12-16 23:16:31','2020-12-16 23:16:31'),(462,18,'exhibition_1608140821.jpeg','Arpita Akhanda, paper weave','','&lt;p&gt;Arpita Akhanda, The Dissected Souvenir, Paper weave, 27.5 cm x&amp;nbsp;19 cm, 2020&lt;/p&gt;',8,'a','n','2020-12-16 23:17:01','2020-12-16 23:17:01'),(463,18,'artist_1608141029.jpeg','Arshi Irshad Ahmadzai, ink on kora cloth','','&lt;p&gt;Arshi Irshad Ahmadzai, An-Nisa,&amp;nbsp;Ink on Kora cloth,&amp;nbsp;35 cm x&amp;nbsp;27.5 cm, 2019&lt;/p&gt;',9,'a','n','2020-12-16 23:18:19','2020-12-16 23:20:29'),(464,18,'artist_1608141043.jpeg','Arshi Irshad Ahmadzai, ink on kora cloth','','&lt;p&gt;Arshi Irshad Ahmadzai, An-Nisa,&amp;nbsp;Ink on Kora cloth,&amp;nbsp;35 cm x&amp;nbsp;27.5 cm, 2019&lt;/p&gt;',10,'a','n','2020-12-16 23:19:06','2020-12-16 23:20:43'),(465,18,'exhibition_1608141087.jpeg','Arshi Irshad Ahmadzai, ink on kora cloth','','&lt;p&gt;Arshi Irshad Ahmadzai, An-Nisa,&amp;nbsp;Ink on Kora cloth,&amp;nbsp;27.5 cm x&amp;nbsp;35 cm, 2019&lt;/p&gt;',11,'a','n','2020-12-16 23:21:27','2020-12-16 23:21:27'),(466,18,'exhibition_1608141125.jpeg','Arshi Irshad Ahmadzai, ink on kora cloth','','&lt;p&gt;Arshi Irshad Ahmadzai, An-Nisa,&amp;nbsp;Ink on Kora cloth,&amp;nbsp;27.5 cm x&amp;nbsp;35 cm, 2019&lt;/p&gt;',11,'a','n','2020-12-16 23:22:05','2020-12-16 23:22:05'),(467,18,'exhibition_1608141178.jpeg','Arshi Irshad Ahmadzai, ink on kora cloth','','&lt;p&gt;Arshi Irshad Ahmadzai,&amp;nbsp;An-Nisa,&amp;nbsp;Natural colour on muslin cloth,&lt;/p&gt;\r\n\r\n&lt;p&gt;180 cm x&amp;nbsp;120 cm, 2019&lt;/p&gt;',13,'a','n','2020-12-16 23:22:59','2020-12-17 14:42:42'),(468,18,'exhibition_1608141324.jpeg','Kingsley Gunatillake, book art, Used books and  bullets','','&lt;p&gt;Kingsley Gunatillake,&amp;nbsp;Book of Violence, Used Book and charcoal,&lt;/p&gt;\r\n\r\n&lt;p&gt;20.5 cm x&amp;nbsp;14 cm x&amp;nbsp;2 cm, 2016&lt;/p&gt;',14,'a','n','2020-12-16 23:25:24','2020-12-17 14:44:08'),(469,18,'exhibition_1608141387.jpeg','Kingsley Gunatillake, book art, Used books and bullets','','&lt;p&gt;Kingsley Gunatillake,&amp;nbsp;Wounded Book, Used Book and charcoal,&lt;/p&gt;\r\n\r\n&lt;p&gt;22.5 cm x&amp;nbsp;14 cm x&amp;nbsp;1.5 cm, 2013&lt;/p&gt;',15,'a','n','2020-12-16 23:26:27','2020-12-17 14:44:29'),(470,18,'exhibition_1608141437.jpeg','Kingsley Gunatillake, book art, Used books','','&lt;p&gt;Kingsley Gunatillake,&amp;nbsp;Election, Used book, 15 cm x&amp;nbsp;21 cm, 2019&lt;/p&gt;',16,'a','n','2020-12-16 23:27:17','2020-12-16 23:27:17'),(471,18,'exhibition_1608141478.jpeg','Kingsley Gunatillake, book art, Used books','','&lt;p&gt;Kingsley Gunatillake,&amp;nbsp;Face, Used Book, 18 cm x&amp;nbsp;24.5 cm, 2019&lt;/p&gt;',17,'a','n','2020-12-16 23:27:58','2020-12-16 23:27:58'),(472,18,'exhibition_1608141539.jpeg','Mansha Chhatwal, book pages','','&lt;p&gt;Mansha Chhatwal, Songs of a Coward, Book pages, Glue on Archival paper,&lt;/p&gt;\r\n\r\n&lt;p&gt;55 cm x&amp;nbsp;75 &amp;nbsp;cm, &amp;nbsp;2019&lt;/p&gt;',19,'a','n','2020-12-16 23:28:59','2020-12-17 14:44:55'),(473,18,'exhibition_1608141708.jpeg','Mansha Chhatwal, Book, beeswax','','&lt;p&gt;Mansha Chhatwal, Brick or a Book - A Full-Body Shave (Perumal Murugan),&amp;nbsp;Book page, Fibre, Beeswax and Blue Ink, 24 cm x&amp;nbsp;14 cm,&amp;nbsp;2019&lt;/p&gt;',20,'a','n','2020-12-16 23:31:48','2020-12-16 23:31:48'),(474,18,'exhibition_1608141746.jpeg','Mansha Chhatwal, Book, beeswax','','&lt;p&gt;Mansha Chhatwal, Brick or a Book - Oppressed By Nights Of War&lt;/p&gt;\r\n\r\n&lt;p&gt;(S. Sivaramani ), Book page, Fibre, Beeswax and Blue Ink, 26 cm x&amp;nbsp;17 cm, 2019&lt;/p&gt;',21,'a','n','2020-12-16 23:32:26','2020-12-17 14:45:26'),(475,18,'exhibition_1608141778.jpeg','Mansha Chhatwal, Book, beeswax','','&lt;p&gt;Mansha Chhatwal, Brick or a Book &amp;ndash; Buddha Murdered (M. A. Nuhman), Book page, Fibre, Beeswax and Blue Ink, 26 cm x&amp;nbsp;17 cm,&amp;nbsp;2019&lt;/p&gt;',23,'a','n','2020-12-16 23:32:58','2020-12-16 23:32:58'),(476,18,'exhibition_1608141821.jpeg','Mansha Chhatwal, Book, beeswax','','&lt;p&gt;Mansha Chhatwal,&amp;nbsp;Brick or a Book - This Earth of Mankind (Pramoedya Ananta Toer),&amp;nbsp;Book page, Fibre, Beeswax and Blue Ink, 24 cm x 15 cm, 2019&lt;/p&gt;',24,'a','n','2020-12-16 23:33:41','2020-12-16 23:33:41'),(477,18,'exhibition_1608141851.jpeg','Mansha Chhatwal, Book, beeswax','','&lt;p&gt;Mansha Chhatwal, Brick or a Book -&amp;nbsp;Sexualpathologie (Magnus Hirschfeld),&amp;nbsp;Book page, Fibre, Beeswax and Blue Ink, 29 cm x&amp;nbsp;17 cm,&amp;nbsp;2019&lt;/p&gt;',25,'a','n','2020-12-16 23:34:11','2020-12-16 23:34:11'),(478,18,'exhibition_1608141966.jpeg','Mansha Chhatwal, Book ash, Acrylic medium on Archival paper','','&lt;p&gt;Mansha Chhatwal, Drawing the Line of Intolerance,&amp;nbsp;Book ash, Acrylic medium on Archival paper, 55 cm x&amp;nbsp;37.5 cm each, 2019&lt;/p&gt;',26,'a','n','2020-12-16 23:36:06','2020-12-16 23:36:06'),(479,18,'exhibition_1608142212.jpeg','Book Art Show, Manor','','&lt;p&gt;Installation&lt;/p&gt;\r\n\r\n&lt;p&gt;&amp;nbsp;&lt;/p&gt;',25,'a','n','2020-12-16 23:40:12','2020-12-16 23:40:12'),(480,18,'exhibition_1608142229.jpeg','Book Art Show, Manor','','&lt;p&gt;Installation&lt;/p&gt;',26,'a','n','2020-12-16 23:40:29','2020-12-16 23:40:29'),(481,18,'exhibition_1608142254.jpeg','Book Art Show, Manor','','&lt;p&gt;Installation&lt;/p&gt;',27,'a','n','2020-12-16 23:40:54','2020-12-16 23:40:54');
/*!40000 ALTER TABLE `exhibition_images` ENABLE KEYS */;
UNLOCK TABLES;

--
-- Table structure for table `exhibitions_master`
--

DROP TABLE IF EXISTS `exhibitions_master`;
/*!40101 SET @saved_cs_client     = @@character_set_client */;
/*!40101 SET character_set_client = utf8 */;
CREATE TABLE `exhibitions_master` (
  `id` int(10) unsigned NOT NULL AUTO_INCREMENT,
  `ex_year` smallint(4) unsigned NOT NULL,
  `ex_name` varchar(255) COLLATE utf8mb4_unicode_ci NOT NULL,
  `ex_ft_img` varchar(100) COLLATE utf8mb4_unicode_ci DEFAULT NULL,
  `ex_ft_img_alt` varchar(100) COLLATE utf8mb4_unicode_ci DEFAULT NULL,
  `ex_descr` text COLLATE utf8mb4_unicode_ci,
  `ex_info` text COLLATE utf8mb4_unicode_ci,
  `ex_cat_pdf` varchar(100) COLLATE utf8mb4_unicode_ci DEFAULT NULL,
  `ex_ord` int(10) unsigned NOT NULL,
  `status` enum('a','i') COLLATE utf8mb4_unicode_ci NOT NULL DEFAULT 'a',
  `is_deleted` enum('y','n') COLLATE utf8mb4_unicode_ci NOT NULL DEFAULT 'n',
  `created_at` timestamp NOT NULL DEFAULT CURRENT_TIMESTAMP,
  `updated_at` timestamp NOT NULL DEFAULT CURRENT_TIMESTAMP ON UPDATE CURRENT_TIMESTAMP,
  PRIMARY KEY (`id`) USING BTREE
) ENGINE=InnoDB AUTO_INCREMENT=19 DEFAULT CHARSET=utf8mb4 COLLATE=utf8mb4_unicode_ci ROW_FORMAT=DYNAMIC;
/*!40101 SET character_set_client = @saved_cs_client */;

--
-- Dumping data for table `exhibitions_master`
--

LOCK TABLES `exhibitions_master` WRITE;
/*!40000 ALTER TABLE `exhibitions_master` DISABLE KEYS */;
INSERT INTO `exhibitions_master` VALUES (1,2012,'Matter','exhibition_1607320328.jpeg','Matter curated by Deeksha Nath Blueprint12 launch show','&lt;p style=&quot;text-align:justify&quot;&gt;This exhibition is a proposition. The proposal builds on an observation of mine over the past few years of working with increasingly newer artists that there is a shift in praxis that extends beyond a few artists and thus may be perhaps seen as a generational focus. In the past decades there was an increasing application of a &amp;#39;non-commercial&amp;#39; visual language (video, installation, performance) to conceptually address larger socio-political concerns, such as migration and displacement, economic liberalization and exploitation of labour and small merchants, urban expansion and environmental abuse, to mention a few. These concerns are still present but alongside there is a resurgence, for want of a better way of describing it, of medium and material exploration. I have several ideas why this may be - the fall of the market, the lack of a developing contemporary discourse, the latter would certainly affect pedagogy - but this exhibition is not to propose the reasons why but to examine this exciting turn and mark its moment.&lt;/p&gt;\r\n\r\n&lt;p style=&quot;text-align:justify&quot;&gt;&lt;br /&gt;\r\nThe launch of a new gallery provides the perfect opportunity for such a curatorial challenge. The artists in the exhibition represent the next generation of practitioners. The Indian art market is saturated with a repetition of established artists. While they mark the coming of age of contemporary Indian art, it is the newer generation of artists who provide the most discursive opportunities as they point to current and future considerations.&lt;/p&gt;\r\n\r\n&lt;p style=&quot;text-align:justify&quot;&gt;Curated by Deeksha Nath&lt;/p&gt;','&lt;ul&gt;\r\n	&lt;li&gt;Akash Nihalani&lt;/li&gt;\r\n	&lt;li&gt;Amina Ahmed&lt;/li&gt;\r\n	&lt;li&gt;Arun Kumar HG&lt;/li&gt;\r\n	&lt;li&gt;Lavanya Mani&amp;nbsp;&lt;/li&gt;\r\n	&lt;li&gt;Martand Khosla&amp;nbsp;&lt;/li&gt;\r\n	&lt;li&gt;Masooma Syed&amp;nbsp;&lt;/li&gt;\r\n	&lt;li&gt;Sandip Pisalkar &amp;nbsp;&lt;/li&gt;\r\n	&lt;li&gt;Sukanya Ghosh&lt;/li&gt;\r\n&lt;/ul&gt;',NULL,1,'a','n','2020-12-07 11:22:08','2020-12-11 18:28:13'),(2,2014,'Reading Room, New Delhi','exhibition_1607519114.jpeg','Reading Room, altered book art show, Blueprint12','&lt;p style=&quot;text-align:justify&quot;&gt;Book art is very popular abroad and there have been exhibitions abroad. The concept behind the exhibition is to showcase and exhibit works of art that is made by using books, or by full time book artists. Book art is popular in the medium of artist&amp;#39;s journals or sketchbooks but not known as medium where books can be altered to depict an idea. In this exhibition, we will show artists who have used books, by drawing in them, carving them, tearing them, to convey contemporary issues of displacement, war, fantasy, nostalgia, or history. We hope, through this exhibition, we will stimulate and engage the audience to look beyond canvases and sculptures or video.&lt;/p&gt;\r\n\r\n&lt;p style=&quot;text-align:justify&quot;&gt;&lt;br /&gt;\r\nBook Art is one of the most underrated of art mediums. When paintings and sculptures are finding their way in the art galleries and museums, book art is yet to be discovered as a medium of expression and a form of art. It takes wide range of forms through fold-outs, fold -ins, scrolls etc. Artists enhance the visual quality of the book and take it as their tool to showcase their creativity. It could be easily understood when observed closely but most of the book artists prefer to give their imagination an abstract form. As its one of a kind art it is also said to be quiet &amp;quot;unique &amp;amp; attractive&amp;quot;. Though its a contemporary art form it marks its space at the first glance in an art lover&amp;#39;s mind.&lt;/p&gt;\r\n\r\n&lt;p style=&quot;text-align:justify&quot;&gt;&lt;br /&gt;\r\nWith one of the riches histories - books and manuscripts date back to the Egyptian period, to Mughal painted manuscripts to contemporary digital reproductions, books art still doesn&amp;#39;t find itself at par with other mediums like paintings and sculpture. Though every artist has multiple sketchbooks (artist&amp;#39;s book), each and every artist also uses to learn and be inspired. Be it a library or personal collections, hundreds of books speak of the knowledge that we have acquired.&lt;/p&gt;\r\n\r\n&lt;p style=&quot;text-align:justify&quot;&gt;&lt;br /&gt;\r\nThese books, be it historical or contemporary, also become the medium by which artists interrogate its form and structure, it&amp;#39;s content and reinterpret it in their own practice. Reinterpretation of books takes the forms of abstracting the content through folds and turns that are seen in Banoo Batliboi&amp;#39;s books, or through destruction and reconstruction, which can be seen in Samit Das&amp;#39;s assemblages. Kingsley Gunatillake and Deng Yifu use historical and political books from Sri Lanka and China respectively to reflect upon the effects of war in contemporary times. Hand painted books by Smriti Choudhary and Jagath Weerasinghe and the digitally reproduced book by Liz Fernando are self reflective and talk about fantasy, identity and nostalgia.&lt;/p&gt;\r\n\r\n&lt;p style=&quot;text-align:justify&quot;&gt;&lt;br /&gt;\r\nThere are also centers dedicated to the practice of book making and Anne Covell is one such artist who belongs to one center in USA.&lt;/p&gt;','&lt;ul&gt;\r\n	&lt;li&gt;Anne Covell&lt;/li&gt;\r\n	&lt;li&gt;Banoo Batliboi&lt;/li&gt;\r\n	&lt;li&gt;Deng Yufu&lt;/li&gt;\r\n	&lt;li&gt;Jagath Weerasinghe&lt;/li&gt;\r\n	&lt;li&gt;Kinglsey Gunatillake&lt;/li&gt;\r\n	&lt;li&gt;Layla Gonaduwa&lt;/li&gt;\r\n	&lt;li&gt;Liz Fernando&lt;/li&gt;\r\n	&lt;li&gt;Radhika Heetiarachi &amp;amp; Shanika Perera&amp;nbsp;&lt;/li&gt;\r\n	&lt;li&gt;Samanta Batra Mehta&lt;/li&gt;\r\n	&lt;li&gt;Samit Das&lt;/li&gt;\r\n	&lt;li&gt;Satyanand Mohan&lt;/li&gt;\r\n	&lt;li&gt;Smriti Choudhary&lt;/li&gt;\r\n	&lt;li&gt;Zach Stensen&lt;/li&gt;\r\n&lt;/ul&gt;','Reading Room Pdf.pdf',2,'a','n','2020-12-09 18:35:14','2020-12-11 18:29:18'),(3,2014,'Reading Room, Mumbai','exhibition_1607526770.jpeg','Reading Room, altered book art, Blueprint12, Tarq Mumbai','&lt;div style=&quot;text-align:justify&quot;&gt;&lt;strong&gt;FREEING THE BOOK&lt;/strong&gt;&lt;/div&gt;\r\n\r\n&lt;div style=&quot;text-align:justify&quot;&gt;&amp;nbsp;&lt;/div&gt;\r\n\r\n&lt;div style=&quot;text-align:justify&quot;&gt;&amp;quot;The Book - a traditional object, which nevertheless is capable of the most contemporary adaptation, yet retains an aesthetic dimension&amp;quot;&lt;br /&gt;\r\n- Mabel Kaufmann, The Book as Art and Idea&lt;/div&gt;\r\n\r\n&lt;div style=&quot;text-align:justify&quot;&gt;&amp;quot;(...) one of the finest memories of a collector is the moment when he rescued a book to which he might never have given a thought, much less a wishful look, because he found it lonely and abandoned on the marketplace and bought it to give it its freedom...&amp;quot; - Walter Benjamin, Illuminations&lt;/div&gt;\r\n\r\n&lt;div style=&quot;text-align:justify&quot;&gt;&lt;br /&gt;\r\nAs a child I would sit with my grandfather for hours in what I used to call his &amp;#39;book room.&amp;#39; That is where I learned to love the smell of books. I was taught not to fold over, or &amp;#39;dog-ear&amp;#39; the pages of books to mark the page I stopped reading at, and discovered with fascination that silver fish could make the most beautiful patterns of tiny holes that sunk deepinto the pages of a book. I learned the posture of reading old school: to sit upright, to hold the spine of a book and to slip my index finger under the page in readiness to turn over. Already, for my grandfather, and through him, for me - the book was art, with its accompanying practice, mode of engagement and embodied experience.&lt;/div&gt;\r\n\r\n&lt;div style=&quot;text-align:justify&quot;&gt;Perhaps that is why when Walter Benjamin writes of the collector of books unpacking his library, and he speaks of an accompanying mood that is not elegiac, rather that of anticipation, it feels almost as if he picked the most apt word to describe the sensory experience of confronting a book. This sense of anticipation, I feel,isthe mood to be carried onintoexperiencing the book as contemporary art.&lt;/div&gt;\r\n\r\n&lt;div style=&quot;text-align:justify&quot;&gt;Art historian and critic Johanna Drucker is quoted to have referred to book art as &amp;quot;the quintessential 20th century art form.&amp;quot; The book as a form of artistic expression has been a part of evolutionary moments of contemporary art from Russian futurism to feminist art to conceptual art and performance art, and the number of artists using books as a medium in art is increasing. And yet, book art remains more on the peripheries of contemporary art institutions, communities, practice and audiences - especially in the Asian region.&lt;/div&gt;\r\n\r\n&lt;div style=&quot;text-align:justify&quot;&gt;The premise of this essay is thus to consider the contemporary art positioning, and the many interpretations, of the book as an art object and its cultural and political agency. It seeks to find ways of understanding book art, and explore paradigms of reading, and interpreting work produced in this context. While the delineation of the book as art object is contextualised within a more global discussion - the project here is to extend the thinking to contemporary exhibition curation and exhibition making in the South Asian Region, bringing into focus the philosophy of the &amp;#39;Reading Room.&amp;#39;&lt;/div&gt;\r\n\r\n&lt;div style=&quot;text-align:justify&quot;&gt;Inside the &amp;#39;Reading Room&amp;#39;&lt;/div&gt;\r\n\r\n&lt;div style=&quot;text-align:justify&quot;&gt;In its articulation, the &amp;#39;Reading Room&amp;#39; engages the idea of an active, working studio (invoking book art histories in antecedent bookmaking practices - papermaking, illustration, binding and printing); it also evokes the inherently multi sensory, experiential dynamic of the book. The notion of the &amp;#39;Reading Room&amp;#39; focuses the approach to the exhibition as one that considers the specific history of &amp;#39;reading practice&amp;#39; associated with the book, its materiality, its proximity to everyday life and its suggestion of a kind of intimacy. It even goes so far as to suggest interaction, thus articulating - in the invitation to participate in art - a democratising principle.&lt;/div&gt;\r\n\r\n&lt;div style=&quot;text-align:justify&quot;&gt;Jules Prown recommends that, in art contexts, when objects are not available for physical investigation, perceptions regarding sensory aspects &amp;quot;must be done imaginatively and empathetically.&amp;quot; This is important, she notes, because in most cases, books in exhibitions are often placed behind glass to protect them from damage that might occur from handling (in Burkhart, 2006, p.263). And so, in the &amp;#39;Reading Room,&amp;#39; the possibility of &amp;#39;handling&amp;#39; the work becomes a politic engaged with. This is only scratching at the surface of the site of resistance (which will be discussed in more detail later) that is the book in art.&lt;/div&gt;\r\n\r\n&lt;div style=&quot;text-align:justify&quot;&gt;Existence Renewed: The Book in Art&lt;/div&gt;\r\n\r\n&lt;div style=&quot;text-align:justify&quot;&gt;In his essay &amp;quot;Unpacking My Library: A Talk About Book Collecting,&amp;quot; Walter Benjamin discusses the book from the perspective of the collector. He frames two interesting perspectives that can be drawn into an exploration of the practice of book art brought into discussion in this essay. First, his approach to &amp;#39;ownership,&amp;#39; and second his expression of the &amp;#39;renewal of existence.&amp;#39;&lt;/div&gt;\r\n\r\n&lt;div style=&quot;text-align:justify&quot;&gt;What is interesting to note is that Benjamin sees &amp;#39;ownership&amp;#39; as one of the most intimate relationships that one can have with objects. Ownership, or perhaps more accurately,&amp;#39;possession,&amp;#39; is the expression of a &amp;#39;relationship&amp;#39; that exists between collector and object, &amp;quot;which does not emphasize their functional utilitarian value - that is, their usefulness - but studies and loves them as the scene, the stage, of their fate&amp;quot; (1969, p.60). Taken into account in a consideration of book art,this is in a sense, an act of &amp;#39;freeing the book,&amp;#39; in that it is given an expressive power beyond the traditional approach tothe book. The book is given a new frame of reference by the artist. And, the invitation is to &amp;#39;read&amp;#39; differently.&lt;/div&gt;\r\n\r\n&lt;div style=&quot;text-align:justify&quot;&gt;Benjamin goes on to suggest that for a &amp;#39;true collector,&amp;#39; acquisition is the rebirth of a book.He also speaks of the element of the &amp;#39;childlike&amp;#39; in this respect -&lt;/div&gt;\r\n\r\n&lt;div style=&quot;text-align:justify&quot;&gt;(...) For children can accomplish the renewal of existence in a hundred unfailing ways. Among children, collecting is only one process of renewal; other processes are the painting of objects, the cutting out of figures, the application of decals - the whole range of childlike modes of acquisition, from touching things to giving them names. To renew the old world - that is the collector&amp;#39;s deepest desire (p.61).&lt;/div&gt;\r\n\r\n&lt;div style=&quot;text-align:justify&quot;&gt;This metaphor of a child&amp;#39;s treasury contextualises the idea of the &amp;#39;renewal of existence.&amp;#39;It, in effect, speaks of the possibility of reimagining the object -discussed in the hands of the child, but can be extended to acknowledge the premise of existence renewed for the book by the artist.&lt;/div&gt;\r\n\r\n&lt;div style=&quot;text-align:justify&quot;&gt;Defining the Artists&amp;#39; Book&lt;/div&gt;\r\n\r\n&lt;div style=&quot;text-align:justify&quot;&gt;The &amp;#39;artists&amp;#39; book&amp;#39; functions as an art object; the term itself refers to works of art realised in the form of a book. Claire Bernstein describes artists&amp;#39; books as &amp;quot;radical extenders of form rather than neutral vessels,&amp;quot; which results in &amp;quot;a vision of books as laboratories for the invention and performance of perceptual systems: new worlds carved out of the wilderness of human thought and language&amp;quot;(in Burkhart, 2006, p.249).&lt;/div&gt;\r\n\r\n&lt;div style=&quot;text-align:justify&quot;&gt;Artists&amp;#39; books are typically understood as different from finely crafted books that demonstrate technical mastery; more often than not, the artists&amp;#39; book finds its most profound expression as the artists&amp;#39; sketchbook. Loosely framed, an artists&amp;#39; book is a work of art in its own right, conceived specifically for the book form (Lippard as cited in Burkhart, 2006, p.249). A point to note within the artists&amp;#39; book dialogue is that in the understanding of, and approach to the artists&amp;#39; book, the book form itself is intrinsic to the aesthetic of the work.&lt;/div&gt;\r\n\r\n&lt;div style=&quot;text-align:justify&quot;&gt;Clive Phillpot (1998) - the former director of the Museum of Modern Art Library - applies the phrase Mongrel Nature to the artists&amp;#39; book, explaining that they are &amp;quot;distinguished by the fact that they sit provocatively at the juncture where art, documentation, and literature all come together&amp;quot; (p.33). What is interesting about the phrase is that it, for one, brings into focus the many differenthistories of the artists&amp;#39; book. It also makes evident the fact that the artists&amp;#39; book works against a single definition. There is, thus, no consensus on the definition of the artists&amp;#39; book, nor is there &amp;quot;a single form, production method, or conceptual framework that embodies what an artists&amp;#39; book is&amp;quot; (Burkhart, 2006, p.249). Consulting different sources indicate, however, that there are some fundamental parametres in place to approaching, engaging with and critically evaluating the artists&amp;#39; book as art practice.&lt;br /&gt;\r\n&amp;nbsp;&lt;/div&gt;','&lt;ul&gt;\r\n	&lt;li style=&quot;text-align:start&quot;&gt;&lt;span style=&quot;font-size:medium&quot;&gt;&lt;span style=&quot;font-family:&amp;quot;Times New Roman&amp;quot;&quot;&gt;&lt;span style=&quot;color:#000000&quot;&gt;&lt;span style=&quot;font-size:12pt&quot;&gt;&lt;span style=&quot;font-family:&amp;quot;Times New Roman&amp;quot;&quot;&gt;Anne Covell&amp;nbsp;&lt;/span&gt;&lt;/span&gt;&lt;/span&gt;&lt;/span&gt;&lt;/span&gt;&lt;/li&gt;\r\n	&lt;li style=&quot;text-align:start&quot;&gt;&lt;span style=&quot;font-size:medium&quot;&gt;&lt;span style=&quot;font-family:&amp;quot;Times New Roman&amp;quot;&quot;&gt;&lt;span style=&quot;color:#000000&quot;&gt;&lt;span style=&quot;font-size:12pt&quot;&gt;&lt;span style=&quot;font-family:&amp;quot;Times New Roman&amp;quot;&quot;&gt;Banoo Batliboi&amp;nbsp;&lt;/span&gt;&lt;/span&gt;&lt;/span&gt;&lt;/span&gt;&lt;/span&gt;&lt;/li&gt;\r\n	&lt;li style=&quot;text-align:start&quot;&gt;&lt;span style=&quot;font-size:medium&quot;&gt;&lt;span style=&quot;font-family:&amp;quot;Times New Roman&amp;quot;&quot;&gt;&lt;span style=&quot;color:#000000&quot;&gt;&lt;span style=&quot;font-size:12pt&quot;&gt;&lt;span style=&quot;font-family:&amp;quot;Times New Roman&amp;quot;&quot;&gt;Deng-Yifu&amp;nbsp;&lt;/span&gt;&lt;/span&gt;&lt;/span&gt;&lt;/span&gt;&lt;/span&gt;&lt;/li&gt;\r\n	&lt;li style=&quot;text-align:start&quot;&gt;&lt;span style=&quot;font-size:medium&quot;&gt;&lt;span style=&quot;font-family:&amp;quot;Times New Roman&amp;quot;&quot;&gt;&lt;span style=&quot;color:#000000&quot;&gt;&lt;span style=&quot;font-size:12pt&quot;&gt;&lt;span style=&quot;font-family:&amp;quot;Times New Roman&amp;quot;&quot;&gt;Jagath Weeresinghe&amp;nbsp;&lt;/span&gt;&lt;/span&gt;&lt;/span&gt;&lt;/span&gt;&lt;/span&gt;&lt;/li&gt;\r\n	&lt;li style=&quot;text-align:start&quot;&gt;&lt;span style=&quot;font-size:medium&quot;&gt;&lt;span style=&quot;font-family:&amp;quot;Times New Roman&amp;quot;&quot;&gt;&lt;span style=&quot;color:#000000&quot;&gt;&lt;span style=&quot;font-size:12pt&quot;&gt;&lt;span style=&quot;font-family:&amp;quot;Times New Roman&amp;quot;&quot;&gt;Kingsley Gunatillake&amp;nbsp;&lt;/span&gt;&lt;/span&gt;&lt;/span&gt;&lt;/span&gt;&lt;/span&gt;&lt;/li&gt;\r\n	&lt;li style=&quot;text-align:start&quot;&gt;&lt;span style=&quot;font-size:medium&quot;&gt;&lt;span style=&quot;font-family:&amp;quot;Times New Roman&amp;quot;&quot;&gt;&lt;span style=&quot;color:#000000&quot;&gt;&lt;span style=&quot;font-size:12pt&quot;&gt;&lt;span style=&quot;font-family:&amp;quot;Times New Roman&amp;quot;&quot;&gt;Layla Gonaduwa&lt;/span&gt;&lt;/span&gt;&lt;/span&gt;&lt;/span&gt;&lt;/span&gt;&lt;/li&gt;\r\n	&lt;li style=&quot;text-align:start&quot;&gt;&lt;span style=&quot;font-size:medium&quot;&gt;&lt;span style=&quot;font-family:&amp;quot;Times New Roman&amp;quot;&quot;&gt;&lt;span style=&quot;color:#000000&quot;&gt;&lt;span style=&quot;font-size:12pt&quot;&gt;&lt;span style=&quot;font-family:&amp;quot;Times New Roman&amp;quot;&quot;&gt;Liz Fernando&amp;nbsp;&lt;/span&gt;&lt;/span&gt;&lt;/span&gt;&lt;/span&gt;&lt;/span&gt;&lt;/li&gt;\r\n	&lt;li style=&quot;text-align:start&quot;&gt;&lt;span style=&quot;font-size:medium&quot;&gt;&lt;span style=&quot;font-family:&amp;quot;Times New Roman&amp;quot;&quot;&gt;&lt;span style=&quot;color:#000000&quot;&gt;&lt;span style=&quot;font-size:12pt&quot;&gt;&lt;span style=&quot;font-family:&amp;quot;Times New Roman&amp;quot;&quot;&gt;Meera Devidayal&amp;nbsp;&lt;/span&gt;&lt;/span&gt;&lt;/span&gt;&lt;/span&gt;&lt;/span&gt;&lt;/li&gt;\r\n	&lt;li style=&quot;text-align:start&quot;&gt;&lt;span style=&quot;font-size:medium&quot;&gt;&lt;span style=&quot;font-family:&amp;quot;Times New Roman&amp;quot;&quot;&gt;&lt;span style=&quot;color:#000000&quot;&gt;&lt;span style=&quot;font-size:12pt&quot;&gt;&lt;span style=&quot;font-family:&amp;quot;Times New Roman&amp;quot;&quot;&gt;Radhika Heetiarachi &amp;amp; Shanika Perera&amp;nbsp;&lt;/span&gt;&lt;/span&gt;&lt;/span&gt;&lt;/span&gt;&lt;/span&gt;&lt;/li&gt;\r\n	&lt;li style=&quot;text-align:start&quot;&gt;&lt;span style=&quot;font-size:medium&quot;&gt;&lt;span style=&quot;font-family:&amp;quot;Times New Roman&amp;quot;&quot;&gt;&lt;span style=&quot;color:#000000&quot;&gt;&lt;span style=&quot;font-size:12pt&quot;&gt;&lt;span style=&quot;font-family:&amp;quot;Times New Roman&amp;quot;&quot;&gt;Samanta Batra Mehta&amp;nbsp;&lt;/span&gt;&lt;/span&gt;&lt;/span&gt;&lt;/span&gt;&lt;/span&gt;&lt;/li&gt;\r\n	&lt;li style=&quot;text-align:start&quot;&gt;&lt;span style=&quot;font-size:medium&quot;&gt;&lt;span style=&quot;font-family:&amp;quot;Times New Roman&amp;quot;&quot;&gt;&lt;span style=&quot;color:#000000&quot;&gt;&lt;span style=&quot;font-size:12pt&quot;&gt;&lt;span style=&quot;font-family:&amp;quot;Times New Roman&amp;quot;&quot;&gt;Samit Das&amp;nbsp;&lt;/span&gt;&lt;/span&gt;&lt;/span&gt;&lt;/span&gt;&lt;/span&gt;&lt;/li&gt;\r\n	&lt;li style=&quot;text-align:start&quot;&gt;&lt;span style=&quot;font-size:medium&quot;&gt;&lt;span style=&quot;font-family:&amp;quot;Times New Roman&amp;quot;&quot;&gt;&lt;span style=&quot;color:#000000&quot;&gt;&lt;span style=&quot;font-size:12pt&quot;&gt;&lt;span style=&quot;font-family:&amp;quot;Times New Roman&amp;quot;&quot;&gt;Satyanand Mohan&amp;nbsp;&lt;/span&gt;&lt;/span&gt;&lt;/span&gt;&lt;/span&gt;&lt;/span&gt;&lt;/li&gt;\r\n	&lt;li style=&quot;text-align:start&quot;&gt;&lt;span style=&quot;font-size:medium&quot;&gt;&lt;span style=&quot;font-family:&amp;quot;Times New Roman&amp;quot;&quot;&gt;&lt;span style=&quot;color:#000000&quot;&gt;&lt;span style=&quot;font-size:12pt&quot;&gt;&lt;span style=&quot;font-family:&amp;quot;Times New Roman&amp;quot;&quot;&gt;Smriti Choudhary&amp;nbsp;&lt;/span&gt;&lt;/span&gt;&lt;/span&gt;&lt;/span&gt;&lt;/span&gt;&lt;/li&gt;\r\n	&lt;li style=&quot;text-align:start&quot;&gt;&lt;span style=&quot;font-size:medium&quot;&gt;&lt;span style=&quot;font-family:&amp;quot;Times New Roman&amp;quot;&quot;&gt;&lt;span style=&quot;color:#000000&quot;&gt;&lt;span style=&quot;font-size:12pt&quot;&gt;&lt;span style=&quot;font-family:&amp;quot;Times New Roman&amp;quot;&quot;&gt;Tanmoy Samanta&amp;nbsp;&lt;/span&gt;&lt;/span&gt;&lt;/span&gt;&lt;/span&gt;&lt;/span&gt;&lt;/li&gt;\r\n	&lt;li style=&quot;text-align:start&quot;&gt;&lt;span style=&quot;font-size:medium&quot;&gt;&lt;span style=&quot;font-family:&amp;quot;Times New Roman&amp;quot;&quot;&gt;&lt;span style=&quot;color:#000000&quot;&gt;&lt;span style=&quot;font-size:12pt&quot;&gt;&lt;span style=&quot;font-family:&amp;quot;Times New Roman&amp;quot;&quot;&gt;Zach Stensen&amp;nbsp;&lt;/span&gt;&lt;/span&gt;&lt;/span&gt;&lt;/span&gt;&lt;/span&gt;&lt;/li&gt;\r\n&lt;/ul&gt;','Copy of Reading_Room_Catalogue_Reference_Low_Res.pdf',2,'a','n','2020-12-09 20:42:50','2020-12-11 18:36:36'),(4,2014,'Reading Room, Kochi Biennale','exhibition_1607529427.jpeg','Reading Room, altered book art show, Kochi Biennale','&lt;div style=&quot;text-align:justify&quot;&gt;The &amp;#39;Reading Room&amp;#39; is a journey of discoveries and experiences, of nostalgia and witness; a space where the many and varied perspectives and practices of the book arts find a place of meeting, dialogue and expression.&lt;/div&gt;\r\n\r\n&lt;div style=&quot;text-align:justify&quot;&gt;&amp;nbsp;&lt;/div&gt;\r\n\r\n&lt;div style=&quot;text-align:justify&quot;&gt;Book art demands both anaesthetic engagement andcritical conceptual inquiry into the work. Aesthetic engagement with book art requires a paradigm shift reading a different logic in the book: the logic of the visual, textural and cultural. Traditionally, the book has signified knowledge, and can be considered visually embedded cultural site because of this history(consider the manytimes thatbooks havebeen burnt as acts of symbolic violence). It is a site where many versions of history, senses of identity and narratives (both dominant and counter) converge.&lt;/div&gt;\r\n\r\n&lt;div style=&quot;text-align:justify&quot;&gt;&amp;nbsp;&lt;/div&gt;\r\n\r\n&lt;div style=&quot;text-align:justify&quot;&gt;The book in contemporary art, is thus an object completely transformed - not just in its structure, but also in its meaning. Walter Benjamin calls this the&amp;#39; renewal of existence&amp;#39;. This sense of renewal is to be experienced in the work of the exhibiting artists brought together in conversation in the &amp;#39;Reading Room&amp;#39;. The mood is sometimes fantastical and playful, and sometimes evocative and intimate. At its most activist, it stands as a collective resistance to dominant politics and ideologies. And, as the artist, in many ways, works as an interpreter of the book, so will the viewer of the work.&lt;/div&gt;\r\n\r\n&lt;div style=&quot;text-align:justify&quot;&gt;&amp;nbsp;&lt;/div&gt;\r\n\r\n&lt;div style=&quot;text-align:justify&quot;&gt;The experience of readingis deeply personal, whether approached with anticipation, curiosity, or sometimes even with hesitation. Thus, the &amp;#39;Reading Room&amp;#39; invites thereader ofthis spaceto carry with them the memory of this experience in a context created for encounter, discussion, and making meaning.&lt;/div&gt;','&lt;ul&gt;\r\n	&lt;li style=&quot;text-align:start&quot;&gt;&lt;span style=&quot;font-size:medium&quot;&gt;&lt;span style=&quot;font-family:&amp;quot;Times New Roman&amp;quot;&quot;&gt;&lt;span style=&quot;color:#000000&quot;&gt;&lt;span style=&quot;font-size:12pt&quot;&gt;&lt;span style=&quot;font-family:&amp;quot;Times New Roman&amp;quot;&quot;&gt;Anne Covell&amp;nbsp;&lt;/span&gt;&lt;/span&gt;&lt;/span&gt;&lt;/span&gt;&lt;/span&gt;&lt;/li&gt;\r\n	&lt;li style=&quot;text-align:start&quot;&gt;&lt;span style=&quot;font-size:medium&quot;&gt;&lt;span style=&quot;font-family:&amp;quot;Times New Roman&amp;quot;&quot;&gt;&lt;span style=&quot;color:#000000&quot;&gt;&lt;span style=&quot;font-size:12pt&quot;&gt;&lt;span style=&quot;font-family:&amp;quot;Times New Roman&amp;quot;&quot;&gt;Bandana Tulachan&lt;/span&gt;&lt;/span&gt;&lt;/span&gt;&lt;/span&gt;&lt;/span&gt;&lt;/li&gt;\r\n	&lt;li style=&quot;text-align:start&quot;&gt;&lt;span style=&quot;font-size:medium&quot;&gt;&lt;span style=&quot;font-family:&amp;quot;Times New Roman&amp;quot;&quot;&gt;&lt;span style=&quot;color:#000000&quot;&gt;&lt;span style=&quot;font-size:12pt&quot;&gt;&lt;span style=&quot;font-family:&amp;quot;Times New Roman&amp;quot;&quot;&gt;Banoo Batliboi&amp;nbsp;&lt;/span&gt;&lt;/span&gt;&lt;/span&gt;&lt;/span&gt;&lt;/span&gt;&lt;/li&gt;\r\n	&lt;li style=&quot;text-align:start&quot;&gt;&lt;span style=&quot;font-size:medium&quot;&gt;&lt;span style=&quot;font-family:&amp;quot;Times New Roman&amp;quot;&quot;&gt;&lt;span style=&quot;color:#000000&quot;&gt;&lt;span style=&quot;font-size:12pt&quot;&gt;&lt;span style=&quot;font-family:&amp;quot;Times New Roman&amp;quot;&quot;&gt;Ben Barbour&lt;/span&gt;&lt;/span&gt;&lt;/span&gt;&lt;/span&gt;&lt;/span&gt;&lt;/li&gt;\r\n	&lt;li style=&quot;text-align:start&quot;&gt;&lt;span style=&quot;font-size:medium&quot;&gt;&lt;span style=&quot;font-family:&amp;quot;Times New Roman&amp;quot;&quot;&gt;&lt;span style=&quot;color:#000000&quot;&gt;&lt;span style=&quot;font-size:12pt&quot;&gt;&lt;span style=&quot;font-family:&amp;quot;Times New Roman&amp;quot;&quot;&gt;Deng-Yifu&amp;nbsp;&lt;/span&gt;&lt;/span&gt;&lt;/span&gt;&lt;/span&gt;&lt;/span&gt;&lt;/li&gt;\r\n	&lt;li style=&quot;text-align:start&quot;&gt;&lt;span style=&quot;font-size:medium&quot;&gt;&lt;span style=&quot;font-family:&amp;quot;Times New Roman&amp;quot;&quot;&gt;&lt;span style=&quot;color:#000000&quot;&gt;&lt;span style=&quot;font-size:12pt&quot;&gt;&lt;span style=&quot;font-family:&amp;quot;Times New Roman&amp;quot;&quot;&gt;Jagath Weeresinghe&amp;nbsp;&lt;/span&gt;&lt;/span&gt;&lt;/span&gt;&lt;/span&gt;&lt;/span&gt;&lt;/li&gt;\r\n	&lt;li style=&quot;text-align:start&quot;&gt;&lt;span style=&quot;font-size:medium&quot;&gt;&lt;span style=&quot;font-family:&amp;quot;Times New Roman&amp;quot;&quot;&gt;&lt;span style=&quot;color:#000000&quot;&gt;&lt;span style=&quot;font-size:12pt&quot;&gt;&lt;span style=&quot;font-family:&amp;quot;Times New Roman&amp;quot;&quot;&gt;Kingsley Gunatillake&amp;nbsp;&lt;/span&gt;&lt;/span&gt;&lt;/span&gt;&lt;/span&gt;&lt;/span&gt;&lt;/li&gt;\r\n	&lt;li style=&quot;text-align:start&quot;&gt;&lt;span style=&quot;font-size:medium&quot;&gt;&lt;span style=&quot;font-family:&amp;quot;Times New Roman&amp;quot;&quot;&gt;&lt;span style=&quot;color:#000000&quot;&gt;&lt;span style=&quot;font-size:12pt&quot;&gt;&lt;span style=&quot;font-family:&amp;quot;Times New Roman&amp;quot;&quot;&gt;Layla Gonaduwa&amp;nbsp;&lt;/span&gt;&lt;/span&gt;&lt;/span&gt;&lt;/span&gt;&lt;/span&gt;&lt;/li&gt;\r\n	&lt;li style=&quot;text-align:start&quot;&gt;&lt;span style=&quot;font-size:medium&quot;&gt;&lt;span style=&quot;font-family:&amp;quot;Times New Roman&amp;quot;&quot;&gt;&lt;span style=&quot;color:#000000&quot;&gt;&lt;span style=&quot;font-size:12pt&quot;&gt;&lt;span style=&quot;font-family:&amp;quot;Times New Roman&amp;quot;&quot;&gt;Liz Fernando&amp;nbsp;&lt;/span&gt;&lt;/span&gt;&lt;/span&gt;&lt;/span&gt;&lt;/span&gt;&lt;/li&gt;\r\n	&lt;li style=&quot;text-align:start&quot;&gt;&lt;span style=&quot;font-size:medium&quot;&gt;&lt;span style=&quot;font-family:&amp;quot;Times New Roman&amp;quot;&quot;&gt;&lt;span style=&quot;color:#000000&quot;&gt;&lt;span style=&quot;font-size:12pt&quot;&gt;&lt;span style=&quot;font-family:&amp;quot;Times New Roman&amp;quot;&quot;&gt;Madiha Sikander&lt;/span&gt;&lt;/span&gt;&lt;/span&gt;&lt;/span&gt;&lt;/span&gt;&lt;/li&gt;\r\n	&lt;li style=&quot;text-align:start&quot;&gt;&lt;span style=&quot;font-size:medium&quot;&gt;&lt;span style=&quot;font-family:&amp;quot;Times New Roman&amp;quot;&quot;&gt;&lt;span style=&quot;color:#000000&quot;&gt;&lt;span style=&quot;font-size:12pt&quot;&gt;&lt;span style=&quot;font-family:&amp;quot;Times New Roman&amp;quot;&quot;&gt;Meera Devidayal&amp;nbsp;&lt;/span&gt;&lt;/span&gt;&lt;/span&gt;&lt;/span&gt;&lt;/span&gt;&lt;/li&gt;\r\n	&lt;li style=&quot;text-align:start&quot;&gt;&lt;span style=&quot;font-size:medium&quot;&gt;&lt;span style=&quot;font-family:&amp;quot;Times New Roman&amp;quot;&quot;&gt;&lt;span style=&quot;color:#000000&quot;&gt;&lt;span style=&quot;font-size:12pt&quot;&gt;&lt;span style=&quot;font-family:&amp;quot;Times New Roman&amp;quot;&quot;&gt;M. Abou El Naga&lt;/span&gt;&lt;/span&gt;&lt;/span&gt;&lt;/span&gt;&lt;/span&gt;&lt;/li&gt;\r\n	&lt;li style=&quot;text-align:start&quot;&gt;&lt;span style=&quot;font-size:medium&quot;&gt;&lt;span style=&quot;font-family:&amp;quot;Times New Roman&amp;quot;&quot;&gt;&lt;span style=&quot;color:#000000&quot;&gt;&lt;span style=&quot;font-size:12pt&quot;&gt;&lt;span style=&quot;font-family:&amp;quot;Times New Roman&amp;quot;&quot;&gt;Preksha Tater&lt;/span&gt;&lt;/span&gt;&lt;/span&gt;&lt;/span&gt;&lt;/span&gt;&lt;/li&gt;\r\n	&lt;li style=&quot;text-align:start&quot;&gt;&lt;span style=&quot;font-size:medium&quot;&gt;&lt;span style=&quot;font-family:&amp;quot;Times New Roman&amp;quot;&quot;&gt;&lt;span style=&quot;color:#000000&quot;&gt;&lt;span style=&quot;font-size:12pt&quot;&gt;&lt;span style=&quot;font-family:&amp;quot;Times New Roman&amp;quot;&quot;&gt;Rabindra Shrestha&lt;/span&gt;&lt;/span&gt;&lt;/span&gt;&lt;/span&gt;&lt;/span&gt;&lt;/li&gt;\r\n	&lt;li style=&quot;text-align:start&quot;&gt;&lt;span style=&quot;font-size:medium&quot;&gt;&lt;span style=&quot;font-family:&amp;quot;Times New Roman&amp;quot;&quot;&gt;&lt;span style=&quot;color:#000000&quot;&gt;&lt;span style=&quot;font-size:12pt&quot;&gt;&lt;span style=&quot;font-family:&amp;quot;Times New Roman&amp;quot;&quot;&gt;Radhika Heetiarachi &amp;amp; Shanika Perera&amp;nbsp;&lt;/span&gt;&lt;/span&gt;&lt;/span&gt;&lt;/span&gt;&lt;/span&gt;&lt;/li&gt;\r\n	&lt;li style=&quot;text-align:start&quot;&gt;&lt;span style=&quot;font-size:medium&quot;&gt;&lt;span style=&quot;font-family:&amp;quot;Times New Roman&amp;quot;&quot;&gt;&lt;span style=&quot;color:#000000&quot;&gt;&lt;span style=&quot;font-size:12pt&quot;&gt;&lt;span style=&quot;font-family:&amp;quot;Times New Roman&amp;quot;&quot;&gt;Samanta Batra Mehta&amp;nbsp;&lt;/span&gt;&lt;/span&gt;&lt;/span&gt;&lt;/span&gt;&lt;/span&gt;&lt;/li&gt;\r\n	&lt;li style=&quot;text-align:start&quot;&gt;&lt;span style=&quot;font-size:medium&quot;&gt;&lt;span style=&quot;font-family:&amp;quot;Times New Roman&amp;quot;&quot;&gt;&lt;span style=&quot;color:#000000&quot;&gt;&lt;span style=&quot;font-size:12pt&quot;&gt;&lt;span style=&quot;font-family:&amp;quot;Times New Roman&amp;quot;&quot;&gt;Samit Das&amp;nbsp;&lt;/span&gt;&lt;/span&gt;&lt;/span&gt;&lt;/span&gt;&lt;/span&gt;&lt;/li&gt;\r\n	&lt;li style=&quot;text-align:start&quot;&gt;&lt;span style=&quot;font-size:medium&quot;&gt;&lt;span style=&quot;font-family:&amp;quot;Times New Roman&amp;quot;&quot;&gt;&lt;span style=&quot;color:#000000&quot;&gt;&lt;span style=&quot;font-size:12pt&quot;&gt;&lt;span style=&quot;font-family:&amp;quot;Times New Roman&amp;quot;&quot;&gt;Sarwagya Nenbang (Ubahang)&lt;/span&gt;&lt;/span&gt;&lt;/span&gt;&lt;/span&gt;&lt;/span&gt;&lt;/li&gt;\r\n	&lt;li style=&quot;text-align:start&quot;&gt;&lt;span style=&quot;font-size:medium&quot;&gt;&lt;span style=&quot;font-family:&amp;quot;Times New Roman&amp;quot;&quot;&gt;&lt;span style=&quot;color:#000000&quot;&gt;&lt;span style=&quot;font-size:12pt&quot;&gt;&lt;span style=&quot;font-family:&amp;quot;Times New Roman&amp;quot;&quot;&gt;Satyanand Mohan&amp;nbsp;&lt;/span&gt;&lt;/span&gt;&lt;/span&gt;&lt;/span&gt;&lt;/span&gt;&lt;/li&gt;\r\n	&lt;li style=&quot;text-align:start&quot;&gt;&lt;span style=&quot;font-size:medium&quot;&gt;&lt;span style=&quot;font-family:&amp;quot;Times New Roman&amp;quot;&quot;&gt;&lt;span style=&quot;color:#000000&quot;&gt;&lt;span style=&quot;font-size:12pt&quot;&gt;&lt;span style=&quot;font-family:&amp;quot;Times New Roman&amp;quot;&quot;&gt;Smriti Choudhary&amp;nbsp;&lt;/span&gt;&lt;/span&gt;&lt;/span&gt;&lt;/span&gt;&lt;/span&gt;&lt;/li&gt;\r\n	&lt;li style=&quot;text-align:start&quot;&gt;&lt;span style=&quot;font-size:medium&quot;&gt;&lt;span style=&quot;font-family:&amp;quot;Times New Roman&amp;quot;&quot;&gt;&lt;span style=&quot;color:#000000&quot;&gt;&lt;span style=&quot;font-size:12pt&quot;&gt;&lt;span style=&quot;font-family:&amp;quot;Times New Roman&amp;quot;&quot;&gt;Tanmoy Samanta&amp;nbsp;&lt;/span&gt;&lt;/span&gt;&lt;/span&gt;&lt;/span&gt;&lt;/span&gt;&lt;/li&gt;\r\n	&lt;li style=&quot;text-align:start&quot;&gt;&lt;span style=&quot;font-size:medium&quot;&gt;&lt;span style=&quot;font-family:&amp;quot;Times New Roman&amp;quot;&quot;&gt;&lt;span style=&quot;color:#000000&quot;&gt;&lt;span style=&quot;font-size:12pt&quot;&gt;&lt;span style=&quot;font-family:&amp;quot;Times New Roman&amp;quot;&quot;&gt;Zach Stensen&amp;nbsp;&lt;/span&gt;&lt;/span&gt;&lt;/span&gt;&lt;/span&gt;&lt;/span&gt;&lt;/li&gt;\r\n&lt;/ul&gt;',NULL,3,'a','n','2020-12-09 21:27:07','2020-12-11 18:34:56'),(5,2020,'Oscillation','exhibition_1607692173.jpeg','Vipeksha Gupta Solo Show 2021','&lt;p&gt;&lt;strong&gt;Oscillations&lt;/strong&gt;&lt;/p&gt;\r\n\r\n&lt;p&gt;&amp;quot;Everything that has the nature of arising also has the nature of ceasing.&amp;quot; Konda&amp;ntilde;&amp;ntilde;a {Pali: Vedanā, English: Sensations} There is nothing animate or inanimate, organic or inorganic that we can label as permanent, since even as we affixed that label on something it would undergo metamorphosis. The &amp;quot;I&amp;quot; with which we are infatuated is a phenomenon in constant flux. Vedanā is a Pali word that denotes the three feeling states which populate each moment of our lives, the pleasant (Sukha vedana), unpleasant (Dukha vedana), and neutral sensations (Adukkhamasukha vedana). Everything that arises in the mind flows along with sensations. . As we practise the observation of sensations at the experiential level, we become aware that the underlying reality of the world and of ourselves consists of moments of arising and passing away build by the sensations. We begin to experience what real happiness is; not the satisfaction of desire nor the forestalling of fears, but rather liberation from the cycle of desire and fear. Understanding how we are pulled by these three constantly occurring mind states is a way we can gain some freedom. Noticing these sensations and seeing them occurring and passing away, the relishing in them, the danger in them, and the release from them, is a way we can bring our mindfulness, the compassionate awareness of moment to moment experience, into full flower. Sensations provide the nexus where the entire mind-body are tangibly revealed as an impermanent phenomenon leading to liberation.&lt;/p&gt;','&lt;p&gt;28&lt;sup&gt;th&lt;/sup&gt;&amp;nbsp;January 2021&lt;/p&gt;\r\n\r\n&lt;p&gt;Gallery Launch&lt;/p&gt;',NULL,1,'a','n','2020-12-11 18:39:33','2020-12-11 18:39:33'),(6,2015,'Reading Room, Winchester','exhibition_1607708649.jpeg','Reading Room, altered book art, Blueprint12, UK','&lt;p&gt;With this fourth edition, at University of Winchester, &amp;#39;Reading Room&amp;#39; has become a journey of discoveries and experiences, of nostalgia and witness; a space where the many and varied perspectives and practices of the book arts find a place of meeting, dialogue and expression.&lt;/p&gt;\r\n\r\n&lt;p&gt;&lt;br /&gt;\r\nBook art demands both an aesthetic engagement and critical conceptual inquiry into the work. Aesthetic engagement with book art requires a paradigm shift reading a different logic in the book: the logic of the visual, textural and cultural.&lt;/p&gt;\r\n\r\n&lt;p&gt;&lt;br /&gt;\r\nTraditionally, the book has signified knowledge, and can be considered visually embedded cultural site because of this history (consider the many times that books have been burnt as acts of symbolic violence). It is a site where many versions of history, senses of identity and narratives (both dominant and counter) converge.&lt;/p&gt;\r\n\r\n&lt;p&gt;&lt;br /&gt;\r\nThe book in contemporary art, is thus an object completely transformed - not just in its structure, but also in its meaning. Walter Benjamin calls this the &amp;#39;renewal of existence.&amp;#39; This sense of renewal is to be experienced in the work of the exhibiting artists brought together in conversation in the &amp;#39;Reading Room&amp;#39;. The mood is sometimes fantastical and playful, and sometimes evocative and intimate. At its most activist, it stands as a collective resistance to dominant politics and ideologies. And, as the artist, in many ways, works as an interpreter of the book, so will the viewer of the work.&lt;/p&gt;\r\n\r\n&lt;p&gt;The experience of reading is deeply personal, whether approached with anticipation, curiosity, or sometimes even with hesitation. Thus, the &amp;#39;Reading Room&amp;#39; invites the reader of this space to carry with them the memory of this experience in a context created for encounter, discussion, and making meaning.&lt;/p&gt;','&lt;ul&gt;\r\n	&lt;li&gt;Amritah Sen&lt;/li&gt;\r\n	&lt;li&gt;Banoo Batliboi&lt;/li&gt;\r\n	&lt;li&gt;Jagath Weeresinghe&lt;/li&gt;\r\n	&lt;li&gt;Katsushi Goto &amp;amp;&amp;nbsp;Vishwa Shroff&lt;/li&gt;\r\n	&lt;li&gt;Kingsley Gunatillake&lt;/li&gt;\r\n	&lt;li&gt;Layla Gonaduwa&lt;/li&gt;\r\n	&lt;li&gt;Liz Fernando&lt;/li&gt;\r\n	&lt;li&gt;Madiha Sikander&lt;/li&gt;\r\n	&lt;li&gt;Mahula Ghosh&lt;/li&gt;\r\n	&lt;li&gt;Mansha Chhatwal&lt;/li&gt;\r\n	&lt;li&gt;Preksha Tater&lt;/li&gt;\r\n	&lt;li&gt;Poonam Jain&lt;/li&gt;\r\n	&lt;li&gt;Rabindra Shrestha&lt;/li&gt;\r\n	&lt;li&gt;Radhika Heetiarachi &amp;amp; Shanika Perera&lt;/li&gt;\r\n	&lt;li&gt;Ravi Kumar Kashi&lt;/li&gt;\r\n	&lt;li&gt;Samanta Batra Mehta&lt;/li&gt;\r\n	&lt;li&gt;Satyanand Mohan&lt;/li&gt;\r\n	&lt;li&gt;Saubya Chasmawala&lt;/li&gt;\r\n	&lt;li&gt;Smriti Choudhary&lt;/li&gt;\r\n	&lt;li&gt;Tanmoy Samanta&lt;/li&gt;\r\n	&lt;li&gt;Youdhisthir Maharjan&lt;/li&gt;\r\n	&lt;li&gt;Zach Stensen&amp;nbsp;&lt;/li&gt;\r\n&lt;/ul&gt;',NULL,2,'a','n','2020-12-11 23:14:09','2020-12-11 23:14:09'),(7,2016,'Reading Room, New York','exhibition_1607778019.jpeg','Reading Room, altered book art, Saffron Art, New York','&lt;p style=&quot;text-align:justify&quot;&gt;FREEING THE BOOK&lt;/p&gt;\r\n\r\n&lt;p style=&quot;text-align:justify&quot;&gt;Some Thoughts for the Journey through Book Art&lt;/p&gt;\r\n\r\n&lt;p style=&quot;text-align:justify&quot;&gt;&lt;br /&gt;\r\nThe journey through &amp;#39;Reading Room&amp;#39; is a journey of discoveries and experience, of nostalgia and witness. The idea of the room - is the creation of a space to inhabit, a space where the many and varied perspectives and practices of the book arts find a place of meeting, and expression. In its fifth edition, the exhibition travels to New York after critical success at the Colombo Art Biennale, Kochi Art Biennale, University of Winchester and private galleries in Mumbai and New Delhi.&lt;/p&gt;\r\n\r\n&lt;p style=&quot;text-align:justify&quot;&gt;&lt;br /&gt;\r\nIn the age of the digital revolution, where the practice of reading itself has changed so dramatically, this reimagining of the book through a contemporary art practice is both interesting and significant. Book art demands - as is the case with approaching contemporary art - both an aesthetic engagement and a critical conceptual inquiry into the work. Aesthetic engagement with book art demands a paradigm shift to reading a different logic in the book: the logic of the visual and the textural. The book is also a cultural site because of its history (consider the many times that books have been burnt as acts of symbolic violence) and its signification of knowledge. It follows then that critical conceptual inquiry counts book art as a visually embedded cultural site. It is a site where many versions of history, senses of identity and narratives (both dominant and counter) converge.&lt;/p&gt;\r\n\r\n&lt;p style=&quot;text-align:justify&quot;&gt;&lt;br /&gt;\r\nThe book in contemporary art, is thus an object completely transformed - not just in its structure, but also in its meaning. Walter Benjamin calls this the &amp;#39;renewal of existence.&amp;#39; This sense of renewal is to be experienced in the work of the exhibiting artists brought together in conversation in &amp;#39;The Reading Room&amp;#39;. The mood is sometimes fantastical and playful, and sometimes evocative and intimate. At its most activist, it stands as a collective resistance to dominant politics and ideologies. And, as the artist, in many ways, works as an interpreter of the book, so will the viewer of the work.&lt;/p&gt;\r\n\r\n&lt;p style=&quot;text-align:justify&quot;&gt;The experience of reading is one we know so well; it is one that is deeply personal, whether approached with anticipation, curiosity, or sometimes even with hesitation. &amp;#39;Reading Room&amp;#39; invites the reader of this space to carry with them the memory of this experience in a context created for encounter, discussion, and making meaning.Book art did not start its journey in a gallery. It stirrings are to be found in a sketchbook, in a simple fold, in a story. &amp;#39;Reading Room&amp;#39; is thus an invitation to stop for a moment to read the many different stories of book art, and through it, engage with a collective artistic consciousness that repositions the book.&lt;/p&gt;\r\n\r\n&lt;p style=&quot;text-align:justify&quot;&gt;-Ruhanie Perera&lt;/p&gt;','&lt;ul&gt;\r\n	&lt;li&gt;Amritah Sen&lt;/li&gt;\r\n	&lt;li&gt;Banoo Batliboi&lt;/li&gt;\r\n	&lt;li&gt;Jagath Weeresinghe&lt;/li&gt;\r\n	&lt;li&gt;Katsushi Goto &amp;amp; Vishwa Shroff&lt;/li&gt;\r\n	&lt;li&gt;Kingsley Gunatillake&lt;/li&gt;\r\n	&lt;li&gt;Liz Fernando&lt;/li&gt;\r\n	&lt;li&gt;Madiha Sikander&lt;/li&gt;\r\n	&lt;li&gt;Mahula Ghosh&lt;/li&gt;\r\n	&lt;li&gt;Mansha Chhatwal&lt;/li&gt;\r\n	&lt;li&gt;Pala Pothupitye&lt;/li&gt;\r\n	&lt;li&gt;Preksha Tater&lt;/li&gt;\r\n	&lt;li&gt;Ravi Kumar Kashi&lt;/li&gt;\r\n	&lt;li&gt;Samanta Batra Mehta&lt;/li&gt;\r\n	&lt;li&gt;Samit Das&lt;/li&gt;\r\n	&lt;li&gt;Satyanand Mohan&lt;/li&gt;\r\n	&lt;li&gt;Saubya Chasmawala&lt;/li&gt;\r\n	&lt;li&gt;Tanmoy Samanta&lt;/li&gt;\r\n	&lt;li&gt;Youdhisthir Maharjan&lt;/li&gt;\r\n&lt;/ul&gt;','Reading Room New York (1).pdf',1,'a','n','2020-12-12 18:30:19','2020-12-12 18:30:19'),(8,2015,'Open Studio','exhibition_1607867157.jpeg','Open Studio, Baroda Artist show','&lt;p style=&quot;text-align:justify&quot;&gt;&lt;span style=&quot;font-size:medium&quot;&gt;&lt;span style=&quot;font-family:Calibri&quot;&gt;&lt;span style=&quot;color:#000000&quot;&gt;&lt;span style=&quot;font-size:10pt&quot;&gt;&lt;span style=&quot;font-family:Lato&quot;&gt;&lt;span style=&quot;color:#3e3c3d&quot;&gt;Blueprint12 Studio was established in 2013 to provide artists with a studio space in the heart of Vadodara, Gujarat. Historically, Vadodara has had a culture of shared studio spaces, and till date the younger and emerging artists prefer to work collaboratively, often using the space to voice common political and social concerns or engage in educational and outreach programs like video screenings or talks that benefit not only the resident artists but the local artists&amp;#39; community. Studios tend to be the melting pots where artists from different backgrounds and also different gallery representation work cohesively and at the same time provide collectors, gallerists and art enthusiasts to engage with multiple styles under one roof.&amp;nbsp;In 2017, we decided to take a break from running the studio and hope to come back with newer platforms to engage with and support emerging artists.&lt;/span&gt;&lt;/span&gt;&lt;/span&gt;&lt;/span&gt;&lt;/span&gt;&lt;/span&gt;&lt;/p&gt;','&lt;ul&gt;\r\n	&lt;li&gt;Debasree Das&lt;/li&gt;\r\n	&lt;li&gt;Jeetander Ojha&lt;/li&gt;\r\n	&lt;li&gt;Malabika Barman&lt;/li&gt;\r\n	&lt;li&gt;Maripelly Praveen Goud&lt;/li&gt;\r\n	&lt;li&gt;Prabhakar Alok&lt;/li&gt;\r\n	&lt;li&gt;Riya Chatterjee&lt;/li&gt;\r\n	&lt;li&gt;Sathyanand Mohan&lt;/li&gt;\r\n	&lt;li&gt;Subrat Kumar Behra&lt;/li&gt;\r\n	&lt;li&gt;T. Venkanna&lt;/li&gt;\r\n	&lt;li&gt;Varun Cursetji&lt;/li&gt;\r\n&lt;/ul&gt;\r\n\r\n&lt;p&gt;&lt;br /&gt;\r\n&amp;nbsp;&lt;/p&gt;',NULL,1,'a','n','2020-12-13 19:15:57','2020-12-13 19:15:57'),(9,2016,'To Whom It May Concern','exhibition_1607961593.jpeg','Solo Show by Ajay Lakhera','&lt;p style=&quot;text-align:justify&quot;&gt;Ajay Lakhera&lt;br /&gt;\r\nTo Whom It May Concern&lt;br /&gt;\r\n15th September -17th September 2016&lt;br /&gt;\r\nAlliance Francaise, New Delhi&lt;/p&gt;\r\n\r\n&lt;p style=&quot;text-align:justify&quot;&gt;&amp;quot;Man does not weave this web of life. He is merely strand of it. Whatever he does to the web, he does to himself.&amp;quot;&lt;/p&gt;\r\n\r\n&lt;p style=&quot;text-align:justify&quot;&gt;- Chief Seattle&lt;/p&gt;\r\n\r\n&lt;p style=&quot;text-align:justify&quot;&gt;Ajay Lakhera&amp;rsquo;s first solo exhibition of woven canvases in New Delhi grapples with memories and how they are interwoven with our personal experiences of the past and the present. By taking those fleeting and seemingly insignificant life events, Lakhera incorporates narrative structures that take political and social meanings. Using art as a therapeutic tool to overcome unconfronted past experiences, and using both abstraction and figuration in a coherent union, Lakhera invites the viewer to come up close, and in the process blurring figurative paintings into abstract notions of times gone by.&lt;br /&gt;\r\n&amp;nbsp;&lt;/p&gt;','&lt;p&gt;Ajay Lakhera&lt;/p&gt;','ajay catalogue (email).pdf',1,'a','n','2020-12-14 21:29:53','2020-12-14 21:41:04'),(10,2017,'Until This Moment','exhibition_1607962188.jpeg','Pala Pothupitye Solo Show, Sri Lankan Artist','&lt;p style=&quot;text-align:justify&quot;&gt;Pala Pothupitiye: Until this moment&lt;br /&gt;\r\nAt Exhibit320, New Delhi&lt;br /&gt;\r\n28th April 2017 &amp;ndash; 27th May, 2017&lt;/p&gt;\r\n\r\n&lt;p style=&quot;text-align:justify&quot;&gt;In Collaboration with Exhibit320&lt;/p&gt;\r\n\r\n&lt;p style=&quot;text-align:justify&quot;&gt;Pala Pothupitiye (b. 1972) obtained his degree in Fine Arts at the Visual and Performance Art University in Colombo. He was raised in a village of traditional southern Sri Lankan craft-artists and ritualists and thus his work incorporates and reinterprets the material and philosophical content of traditional art.&amp;nbsp;&lt;/p&gt;\r\n\r\n&lt;p style=&quot;text-align:justify&quot;&gt;Pothupitiye has confronted issues such as colonialism, nationalism, religious extremism and militarism that has become and integral part of the country&amp;rsquo;s fabric, and extends his inquiry to questions of caste, the distinction between art and craft, tradition and modernity, as well as generating a critique of Euro-centrism. He works on government maps and old colonial maps, sometimes merging them to create new cartographies. These alternative cartographic exercises talk about memory and its erasure, identities and their discomfiture, the 30-year war Sri Lanka experienced and its postwar complexities.&amp;nbsp;&lt;/p&gt;\r\n\r\n&lt;p style=&quot;text-align:justify&quot;&gt;In 2005, he was selected to participate in the third Fukuoka Triennial at the Fukuoka Asian Art Museum in Japan, and in 2010 he won the jury award of the Sovereign Art Asian Prize, Hong Kong. Pala has been part of the Colombo Art Biennale (2009, 2012, 2014), Singapore Biennale (2016), Karachi Biennale (2017) and much more recently selected for &amp;lsquo;Undefined Territories: Perspectives on Colonial Legacy at MACBA, Barcelona (2019).&lt;/p&gt;\r\n\r\n&lt;p style=&quot;text-align:justify&quot;&gt;At present, Pothupitiye is living and working at the Mullegama Art Center near Colombo where he runs his workshop and an art school, supporting younger artists and schoolchildren.&lt;/p&gt;','&lt;p&gt;Pala Pothupitye&lt;/p&gt;','Pala Pothupitiye Artwork file.pdf',1,'a','n','2020-12-14 21:39:48','2020-12-14 21:40:47'),(11,2018,'Given Power, Tradition to Contemporary','exhibition_1607964738.jpeg','An Unquiet Mind','&lt;p style=&quot;text-align:justify&quot;&gt;Originally from Kathmandu, Nepal, Youdhisthir Maharjan (b. 1984)&amp;nbsp;began his journey in the arts with a B.A. in Creative Writing &amp;amp; Art&amp;nbsp;History from the New England College, New Hampshire (USA). He&amp;nbsp;went on to pursue his M.F.A. at the University of Idaho in 2012. He&amp;nbsp;has since, exhibited extensively in India, Nepal, the United States&amp;nbsp;and the UK. Some of his solo shows of note include Nothing&amp;nbsp;Repeated at Prichard Gallery, Idaho (2012); The Art of Not Making&amp;nbsp;at the New England College Gallery, New Hampshire (2012) and&amp;nbsp;Nite Light at Indigo Gallery, Nepal (2004).&lt;/p&gt;\r\n\r\n&lt;p style=&quot;text-align:justify&quot;&gt;Maharjan has also been a part of several group shows including&amp;nbsp;Himalayan Contemporary, Desai/Matta Gallery, San Francisco&amp;nbsp;(2017); Deep Cuts: Contemporary Paper Cutting at Currier Museum&amp;nbsp;of Art, Manchester, New Hampshire (2017); In Letter and Spirit at&amp;nbsp;TARQ,&amp;nbsp;Mumbai (2016); Reading Room, Saffron Art, New York (2016);&amp;nbsp;Reading Room: Leaves, Threads, and Traces, Winchester Gallery,&amp;nbsp;UK (2016) and Emerging Talent, Seraphin Gallery, Philadelphia&amp;nbsp;(2016). His work has been a part of large scale exhibitions such as&amp;nbsp;the Kathmandu Triennale (2017) and the Boston International Fine&amp;nbsp;Art Show, Boston Center for the Arts (2015). The artist currently&amp;nbsp;lives and works in Boston.&lt;/p&gt;','&lt;p&gt;Youdhisthir Maharjan&lt;/p&gt;','20.01.2018_ Youdhisthir Maharjan_Catalogue design.pdf',1,'a','n','2020-12-14 22:22:18','2020-12-14 22:22:18'),(12,2018,'Delhi Contemporary Art week, 2018','exhibition_1607965895.jpeg','7 Contemporary Art Galleries group show','&lt;p style=&quot;text-align:justify&quot;&gt;Contemporary Art in South Asia is more exciting than it has ever been. There is a fresh crop of artists who are creating compelling work that engage with the rapidly fluctuating infrastructure, economy, ecology, landscape and identity politics of our times, and are pushing the limits of aesthetics in ways that would have been unprecedented even a decade ago. Delhi Contemporary Art Week (DCAW) was initiated as an attempt to generate discourse that befits the shifting lens of the contemporary.&amp;nbsp;&lt;/p&gt;\r\n\r\n&lt;p style=&quot;text-align:justify&quot;&gt;The second edition includes the participation of seven galleries in the city ̶ Blueprint 12, Gallery Espace, Exhibit 320, Latitude 28, Nature Morte, Shrine Empire and Vadehra Art Gallery ̶ who are spearheading a new wave. They have come together again to showcase the cusp of the contemporary, all in one space for four days. DCAW is conceptualised to be the ultimate destination for established and emerging collectors, and art enthusiasts who are eager to be part of this conversation and want to know more.&amp;nbsp;&lt;/p&gt;\r\n\r\n&lt;p style=&quot;text-align:justify&quot;&gt;This year, Delhi Contemporary Art Week will be an attempt to streamline the conversation and establish a new paradigm, shaped by a generation of artists who have exhibited around the world by means of residency circuits, biennales and art fairs, which is mature, sustained and part of the global aesthetic. Also presented will be masters of Indian contemporary, who paved the way for the rest with innovative artistic production that has remained future-proof.&amp;nbsp;&lt;/p&gt;\r\n\r\n&lt;p style=&quot;text-align:justify&quot;&gt;DCAW will also include outreach initiatives for children, art professionals, collectors and others who are interested in art with panel discussions and talks on the art of collecting, maintaining collections, and handling of artworks.&lt;/p&gt;','&lt;ul&gt;\r\n	&lt;li&gt;Mahbubur Rahman&lt;/li&gt;\r\n	&lt;li&gt;Mehreen Murtaza&lt;/li&gt;\r\n	&lt;li&gt;Pala Pothupitiye&lt;/li&gt;\r\n	&lt;li&gt;Vipeksha Gupta&lt;/li&gt;\r\n	&lt;li&gt;Youdhisthir Maharjan&lt;br /&gt;\r\n	&amp;nbsp;&lt;/li&gt;\r\n&lt;/ul&gt;','dcaw catalogue (updated).pdf',2,'a','n','2020-12-14 22:41:35','2020-12-14 22:41:35'),(13,2018,'Sounds From Nowhere','exhibition_1607966035.jpeg','Solo Show by Mahabubur Rahman','&lt;p style=&quot;text-align:justify&quot;&gt;&amp;lsquo;Sounds from Nowhere&amp;rsquo; is Mahbubur Rahman&amp;rsquo;s second major solo presentation in India; focusing on his multidisciplinary practice, which includes painting, photography, sculpture as well as performances. The title of the show derives from one of his works that was inspired by the Rana Plaza building collapse in 2013, where seventy-one Bangladeshi workers who tirelessly worked for an international garment manufacturer remained buried. For those who survived, they had to be cut away using available instruments like a hacksaw. For Rahman, the sound of the hacksaw on human bones is etched into his mind and is trapped in his stainless steel sculptures. Just like nation that is trapped within its own failures, his instruments are screams that no one hears.&lt;/p&gt;\r\n\r\n&lt;p style=&quot;text-align:justify&quot;&gt;Transformation (2018) is the sculptural manifestation of a performance that foregrounds Rahman&amp;#39;s sensitivity towards the social structure of Bangladesh and its colonial past. Inspired by the play titled &amp;lsquo;Nuruldiner Sarajiban&amp;rsquo; by Syed Shamsul Haq, Rahman used his body to narrate an episode from colonial Bangladesh, where rebelling indigo farmers, Nuruldin and his father, were stripped off their belongings including the buffaloes that ploughed their fields. Rahman, wearing a mask made of jute relived the anguish of the farmers as he suffocates and struggles with a broken neck, groaning like a buffalo as he fights for his right to survival. Rahman transforms into a half human-half animal creature, which, for him is a represents what the father and son had become as they ploughed their own fields with their body. The stainless steel life-size sculpture is an acknowledgment to the farmers who underwent the same colonial torture, who burdened by the politics of the state were denied the basic right to live. It is also a commentary on contemporary social structure in Bangladesh, which, according to Rahman, has been stagnant in its growth for many years.&amp;nbsp;&lt;/p&gt;\r\n\r\n&lt;p style=&quot;text-align:justify&quot;&gt;Rahman is one of the most important cultural activists of Bangladesh. Since his Masters in Fine Art from the University of Dhaka, he has chosen mediums like performances and installations that have allowed him to respond spontaneously, often commenting upon the issues that have plagued post Independent Bangladesh, such as its colonial past, its post colonial identity, migration, social stigmas and political censorship and control. His works have been exhibited widely and his selected presentations include, &amp;lsquo;Faces of Intimate Strangers&amp;rsquo; at the Shanghai Modern Art Museum, China (2018), &amp;lsquo;The City&amp;rsquo;, Katmandu Triennale (2017), &amp;lsquo;The Artist as Activist&amp;rsquo; at The Broad Art Museum, Michigan State University, United States of America (2016), &amp;lsquo;Dust to Dust&amp;rsquo;, Bengal Art Foundation, Bangladesh (2015), &amp;lsquo;Making History&amp;rsquo;, Colombo Art Biennale, Sri Lanka (2014), &amp;lsquo;Parables&amp;rsquo;, The Bangladesh Pavilion at the 54th Venice Biennale, Italy (2011), the 5th to the 14th Asian Art Biennales, Dhaka, Bangladesh (1991-2010), &amp;lsquo;Videozoom: Bangladesh&amp;rsquo;, Rome, Italy (2010), Mahbubur Rahman at The Devi Art Foundation, New Delhi, India (2009) and at the Gwangju Biennale, South Korea (2008).&lt;/p&gt;\r\n\r\n&lt;p style=&quot;text-align:justify&quot;&gt;He is also the co-founder of Britto Arts Trust (2002), which is Bangladesh&amp;rsquo;s first artist-run alternative arts platform with an aim to encourage international collaborations and residencies, host exhibitions and lead alternative arts practices in Bangladesh. Much more recently, Britto Arts Trusts has shown at the India Art Fair, with the aim to promote contemporary voices from Bangladesh. He lives and works in Dhaka, Bangladesh.&lt;/p&gt;\r\n\r\n&lt;p&gt;&amp;nbsp;&lt;/p&gt;','&lt;p&gt;Mahbubur Rahman&lt;/p&gt;','Mahbub Catalogue (complete).pdf',3,'a','n','2020-12-14 22:43:55','2020-12-14 22:43:55'),(14,2019,'Delhi Contemporary Art Week, 2019','exhibition_1607967521.jpeg','Group show by 7 Contemporary Galleries','&lt;p style=&quot;text-align:justify&quot;&gt;Contemporary Art in South Asia is more exciting than it has ever been. There is a fresh crop of artists who are creating compelling work that engage with the rapidly fluctuating infrastructure, economy, ecology, landscape and identity politics of our times, and are pushing the limits of aesthetics in ways that would have been unprecedented even a decade ago.&amp;nbsp;Delhi&amp;nbsp;Contemporary Art Week (DCAW)&amp;nbsp;was initiated as an attempt to generate discourse that befits the shifting lens of the contemporary.&lt;/p&gt;\r\n\r\n&lt;p style=&quot;text-align:justify&quot;&gt;The third edition includes the participation of seven galleries in the city ̶&amp;nbsp;Blueprint 12, Gallery Espace, Exhibit 320, Latitude 28, Nature Morte, Shrine Empire and Vadehra Art Gallery&amp;nbsp;̶ who are spearheading a new wave. They have come together again to showcase the cusp of the contemporary, all in one space for four days. DCAW is conceptualized&amp;nbsp;to be the ultimate destination for established and emerging collectors, and art enthusiasts who are eager to be part of this conversation and want to know more.&lt;/p&gt;\r\n\r\n&lt;p style=&quot;text-align:justify&quot;&gt;This year, Delhi Contemporary Art Week will be an attempt to streamline the conversation and establish a new paradigm, shaped by a generation of artists who have exhibited around the world by means of residency circuits, biennales and art fairs, which is mature, sustained and part of the global aesthetic. Also presented will be masters of Indian contemporary, who paved the way for the rest with innovative artistic production that has remained future-proof.&lt;br /&gt;\r\n&amp;nbsp;&lt;/p&gt;','&lt;ul&gt;\r\n	&lt;li&gt;Arshi Irshad Ahmadzai&lt;/li&gt;\r\n	&lt;li&gt;Champa Sharath&lt;/li&gt;\r\n	&lt;li&gt;Mahbubur Rahman&lt;/li&gt;\r\n	&lt;li&gt;Mehreen Murtaza&lt;/li&gt;\r\n	&lt;li&gt;Najmun Nehar (Keya)&lt;/li&gt;\r\n	&lt;li&gt;Pranay Dutta&lt;/li&gt;\r\n&lt;/ul&gt;','DCAW 2019-Blueprint12.pdf',2,'a','n','2020-12-14 23:08:41','2020-12-14 23:08:41'),(15,2019,'A Thread of Truth','exhibition_1608027675.jpeg','Youdhisthir Maharjan Solo Show, Vadehra Art Gallery','&lt;p style=&quot;text-align:justify&quot;&gt;Mahajran always brings a rich conceptual framework to all of his collages. This series expands on the idea centered around the notion of &amp;ldquo;shunya,&amp;rdquo; or nothingness, represented by letter O. He invites us to consider that everything comes out of nothing and dissolves into nothing, the idea, which exists in Hindu and Buddhist philosophies and parallels one in quantum physics. Combined with the idea of foreverness, these works invite us to see how we can approach these notions through several perspectives. Scientifically, forever is an impossible, futile notion, but we want everything to last forever, so emotionally and psychologically we do experience and feel it; forever exists in our inner world.&lt;/p&gt;\r\n\r\n&lt;p style=&quot;text-align:justify&quot;&gt;With this new body of work, Maharjan take his unique techniques to a next level. He still works with the same limited material, paper and the 26 alphabets of the English language. He employs his usual methods of cutting letters out of found book-pages and gluing them in predetermined symbolic forms, piercing the paper around letter O, cutting out strips of text, and combining/reforming them in new shapes, but this time many of the works are much more sculptural and three dimensional. For example, piercing with needle at an angle pushes paper to certain elevations and makes it more sculpted or 3D, as seen in The Map of Heaven. He weaves strips of cut pages to create new surfaces and textures, as seen in The Music of Eternity, The Nuns&amp;rsquo; Tale, and A Thread of Truth, which gave the title to this show.&lt;/p&gt;\r\n\r\n&lt;p style=&quot;text-align:justify&quot;&gt;Exploring the emblematic and literal meanings of O representing the shunya, or nothingness, the three works The Theory of Nothing, Principles of Mahashunya, Nothingness to Everything come from the same book. The text&amp;rsquo;s legible and meaningful information on nothingness is cut out and then dissected into smaller dot-like parts, or points, which make up everything and at the same time mean nothing. Thematically and conceptually similar, these three works complement and complete each other.&lt;/p&gt;\r\n\r\n&lt;p style=&quot;text-align:justify&quot;&gt;To Being Again is a proper triptych that explores the notion of meaning making. The three pages are the same page of the same book from different physical copies of it and look dissimilar because the O-s are connected in a different way on each page. With this work, Youdhi explores how meaningful connections in our mind shape what we see; they originate from us, not the other way around.&lt;/p&gt;\r\n\r\n&lt;p style=&quot;text-align:justify&quot;&gt;In The World of the Buddha, we see very structured connected networks between O-s that form three layers. The innermost consists of two pages, the middle three, and the outer four, thus going outward, expanding interconnected world, structured like a crystal, which embraces nothingness and everything. In contrast, Reflection on a Life is made of four layers, each layer made up of one continuous line, cut out methodically and gracefully, that floats in repeated loops, connecting all the &amp;ldquo;O&amp;rdquo;s. The fragile lines entangle and intertwine themselves, and in the process of their growth, lose their beginning and the end, where time is a circle. The paths of life, all leading to &amp;ldquo;O.&amp;rdquo; Nothing. Sunyata. Life&amp;rsquo;s journey without purpose or destination. Meaningless and futile. The journey is the purpose, and the meaning is in the journey. Celebration of the process of living. Reflections on life. Reflections of life. Constantly in motion, never constant.&lt;/p&gt;\r\n\r\n&lt;p style=&quot;text-align:justify&quot;&gt;Speaking of tangles, In The Nun&amp;rsquo;s Tale, Maharjan uses the thinnest possible strips of cut pages and weaves them tightly together. He admits that he had a few mistakes and fixed them, but did not hide the rips and played with the extra paper that came out loose. In A Thread of Truth, he also exposed the flaws and celebrated them instead of making the work flawless, revealing the fragility of the process and the material.&lt;/p&gt;\r\n\r\n&lt;p style=&quot;text-align:justify&quot;&gt;In a highly symbolic and literal work, The Weight of Silence, all of the cut out letters from the pages are fallen or pulled down, as if driven by gravity.&lt;/p&gt;\r\n\r\n&lt;p style=&quot;text-align:justify&quot;&gt;In a set of fifteen pages, The Music of Eternity, the artist finds music (nonsensical noises) in his monotonous and mundane processes. Manipulating meaningful letters and syllables into illogical notes, Maharjan transforms informational language into visual music, and in the process, reminds us how music can be found in everything and everywhere, even in the language of the machine world, 1s and 0s.&lt;/p&gt;\r\n\r\n&lt;p style=&quot;text-align:justify&quot;&gt;It is possible to liken his meticulous labor to ancient artisans&amp;rsquo; work in book illuminations. They too worked with texts of the books by crafting distinct intricate worlds within, so that anyone who would look will discover new dimensions to get lost in and to acquire their unique interpretation.&lt;/p&gt;\r\n\r\n&lt;p style=&quot;text-align:justify&quot;&gt;Text by Elena Pakhoutova&lt;br /&gt;\r\nCurator, Rubin Museum of Art, New York&lt;br /&gt;\r\n&amp;nbsp;&lt;/p&gt;','',NULL,2,'a','n','2020-12-15 15:51:15','2020-12-15 15:51:15'),(16,2019,'The Wounded Book','exhibition_1608035585.jpeg','Kingsley Gunatillake, Solo Exhibition , Vadehra Art Gallery','&lt;p style=&quot;text-align:center&quot;&gt;THE WOUNDED BOOK | KINGSLEY GUNATILLAKE&lt;/p&gt;\r\n\r\n&lt;p style=&quot;text-align:center&quot;&gt;&lt;br /&gt;\r\nWound(s),&lt;br /&gt;\r\nThe wounded,&lt;br /&gt;\r\nTo be wounded,&lt;br /&gt;\r\nTo wound,&lt;br /&gt;\r\nWounding &amp;ndash;&lt;/p&gt;\r\n\r\n&lt;p style=&quot;text-align:justify&quot;&gt;In this inventory of words exists the artist&amp;rsquo;s confrontation with images and sensory responses to the experience of violence, as well as the perpetration of acts of violence. With an art practice that includes painting, installation, illustration, mixed media, sculpture and video art, Sri Lankan born multidisciplinary artist, Kingsley Gunatillake has consistently resisted statist, dominant narratives in circulation of a Sri Lanka at war, and in its post war transitions, in his work. This trajectory of &amp;lsquo;being&amp;rsquo; in relation to pain is most powerfully manifested in the form of his book artwork since the 1990s.&amp;nbsp;&lt;/p&gt;\r\n\r\n&lt;p style=&quot;text-align:justify&quot;&gt;The book encountered herein in a multitude of creative interpretations carries its wounds: literal wounds, received in the moment of its making, as well as wounds referenced through signification, borne of a 30-year war. Each book is a narrative of pain and loss. Conceived through the artist&amp;rsquo;s introspection in response to the burning of the Jaffna Library in Sri Lanka in 1981, this artistic practice of using burning and cutting repeatedly is a meditation: a creative conversation with the book as material and materiality. The book is both an act of remembering, and that of witness. In its evocation of memories of trauma and loss, the book allows for mourning and memorialization (to remember, and to forget) through a complex act of reading through juxtaposition.&amp;nbsp;&lt;/p&gt;\r\n\r\n&lt;p style=&quot;text-align:justify&quot;&gt;Here is also an act of resistive writing. One that destroys text, in order to make and remake meaning, held in the echoes of what has been before, as well as the incoherence of pain. These books, with the shells of the bullets embedded deep within, bear witness to the fact that there is no objective knowing in the narrative of pain; what remains are the shifting sensations of terror and turbulence discerned through the artist&amp;rsquo;s subjective knowing. Taken in as a threat to security for his book making practice in the aftermath of the most recent wave of violence in Sri Lanka, measured and photographed as the guilty are, this is the body that knows the fragility of artistic freedom and democratic citizenship. The work produced is telling of an ever-elusive peace.&amp;nbsp;&lt;/p&gt;\r\n\r\n&lt;p style=&quot;text-align:justify&quot;&gt;Text by Ruhanie Perera&lt;br /&gt;\r\n&amp;nbsp;&lt;/p&gt;','&lt;p&gt;Kingsley Gunatillake&lt;/p&gt;','The Wounded Book.pdf',3,'a','n','2020-12-15 18:03:05','2020-12-15 18:03:05'),(17,2019,'Out of Your Shadow','exhibition_1608121826.jpeg','South Asian Women Artist show, Gallery Espace','&lt;p&gt;Blueprint12 and Gallery Espace present Out of Your Shadow, a group show of women artists from six south Asian countries &amp;ndash; Afghanistan, Bangladesh, India, Nepal, Pakistan and Sri Lanka.&lt;/p&gt;\r\n\r\n&lt;p&gt;&lt;br /&gt;\r\nBesides geography, these countries share a common legacy of colonial dominance and a similarity of culture and social mores, of ideas and philosophies, of architecture and iconography. In recent times, they are united by a common political system &amp;ndash; democracy (with varying degrees of success, of course) - and a history of unrest, repression and violence. Women, of course, have been the worst affected by this. Their lives have been circumscribed or they have been forced to migrate. It has also sharpened these women artists&amp;rsquo; focus on identity &amp;ndash; political and gender &amp;ndash; and the forces that shape or endanger it. Of course, it&amp;rsquo;s unfair to pin their art to either gender or politics; their art is an aesthetic response, oblique and intensely personal, keeping within the bounds of convention while also seeking to transcend and mould it to their needs.&lt;/p&gt;\r\n\r\n&lt;p&gt;&lt;br /&gt;\r\nThe show hopes to ride on the global focus on women&amp;rsquo;s art in recent times with initiatives such as the Tate Modern&amp;rsquo;s #5womenartists. In India, women artists have been no more successful in accessing patronage &amp;ndash; whether to show or sell their art - than in other parts of the world. It&amp;rsquo;s time the Indian art fraternity to recognise this gender inequity and open up spaces for the voices of women to be heard.&amp;nbsp;&lt;/p&gt;','&lt;ul&gt;\r\n	&lt;li&gt;Arshi Irshad Ahmadzai&lt;/li&gt;\r\n	&lt;li&gt;Ashmina Ranjit&lt;/li&gt;\r\n	&lt;li&gt;Jasmine Nilani&lt;/li&gt;\r\n	&lt;li&gt;Madiha Sikander&lt;/li&gt;\r\n	&lt;li&gt;Mansha Chhatwal&lt;/li&gt;\r\n	&lt;li&gt;Najmun Nehar (Keya)&lt;/li&gt;\r\n	&lt;li&gt;Vipeksha Gupta&lt;/li&gt;\r\n&lt;/ul&gt;','PDF - Out of your Shadow.pdf',4,'a','n','2020-12-16 18:00:26','2020-12-16 18:00:26'),(18,2019,'Freeing the Book','exhibition_1608140532.jpeg','Book Art Exhibition, Manor Hotel','&lt;p style=&quot;text-align:justify&quot;&gt;&amp;nbsp;&lt;/p&gt;\r\n\r\n&lt;p style=&quot;text-align:justify&quot;&gt;&amp;ldquo;The Book &amp;ndash; a traditional object, which nevertheless is capable of the most contemporary adaptation, yet retains an aesthetic dimension&amp;rdquo; &amp;ndash; Mabel Kaufmann, The Book as Art and Idea&lt;/p&gt;\r\n\r\n&lt;p style=&quot;text-align:justify&quot;&gt;&lt;br /&gt;\r\nThe concept behind the exhibition is to showcase and exhibit works of art that is made by using books, or by full time book artists. Book art is popular in the medium of artist&amp;#39;s journals or sketchbooks but not known as medium where books can be altered to depict an idea.&amp;nbsp;&lt;br /&gt;\r\nThese books, be it historical or contemporary, also become the medium by which artists interrogate its form and structure, it&amp;#39;s content and reinterpret it in their own practice. Reinterpretation of books takes the forms by drawing in them, carving them, tearing them, to convey contemporary issues of displacement, war, fantasy, nostalgia, or history.&lt;/p&gt;','&lt;ul&gt;\r\n	&lt;li&gt;Arpita Akhanda&lt;/li&gt;\r\n	&lt;li&gt;Arshi Irshad Ahmadzai&lt;/li&gt;\r\n	&lt;li&gt;Kingsley Gunatillake&lt;/li&gt;\r\n	&lt;li&gt;Mansha Chhatwal&lt;br /&gt;\r\n	&amp;nbsp;&lt;/li&gt;\r\n&lt;/ul&gt;','Freeing the Book - Manor.pdf',5,'a','n','2020-12-16 23:12:12','2020-12-16 23:12:12');
/*!40000 ALTER TABLE `exhibitions_master` ENABLE KEYS */;
UNLOCK TABLES;

--
-- Table structure for table `homepage`
--

DROP TABLE IF EXISTS `homepage`;
/*!40101 SET @saved_cs_client     = @@character_set_client */;
/*!40101 SET character_set_client = utf8 */;
CREATE TABLE `homepage` (
  `id` mediumint(8) unsigned NOT NULL AUTO_INCREMENT,
  `home_img` varchar(100) COLLATE utf8mb4_unicode_ci NOT NULL,
  `home_img_alt` varchar(100) COLLATE utf8mb4_unicode_ci DEFAULT NULL,
  `home_info` varchar(1000) COLLATE utf8mb4_unicode_ci DEFAULT NULL,
  `home_info_mob` varchar(1000) COLLATE utf8mb4_unicode_ci DEFAULT NULL,
  `hyperlink` varchar(500) COLLATE utf8mb4_unicode_ci DEFAULT '#',
  `img_ord` mediumint(8) unsigned DEFAULT NULL,
  `status` enum('a','i') COLLATE utf8mb4_unicode_ci NOT NULL DEFAULT 'a',
  `is_deleted` enum('y','n') COLLATE utf8mb4_unicode_ci NOT NULL DEFAULT 'n',
  `created_at` timestamp NOT NULL DEFAULT CURRENT_TIMESTAMP,
  `updated_at` timestamp NOT NULL DEFAULT CURRENT_TIMESTAMP ON UPDATE CURRENT_TIMESTAMP,
  PRIMARY KEY (`id`) USING BTREE
) ENGINE=InnoDB AUTO_INCREMENT=7 DEFAULT CHARSET=utf8mb4 COLLATE=utf8mb4_unicode_ci ROW_FORMAT=DYNAMIC;
/*!40101 SET character_set_client = @saved_cs_client */;

--
-- Dumping data for table `homepage`
--

LOCK TABLES `homepage` WRITE;
/*!40000 ALTER TABLE `homepage` DISABLE KEYS */;
INSERT INTO `homepage` VALUES (1,'home_1607061778.jpeg','Arshi Irshad Ahmadzai contemporary South  Asian Blueprint12','&lt;p&gt;Ghilaaf, 08.06.2020 (From the Blood Book), Flower dye paste and ink on Majher Paath Fabric,&amp;nbsp;39.5cm x 30cm&lt;/p&gt;','','#',1,'a','n','2020-12-04 11:32:58','2020-12-04 11:32:58'),(2,'home_1607062094.jpeg','Kingsley Gunatillake South Asian Contemporary Artist','&lt;p&gt;Kingsley Gunatilake, Bullet Book, 19 X 26 cm, Used Book and charcoal, 2019&lt;br /&gt;\r\n&amp;nbsp;&lt;/p&gt;','','#',2,'a','n','2020-12-04 11:38:14','2020-12-04 11:38:14'),(3,'home_1607062315.jpeg',NULL,'&lt;p&gt;Madiha Sikander, Home Away from Home, gadrung on paper, 17.5&amp;nbsp;x 12.5 cm,&amp;nbsp;2015&lt;br /&gt;\r\n&amp;nbsp;&lt;/p&gt;','','#',3,'a','n','2020-12-04 11:41:55','2020-12-04 11:41:55'),(4,'home_1607062502.jpeg','Mahbubur Rahman contemporary South  Asian Blueprint12','&lt;p&gt;Mahbubur Rahman, Sounds from nowhere - 8, stainless steel, surgical scissors,&amp;nbsp; 7.5&amp;nbsp;x 78.5&amp;nbsp;x 16 cm (head) &amp;amp; 25 cm (tail)&lt;/p&gt;','','#',4,'a','n','2020-12-04 11:45:02','2020-12-04 11:45:02'),(5,'home_1607064453.jpeg','Vipeksha  Gupta  contemporary South  Asian Blueprint12','&lt;p&gt;Vipeksha Gupta, Vedana VI, pencil on paper 52.5 x 52.5&amp;nbsp;cm, 2020&lt;/p&gt;','','#',5,'a','n','2020-12-04 12:17:33','2020-12-04 12:17:33'),(6,'home_1607064587.jpeg','Visakh Menon contemporary South  Asian Blueprint12','&lt;p&gt;Visakh Menon, Tremors&lt;/p&gt;','','#',6,'a','n','2020-12-04 12:19:47','2020-12-04 12:19:47');
/*!40000 ALTER TABLE `homepage` ENABLE KEYS */;
UNLOCK TABLES;

--
-- Table structure for table `menu_master`
--

DROP TABLE IF EXISTS `menu_master`;
/*!40101 SET @saved_cs_client     = @@character_set_client */;
/*!40101 SET character_set_client = utf8 */;
CREATE TABLE `menu_master` (
  `id` tinyint(3) unsigned NOT NULL AUTO_INCREMENT,
  `menu_name` varchar(30) COLLATE utf8mb4_unicode_ci NOT NULL,
  `page_route` varchar(30) COLLATE utf8mb4_unicode_ci DEFAULT NULL,
  `menu_ord` tinyint(3) unsigned NOT NULL,
  `status` enum('a','i') COLLATE utf8mb4_unicode_ci NOT NULL DEFAULT 'a',
  `is_deleted` enum('y','n') COLLATE utf8mb4_unicode_ci NOT NULL DEFAULT 'n',
  `created_at` timestamp NOT NULL DEFAULT CURRENT_TIMESTAMP,
  `updated_at` timestamp NOT NULL DEFAULT CURRENT_TIMESTAMP ON UPDATE CURRENT_TIMESTAMP,
  PRIMARY KEY (`id`) USING BTREE
) ENGINE=InnoDB AUTO_INCREMENT=8 DEFAULT CHARSET=utf8mb4 COLLATE=utf8mb4_unicode_ci ROW_FORMAT=DYNAMIC;
/*!40101 SET character_set_client = @saved_cs_client */;

--
-- Dumping data for table `menu_master`
--

LOCK TABLES `menu_master` WRITE;
/*!40000 ALTER TABLE `menu_master` DISABLE KEYS */;
INSERT INTO `menu_master` VALUES (1,'About','about',1,'i','y','2020-08-15 18:20:37','2020-11-07 13:39:45'),(2,'Artists','artists',2,'a','n','2020-08-15 18:21:35','2020-11-07 13:39:46'),(3,'Exhibitions','exhibitions',3,'a','n','2020-08-17 10:31:52','2020-11-07 13:39:50'),(4,'Art Fairs','art-fairs',4,'a','n','2020-08-17 10:32:12','2020-11-07 13:39:53'),(5,'Platform','platform',5,'a','n','2020-08-17 10:32:17','2020-11-07 13:39:56'),(6,'Contact','contact',6,'a','n','2020-08-17 10:32:23','2020-11-07 13:39:57'),(7,'Social Media','social-media',7,'i','y','2020-08-17 10:32:36','2020-11-07 13:40:00');
/*!40000 ALTER TABLE `menu_master` ENABLE KEYS */;
UNLOCK TABLES;

--
-- Table structure for table `password_resets`
--

DROP TABLE IF EXISTS `password_resets`;
/*!40101 SET @saved_cs_client     = @@character_set_client */;
/*!40101 SET character_set_client = utf8 */;
CREATE TABLE `password_resets` (
  `id` int(10) unsigned NOT NULL AUTO_INCREMENT,
  `user_master_id` int(10) unsigned NOT NULL,
  `reset_password_token` varchar(100) COLLATE utf8mb4_unicode_ci NOT NULL,
  `token_expiry` int(10) unsigned NOT NULL,
  `new_password_sent` enum('y','n') COLLATE utf8mb4_unicode_ci NOT NULL DEFAULT 'n',
  `created_at` timestamp NOT NULL DEFAULT CURRENT_TIMESTAMP,
  `updated_at` timestamp NOT NULL DEFAULT CURRENT_TIMESTAMP ON UPDATE CURRENT_TIMESTAMP,
  PRIMARY KEY (`id`) USING BTREE,
  KEY `user_master_id_password_resets` (`user_master_id`) USING BTREE,
  CONSTRAINT `user_master_id_password_resets` FOREIGN KEY (`user_master_id`) REFERENCES `user_master` (`id`) ON DELETE NO ACTION ON UPDATE NO ACTION
) ENGINE=InnoDB AUTO_INCREMENT=8 DEFAULT CHARSET=utf8mb4 COLLATE=utf8mb4_unicode_ci ROW_FORMAT=DYNAMIC;
/*!40101 SET character_set_client = @saved_cs_client */;

--
-- Dumping data for table `password_resets`
--

LOCK TABLES `password_resets` WRITE;
/*!40000 ALTER TABLE `password_resets` DISABLE KEYS */;
INSERT INTO `password_resets` VALUES (1,1,'XIWQKjEAdFTs5DN1lEjmx4r0msTJMjhTA4bxielZDyGJ4TFjdY',1601242047,'y','2020-09-27 02:57:27','2020-09-27 02:58:24'),(2,1,'EWPxcAIQKV61BHW1WYIQwGiA4uaAAzRKYtuGdZnXNlvxrHL5Mi',1601242752,'y','2020-09-27 03:09:12','2020-09-27 03:09:20'),(3,1,'CHAp6yUs7N2xZF7ndJCL9IAeUlQWhTZp3q8TywK7l3CLn44uWD',1601337079,'y','2020-09-28 05:21:19','2020-09-28 05:21:50'),(4,1,'Vmgtv2jyZMOG6EJd7M38oBGXySNP5V1ZM5xUy2pEdBsMqZz80y',1606753297,'n','2020-11-29 21:51:37','2020-11-29 21:51:37'),(5,1,'4cmnNCSA1HpKBVKREng2BEmwxIicuwiFQeKgWPTip1IG8gdPGV',1606753302,'n','2020-11-29 21:51:42','2020-11-29 21:51:42'),(6,1,'3IwPee0Df7Xp4q9LvDUsr2w7vUKdxsO8VvsrWzeyGIkICEyosI',1606753365,'n','2020-11-29 21:52:45','2020-11-29 21:52:45'),(7,1,'xtVLBmLQPtkEavpu0PulRkaJ72sEEkXJsEBR8DgnWTLTzQa7OK',1606753380,'n','2020-11-29 21:53:00','2020-11-29 21:53:00');
/*!40000 ALTER TABLE `password_resets` ENABLE KEYS */;
UNLOCK TABLES;

--
-- Table structure for table `platform_images`
--

DROP TABLE IF EXISTS `platform_images`;
/*!40101 SET @saved_cs_client     = @@character_set_client */;
/*!40101 SET character_set_client = utf8 */;
CREATE TABLE `platform_images` (
  `id` int(10) unsigned NOT NULL AUTO_INCREMENT,
  `platform_master_id` int(10) unsigned NOT NULL,
  `pf_img` varchar(100) COLLATE utf8mb4_unicode_ci NOT NULL,
  `pf_img_alt` varchar(100) COLLATE utf8mb4_unicode_ci DEFAULT NULL,
  `pf_img_ord` int(10) unsigned NOT NULL,
  `pf_img_price` decimal(10,2) unsigned DEFAULT NULL,
  `pf_img_caption` varchar(1000) COLLATE utf8mb4_unicode_ci DEFAULT NULL,
  `pf_img_info` varchar(1000) COLLATE utf8mb4_unicode_ci DEFAULT NULL,
  `status` enum('a','i') COLLATE utf8mb4_unicode_ci NOT NULL DEFAULT 'a',
  `is_deleted` enum('y','n') COLLATE utf8mb4_unicode_ci NOT NULL DEFAULT 'n',
  `created_at` timestamp NOT NULL DEFAULT CURRENT_TIMESTAMP,
  `updated_at` timestamp NOT NULL DEFAULT CURRENT_TIMESTAMP ON UPDATE CURRENT_TIMESTAMP,
  PRIMARY KEY (`id`) USING BTREE,
  KEY `platform_master_id_platform_images` (`platform_master_id`) USING BTREE,
  CONSTRAINT `platform_master_id_platform_images` FOREIGN KEY (`platform_master_id`) REFERENCES `platform_master` (`id`) ON DELETE NO ACTION ON UPDATE NO ACTION
) ENGINE=InnoDB AUTO_INCREMENT=76 DEFAULT CHARSET=utf8mb4 COLLATE=utf8mb4_unicode_ci ROW_FORMAT=DYNAMIC;
/*!40101 SET character_set_client = @saved_cs_client */;

--
-- Dumping data for table `platform_images`
--

LOCK TABLES `platform_images` WRITE;
/*!40000 ALTER TABLE `platform_images` DISABLE KEYS */;
INSERT INTO `platform_images` VALUES (1,1,'platform_1607167310.jpeg','',1,75000.00,'Brick or a book- Liquidation 5 (Imre Kertész), Book page, beewax and fibre, 22.5 cm x 23 cm x 3.5 cm, 2020','','a','y','2020-12-05 16:51:50','2020-12-05 17:18:38'),(2,2,'platform_1608126959.jpeg','Meghana Gavireddygari, engraved paper',1,75000.00,'&lt;p&gt;Fine Line, Engraved paper 60&amp;nbsp;x 45&amp;nbsp;cm, 2020&lt;/p&gt;','','a','n','2020-12-16 19:25:59','2020-12-17 17:23:20'),(3,2,'platform_1608197151.jpeg','Meghana Gavireddygari, Khadi, turmeric on canvas',2,80000.00,'&lt;p&gt;Inquilab Zindabad, Khadi, turmeric, ink, 60 cm&amp;nbsp;x 30 cm,&amp;nbsp;2020&lt;/p&gt;','','a','n','2020-12-17 14:55:51','2020-12-17 17:24:35'),(4,2,'platform_1608197521.jpeg','Meghana Gavireddygari, Khadi, turmeric on canvas',3,60000.00,'&lt;p&gt;Jāti,&amp;nbsp;Khadi, turmeric, ink , 45 cm&amp;nbsp;x 35&amp;nbsp;cm,&amp;nbsp;2020&lt;/p&gt;','','a','n','2020-12-17 15:02:01','2020-12-17 17:25:51'),(5,2,'platform_1608197652.jpeg','Meghana Gavireddygari, Khadi, turmeric, silk on canvas',4,65000.00,'&lt;p&gt;Kesari, Khadi, Banarasi silk, turmeric, 50 cm&amp;nbsp;x 40&amp;nbsp;cm,&amp;nbsp;2020&lt;/p&gt;','','a','y','2020-12-17 15:04:12','2020-12-18 16:29:01'),(6,2,'platform_1608206613.jpeg','Meghana Gavireddygari, cement, turmeric, paper',5,40000.00,'&lt;p&gt;LoC,&amp;nbsp;Cement, paper, turmeric, &amp;nbsp;17.5 cm&amp;nbsp;x 14&amp;nbsp;cm,&amp;nbsp;2020&lt;/p&gt;','','a','n','2020-12-17 17:33:33','2020-12-17 17:42:24'),(7,2,'platform_1608206745.jpeg','Meghana Gavireddygari, Ink on canvas',7,60000.00,'&lt;p&gt;Telegram 1906, Ink on canvas, 40 cm&amp;nbsp;x 30&amp;nbsp;cm,&amp;nbsp;2020&lt;/p&gt;','','a','n','2020-12-17 17:35:45','2020-12-17 17:56:03'),(8,2,'platform_1608206840.jpeg','Meghana Gavireddygari, Khadi, turmeric on canvas',6,65000.00,'&lt;p&gt;Swadeshi, Khadi, turmeric, 50 cm x 35&amp;nbsp;cm,&amp;nbsp;2020&lt;/p&gt;','','a','n','2020-12-17 17:37:20','2020-12-17 17:54:37'),(9,2,'platform_1608207291.jpeg','Meghana Gavireddygari, cement, turmeric, paper',8,40000.00,'&lt;p&gt;Simla Agreement, Cement, paper, turmeric 17.5 cm x 14 cm, 2020&lt;/p&gt;','','a','n','2020-12-17 17:44:51','2020-12-17 17:51:09'),(10,2,'platform_1608207507.jpeg','Meghana Gavireddygari, tea &amp;amp;  paper',9,50000.00,'&lt;p&gt;Adda, Tea, paper, 22.5 cm&amp;nbsp;x 15&amp;nbsp;cm each,&amp;nbsp;2020&lt;/p&gt;','','a','n','2020-12-17 17:48:27','2020-12-17 17:52:57'),(11,1,'platform_1608209364.jpeg','Mansha Chhatwal,  Book page, beeswax, fibre, ink',1,45000.00,'&lt;p&gt;Brick or a Book: One Part Woman&amp;nbsp;(Perumal Murugan), Book page, beeswax, fibre, ink, 25 cm x 15.5 cm, 2020&amp;nbsp;&lt;/p&gt;','','a','n','2020-12-17 18:19:24','2020-12-17 18:20:49'),(12,1,'platform_1608209573.jpeg','Mansha Chhatwal,  Book page, beeswax, fibre, ink',2,45000.00,'','','a','y','2020-12-17 18:22:53','2020-12-17 18:29:55'),(13,1,'platform_1608209704.jpeg','Mansha Chhatwal,  Book page, beeswax, fibre, ink',3,45000.00,'&lt;p&gt;Brick or a Book: Liquidation&amp;nbsp;(Imre Kert&amp;eacute;sz), Book page, beeswax, fibre, 15 cm x 14 cms x 3.5 cms, 2020&lt;/p&gt;','','a','n','2020-12-17 18:25:04','2020-12-18 16:38:24'),(14,1,'platform_1608209780.jpeg','Mansha Chhatwal,  Book page, beeswax, fibre, ink',4,45000.00,'&lt;p&gt;Brick or a Book: Liquidation&amp;nbsp;(Imre Kert&amp;eacute;sz), Book page, beeswax, fibre, 21 cm x 13 cm x 3.5 cm, 2020&lt;/p&gt;','','a','n','2020-12-17 18:26:20','2020-12-17 18:27:44'),(15,1,'platform_1608210043.jpeg','Mansha Chhatwal,  Book page, beeswax, fibre, ink',4,45000.00,'&lt;p&gt;Brick or a Book: Jude the Obscure&amp;nbsp;(Thomas Hardy), Book page, beeswax, fibre, ink,&amp;nbsp;25 cm x 15.5 cm, 2020&lt;/p&gt;','','a','n','2020-12-17 18:30:43','2020-12-18 16:30:21'),(16,1,'platform_1608211104.jpeg','Mansha Chhatwal,  Book page, beeswax, fibre, ink',5,45000.00,'&lt;p&gt;Brick or a Book: Songs of a Coward&amp;nbsp;(Perumal Murugan), Book page, beeswax, fibre, 28 cms x 11.5 cm, 2020&lt;/p&gt;','','a','n','2020-12-17 18:48:24','2020-12-18 16:31:00'),(17,3,'platform_1608223203.jpeg','Namrata Arjun, oil on canvas, platform artist BP12',1,45000.00,'&lt;p&gt;Namrata Arjun, Possessed I, Oil on Panel,&amp;nbsp;30 cm&amp;nbsp;x 30&amp;nbsp;cm,&amp;nbsp;2020&lt;/p&gt;','','a','n','2020-12-17 22:10:03','2020-12-17 22:15:56'),(18,3,'platform_1608223321.jpeg','Namrata Arjun, oil on canvas, platform artist BP12',2,45000.00,'&lt;p&gt;Namrata Arjun, Possessed I, Oil on Panel,&amp;nbsp;30 cm&amp;nbsp;x 30&amp;nbsp;cm,&amp;nbsp;2020&lt;/p&gt;','','a','n','2020-12-17 22:12:01','2020-12-17 22:16:10'),(19,3,'platform_1608223608.jpeg','Namrata Arjun, oil on canvas, platform artist BP12',3,45000.00,'&lt;p&gt;Namrata Arjun,&amp;nbsp;Possessed III, Oil on Panel 30&amp;nbsp;cm x 30&amp;nbsp;cm,&amp;nbsp;2020&lt;/p&gt;','','a','n','2020-12-17 22:16:48','2020-12-18 13:24:40'),(20,3,'platform_1608223748.jpeg','Namrata Arjun, oil on canvas, platform artist BP12',4,45000.00,'&lt;p&gt;Namrata Arjun,&amp;nbsp;Possessed IV, Oil on Panel 30&amp;nbsp;cm x 30&amp;nbsp;cm,&amp;nbsp;2020&lt;/p&gt;','','a','n','2020-12-17 22:19:08','2020-12-18 13:26:44'),(21,3,'platform_1608223856.jpeg','Namrata Arjun, oil on canvas, platform artist BP12',5,45000.00,'&lt;p&gt;Namrata Arjun,&amp;nbsp;Playing God I, Oil on Panel 30&amp;nbsp;cm x 30&amp;nbsp;cm,&amp;nbsp;2020&lt;/p&gt;','','a','n','2020-12-17 22:20:56','2020-12-18 16:21:57'),(22,4,'platform_1608224543.jpeg','Sarasija Subramanian, Heat Transfers on Zinc Plate',1,30000.00,'&lt;p&gt;Sarasija Subramanian,&amp;nbsp;Anatomy &amp;ndash; Dictionary of Gardening Series, Heat Transfers on Zinc Plates, 32.5 cm x 25 cm, edition 2/4&lt;/p&gt;','','a','n','2020-12-17 22:32:23','2020-12-17 22:34:10'),(23,4,'platform_1608224722.jpeg','Sarasija Subramanian, Heat Transfers on Zinc Plate',2,30000.00,'&lt;p&gt;Sarasija Subramanian,&amp;nbsp;Cactus &amp;ndash; Dictionary of Gardening Series, Heat Transfers on Zinc Plates, 32.5 cm x 25 cm, edition 2/4&lt;/p&gt;','','a','n','2020-12-17 22:35:22','2020-12-17 22:35:37'),(24,4,'platform_1608224776.jpeg','Sarasija Subramanian, Heat Transfers on Zinc Plate',3,30000.00,'&lt;p&gt;Sarasija Subramanian,&amp;nbsp;Croton &amp;ndash; Dictionary of Gardening Series, Heat Transfers on Zinc Plates, 32.5 cm x 25 cm, edition 2/4&lt;/p&gt;','','a','n','2020-12-17 22:36:16','2020-12-17 22:58:12'),(25,4,'platform_1608224850.jpeg','Sarasija Subramanian, Heat Transfers on Zinc Plate',4,30000.00,'&lt;p&gt;Sarasija Subramanian,&amp;nbsp;Gourd &amp;ndash; Dictionary of Gardening Series, Heat Transfers on Zinc Plates, 32.5 cm x 25 cm, edition 2/4&lt;/p&gt;','','a','n','2020-12-17 22:37:30','2020-12-17 22:37:36'),(26,4,'platform_1608224893.jpeg','Sarasija Subramanian, Heat Transfers on Zinc Plate',5,30000.00,'&lt;p&gt;Sarasija Subramanian,&amp;nbsp;Gourd II &amp;ndash; Dictionary of Gardening Series, Heat Transfers on Zinc Plates, 32.5 cm x 25 cm, edition 2/4&lt;/p&gt;','','a','n','2020-12-17 22:38:13','2020-12-17 22:38:34'),(27,4,'platform_1608224974.jpeg','Sarasija Subramanian, Heat Transfers on Zinc Plate',6,30000.00,'&lt;p&gt;Sarasija Subramanian, Training &amp;ndash; Dictionary of Gardening Series, Heat Transfers on Zinc Plates, 32.5 cm x 25 cm, edition 2/4&lt;/p&gt;','','a','n','2020-12-17 22:39:34','2020-12-17 22:39:49'),(28,4,'platform_1608225112.jpeg','Sarasija Subramanian, Etching Prints on Canson Montval',7,30000.00,'&lt;p&gt;Sarasija Subramanian,&amp;nbsp;Budding Knives &amp;ndash; Dictionary of Gardening Series, Etching prints on Canson Montval, 35 cm x 42.5 cm, edition 2/4&lt;/p&gt;','','a','n','2020-12-17 22:41:52','2020-12-17 22:42:00'),(29,4,'platform_1608225161.jpeg','',8,30000.00,'&lt;p&gt;Sarasija Subramanian,&amp;nbsp;Budding Knives &amp;ndash; Dictionary of Gardening Series, Etching prints on Canson Montval, 35 cm x 42.5 cm, edition 2/4&lt;/p&gt;','','a','n','2020-12-17 22:42:41','2020-12-17 22:42:51'),(30,4,'platform_1608225215.jpeg','Sarasija Subramanian, Etching Prints on Canson Montval',9,30000.00,'&lt;p&gt;Sarasija Subramanian,&amp;nbsp;Dibbling &amp;ndash; Dictionary of Gardening Series, Etching prints on Canson Montval, 35 cm x 42.5 cm, edition 2/4&lt;/p&gt;','','a','n','2020-12-17 22:43:35','2020-12-17 22:43:42'),(31,4,'platform_1608225274.jpeg','Sarasija Subramanian, Etching Prints on Canson Montval',10,30000.00,'&lt;p&gt;Sarasija Subramanian,&amp;nbsp;Mimosa &amp;ndash; Dictionary of Gardening Series, Etching prints on Canson Montval, 35 cm x 42.5 cm, edition 2/4&lt;/p&gt;','','a','n','2020-12-17 22:44:34','2020-12-17 22:44:54'),(32,4,'platform_1608225342.jpeg','Sarasija Subramanian, Etching Prints on Canson Montval',11,30000.00,'&lt;p&gt;Sarasija Subramanian,&amp;nbsp;Oak Gall &amp;ndash; Dictionary of Gardening Series, Etching prints on Canson Montval, 35 cm x 42.5 cm, edition 2/4&lt;/p&gt;','','a','n','2020-12-17 22:45:42','2020-12-17 22:46:11'),(33,4,'platform_1608225406.jpeg','Sarasija Subramanian, Etching Prints on Canson Montval',12,30000.00,'&lt;p&gt;Sarasija Subramanian,&amp;nbsp;Rose Gall &amp;ndash; Dictionary of Gardening Series, Etching prints on Canson Montval, 35 cm x 42.5 cm, edition 2/4&lt;/p&gt;','','a','n','2020-12-17 22:46:46','2020-12-17 22:46:52'),(34,4,'platform_1608225567.jpeg','Sarasija Subramanian, Etching Prints on tracing  paper',13,30000.00,'&lt;p&gt;Sarasija Subramanian,&amp;nbsp;Bedding 1,&amp;nbsp;&amp;nbsp;Iteration 2 &amp;ndash; Dictionary of Gardening Series, Etching prints on Tracing Paper, 35 cm x 42.5 cm,&amp;nbsp;Edition 2/4&lt;/p&gt;','','a','n','2020-12-17 22:49:27','2020-12-17 22:50:23'),(35,4,'platform_1608225602.jpeg','Sarasija Subramanian, Etching Prints on tracing  paper',14,30000.00,'&lt;p&gt;Sarasija Subramanian,&amp;nbsp;Bedding 2,&amp;nbsp;&amp;nbsp;Iteration 2 &amp;ndash; Dictionary of Gardening Series, Etching prints on Tracing Paper, 35 cm x 42.5 cm,&amp;nbsp;Edition 2/4&lt;/p&gt;','','a','n','2020-12-17 22:50:02','2020-12-17 22:50:35'),(36,4,'platform_1608225737.jpeg','Sarasija Subramanian, Etching Prints on tracing  paper',15,30000.00,'&lt;p&gt;Sarasija Subramanian,&amp;nbsp;Beetle,&amp;nbsp;Iteration 2 &amp;ndash; Dictionary of Gardening Series, Etching prints on Tracing Paper, 35 cm x 42.5 cm,&amp;nbsp;Edition 2/4&lt;/p&gt;','','a','n','2020-12-17 22:52:17','2020-12-17 22:52:24'),(37,4,'platform_1608225796.jpeg','Sarasija Subramanian, Etching Prints on tracing  paper',16,30000.00,'&lt;p&gt;Sarasija Subramanian,&amp;nbsp;Cover,&amp;nbsp;Iteration 2 &amp;ndash; Dictionary of Gardening Series, Etching prints on Tracing Paper, 35 cm x 42.5 cm,&amp;nbsp;Edition 2/4&lt;/p&gt;','','a','n','2020-12-17 22:53:16','2020-12-17 22:53:24'),(38,4,'platform_1608225861.jpeg','Sarasija Subramanian, Etching Prints on tracing  paper',17,30000.00,'&lt;p&gt;Sarasija Subramanian, Inner Cover,&amp;nbsp;Iteration 2 &amp;ndash; Dictionary of Gardening Series, Etching prints on Tracing Paper, 35 cm x 42.5 cm,&amp;nbsp;Edition 2/4&lt;/p&gt;','','a','n','2020-12-17 22:54:21','2020-12-17 22:54:29'),(39,4,'platform_1608225948.jpeg','Sarasija Subramanian, Etching Prints on tracing  paper',18,30000.00,'&lt;p&gt;Sarasija Subramanian, Training 2,&amp;nbsp;Iteration 2 &amp;ndash; Dictionary of Gardening Series, Etching prints on Tracing Paper, 35 cm x 42.5 cm,&amp;nbsp;Edition 2/4&lt;/p&gt;','','a','n','2020-12-17 22:55:48','2020-12-17 22:55:54'),(40,4,'platform_1608225989.jpeg','Sarasija Subramanian, Etching Prints on tracing  paper',19,30000.00,'&lt;p&gt;Sarasija Subramanian, Training 2,&amp;nbsp;Iteration 2 &amp;ndash; Dictionary of Gardening Series, Etching prints on Tracing Paper, 35 cm x 42.5 cm,&amp;nbsp;Edition 2/4&lt;/p&gt;','','a','n','2020-12-17 22:56:29','2020-12-17 22:56:38'),(41,3,'platform_1608278389.jpeg','Namrata Arjun, oil on canvas, platform artist BP12',6,65000.00,'&lt;p&gt;Namrata Arjun,&amp;nbsp;Playing God II, Oil on Panel, 50 cm x 40&amp;nbsp;cm,&amp;nbsp;2020&lt;/p&gt;','','a','n','2020-12-18 13:29:49','2020-12-18 16:21:45'),(42,3,'platform_1608278605.jpeg','Namrata Arjun, oil on canvas, platform artist BP12',7,65000.00,'&lt;p&gt;Namrata Arjun,&amp;nbsp;Playing God III, Oil on Panel, 50 cm x 40&amp;nbsp;&amp;nbsp;cm, 2020&lt;/p&gt;\r\n\r\n&lt;p&gt;&amp;nbsp;&lt;/p&gt;','','a','n','2020-12-18 13:33:25','2020-12-18 13:42:03'),(43,5,'platform_1608280525.jpeg','',1,10000.00,'&lt;p&gt;Caption added after editing&lt;/p&gt;','&lt;p&gt;Right side info&lt;/p&gt;','a','n','2020-12-18 14:05:25','2020-12-18 14:13:11'),(44,5,'platform_1608280932.jpeg','',2,10000.00,'&lt;p&gt;2&lt;sup&gt;nd&lt;/sup&gt;&amp;nbsp;image for platform&lt;/p&gt;','','a','n','2020-12-18 14:12:12','2020-12-18 14:12:12'),(45,3,'platform_1608288780.jpeg','Namrata Arjun, oil on canvas, platform artist BP12',8,650000.00,'&lt;p&gt;Namrata Arjun,&amp;nbsp;Playing God IV, Oil on Panel, 50 cm x 40&amp;nbsp;cm,&amp;nbsp;2020&lt;/p&gt;','','a','y','2020-12-18 16:23:00','2020-12-18 16:24:30'),(46,3,'platform_1608288828.jpeg','Namrata Arjun, oil on canvas, platform artist BP12',9,65000.00,'&lt;p&gt;Namrata Arjun,&amp;nbsp;Playing God V, Oil on Panel, 40 cm x 50&amp;nbsp;cm,&amp;nbsp;2020&lt;/p&gt;','','a','n','2020-12-18 16:23:48','2020-12-18 16:25:28'),(47,3,'platform_1608288893.jpeg','Namrata Arjun, oil on canvas, platform artist BP12',8,65000.00,'&lt;p&gt;Namrata Arjun,&amp;nbsp;Playing God IV, Oil on Panel, 50 cm x 40&amp;nbsp;cm,&amp;nbsp;2020&lt;/p&gt;','','a','n','2020-12-18 16:24:53','2020-12-18 16:24:53'),(48,3,'platform_1608288963.jpeg','Namrata Arjun, oil on canvas, platform artist BP12',10,65000.00,'&lt;p&gt;Namrata Arjun,&amp;nbsp;Playing God VI, Oil on Panel, 40 cm x 50&amp;nbsp;cm,&amp;nbsp;2020&lt;/p&gt;','','a','n','2020-12-18 16:26:03','2020-12-18 16:26:03'),(49,1,'platform_1608289395.jpeg','Mansha Chhatwal,  Book page, beeswax, fibre, ink',6,45000.00,'&lt;p&gt;Brick or a Book: Liquidation ***&amp;nbsp;(Imre Kert&amp;eacute;sz), Book page, beeswax, fibre, 22.5 cms x 23 cm x 3.5 cms, 2020&lt;br /&gt;\r\n&amp;nbsp;&lt;/p&gt;','','a','y','2020-12-18 16:33:15','2020-12-18 16:44:37'),(50,1,'platform_1608289579.jpeg','Mansha Chhatwal,  Book page, beeswax, fibre, ink',7,45000.00,'&lt;p&gt;Brick or a Book: Liquidation (Imre Kert&amp;eacute;sz), Book page, beeswax, fibre, 22.5 cm x 23 cm x 3.5 cm, 2020&lt;/p&gt;','','a','y','2020-12-18 16:36:19','2020-12-18 16:45:49'),(51,1,'platform_1608289782.jpeg','Mansha Chhatwal,  Book page, beeswax, fibre, ink',8,45000.00,'&lt;p&gt;Brick or a Book: Liquidation ***&amp;nbsp;(Imre Kert&amp;eacute;sz), Book page, beeswax, fibre, 21 cm x 13 cm&amp;nbsp;x 3.5 cm, 2020&lt;/p&gt;','','a','n','2020-12-18 16:39:42','2020-12-18 16:39:42'),(52,1,'platform_1608289931.jpeg','Mansha Chhatwal,  Book page, beeswax, fibre, ink',9,75000.00,'&lt;p&gt;Brick or a Book: Border Town&amp;nbsp;(Shen Congwen), Book page, beeswax, fibre, 23 cms x 30 cm, 2020&lt;/p&gt;','','a','n','2020-12-18 16:42:11','2020-12-18 16:42:11'),(53,1,'platform_1608290049.jpeg','Mansha Chhatwal,  Book page, beeswax, fibre, ink',10,45000.00,'&lt;p&gt;Brick or a Book: Taiwan Lun,&amp;nbsp;(Kobayashi Yoshinori), Book page, beeswax, fibre, ink, pigment, 26.5 cm x 17.5 cm, 2020&lt;/p&gt;','','a','n','2020-12-18 16:44:09','2020-12-18 16:44:09'),(54,1,'platform_1608290101.jpeg','Mansha Chhatwal,  Book page, beeswax, fibre, ink',6,75000.00,'&lt;p&gt;Brick or a Book: Liquidation ***&amp;nbsp;(Imre Kert&amp;eacute;sz), Book page, beeswax, fibre, 22.5 cms x 23 cm x 3.5 cms, 2020&lt;/p&gt;','','a','n','2020-12-18 16:45:01','2020-12-18 16:45:01'),(55,1,'platform_1608290173.jpeg','Mansha Chhatwal,  Book page, beeswax, fibre, ink',7,75000.00,'&lt;p&gt;Brick or a Book: Liquidation (Imre Kert&amp;eacute;sz), Book page, beeswax, fibre, 22.5 cm x 23 cm x 3.5 cm, 2020&lt;/p&gt;','','a','n','2020-12-18 16:46:13','2020-12-18 16:46:13'),(56,1,'platform_1608290475.jpeg','Mansha Chhatwal,  Book page, beeswax, fibre, ink',11,45000.00,'&lt;p&gt;Brick or a Book:&amp;nbsp;This Earth of Mankind (Pramoedya Ananta Toer),&amp;nbsp;Book page, Fibre, Beeswax, Blue Ink,: 24 cm&amp;nbsp;x 15.5 cm, 2019&lt;/p&gt;','','a','n','2020-12-18 16:51:15','2020-12-18 16:51:15'),(57,1,'platform_1608290592.jpeg','Mansha Chhatwal,  Book page, beeswax, fibre, ink',12,45000.00,'&lt;p&gt;Brick or a Book:&amp;nbsp;Oppressed By Nights Of War (S. Sivaramani),&amp;nbsp;Book page, Fibre, Beeswax, Blue Ink Size: 26 cm&amp;nbsp;&amp;nbsp;x 17 cm, 2019&lt;/p&gt;','','a','n','2020-12-18 16:53:12','2020-12-18 16:53:12'),(58,1,'platform_1608293226.jpeg','mansha Chhatwal,  Book page, beeswax, fibre, ink',13,45000.00,'&lt;p&gt;Brick or a Book:&amp;nbsp;Sexualpathologie (Magnus Hirschfeld),&amp;nbsp;Book page, Fibre, Beeswax, Blue Ink,&amp;nbsp;29 cm&amp;nbsp;x 17 cm, 2019&lt;/p&gt;','','a','n','2020-12-18 17:37:06','2020-12-18 17:37:06'),(59,1,'platform_1608293325.jpeg','Mansha Chhatwal,  Book page, beeswax, fibre, ink',14,45000.00,'&lt;p&gt;Brick or a Book:&amp;nbsp;Buddha Murdered (M. A. Nuhman),&amp;nbsp;Book page, Fibre, Beeswax, Blue Ink,&amp;nbsp;26&amp;nbsp;cm&amp;nbsp;x 17 cm, 2019&lt;/p&gt;','','a','n','2020-12-18 17:38:45','2020-12-18 17:38:45'),(60,1,'platform_1608295960.jpeg','Mansha Chhatwal,  Book ash, acrylic, ink, archival pages',15,95000.00,'&lt;p&gt;Library:&amp;nbsp;Institute for Sexual Science (Berlin, 1933), Book ash, acrylic medium, ink, archival paper,&amp;nbsp;75 cm&amp;nbsp;x 55 cm, 2019&lt;/p&gt;','','a','n','2020-12-18 18:22:40','2020-12-18 18:22:40'),(61,1,'platform_1608296011.jpeg','Mansha Chhatwal,  Book ash, acrylic, ink, archival pages',16,95000.00,'&lt;p&gt;Library:&amp;nbsp;Jaffna Public Library (Jaffna, Sri Lanka, 1981 &amp;amp; 1985), Book ash, acrylic medium, ink, archival paper,&amp;nbsp;75 cm&amp;nbsp;x 55 cm, 2019&lt;/p&gt;','','a','n','2020-12-18 18:23:31','2020-12-18 18:23:31'),(62,1,'platform_1608296112.jpeg','Mansha Chhatwal,  Book ash, acrylic, ink, archival pages',17,95000.00,'&lt;p&gt;Library:&amp;nbsp;Hakim Nasir Khusraw Balkhi Cultural Center (Pol-e Khumri, Afghanistan, 1998), Book ash, acrylic medium, ink, archival paper,&amp;nbsp;75 cm&amp;nbsp;x 55 cm, 2019&lt;/p&gt;','','a','n','2020-12-18 18:25:12','2020-12-18 18:25:12'),(63,1,'platform_1608296582.jpeg','Mansha Chhatwal,  Book ash, acrylic, ink, archival pages',18,200000.00,'&lt;p&gt;Drawing the Line of Intolerance, Book ash, acrylic medium, archival paper, 55 cm&amp;nbsp;x 37.5 cm each (set of 7), 2019&lt;/p&gt;','','a','n','2020-12-18 18:33:02','2020-12-18 18:33:02'),(64,1,'platform_1608296727.jpeg','Mansha Chhatwal,  Book pages, glue, archival paper',19,200000.00,'&lt;p&gt;Songs of a Coward, Book pages, glue, archival paper, 55 cm&amp;nbsp;x 75 cm, 2019&lt;/p&gt;','','a','n','2020-12-18 18:35:27','2020-12-18 18:35:27'),(65,1,'platform_1608297096.jpeg','',20,175000.00,'&lt;p&gt;Aftermath, Book ash, plaster of paris, pigment,&amp;nbsp;variable&lt;/p&gt;','','a','n','2020-12-18 18:41:36','2020-12-18 18:41:36'),(66,6,'platform_1608297705.jpeg','Nihaal Faizal, Impress carbon imprint on paper',1,35000.00,'&lt;p&gt;Camlin, Impress carbon imprint on paper, 29 cm &amp;times; 20.5&amp;nbsp;cm,&amp;nbsp;1/3 + 2 AP, 2020&lt;/p&gt;','','a','n','2020-12-18 18:51:45','2020-12-18 18:54:43'),(67,6,'platform_1608297874.jpeg','Nihaal Faizal, Impress carbon imprint on paper',2,35000.00,'&lt;p&gt;Kores 5010 Green,&amp;nbsp;Impress carbon imprint on paper, 29 cm x 20.5 cm, 1/3 + 2 AP, 2020&lt;/p&gt;','','a','n','2020-12-18 18:54:34','2020-12-18 18:54:34'),(68,6,'platform_1608297957.jpeg','Nihaal Faizal, Impress carbon imprint on paper',3,35000.00,'&lt;p&gt;Kores 5010 Red, Impress carbon imprint on paper, 29 cm x 20.5 cm, 1/3 + 2 AP, 2020&lt;/p&gt;','','a','n','2020-12-18 18:55:57','2020-12-18 18:55:57'),(69,6,'platform_1608297989.jpeg','Nihaal Faizal, Impress carbon imprint on paper',4,35000.00,'&lt;p&gt;Kores 5010 White, Impress carbon imprint on paper, 29 cm x 20.5 cm, 1/3 + 2 AP, 2020&lt;/p&gt;','','a','n','2020-12-18 18:56:29','2020-12-18 18:56:29'),(70,6,'platform_1608298017.jpeg','Nihaal Faizal, Impress carbon imprint on paper',5,35000.00,'&lt;p&gt;Kores 5010 Yellow, Impress carbon imprint on paper, 29 cm x 20.5 cm, 1/3 + 2 AP, 2020&lt;/p&gt;','','a','n','2020-12-18 18:56:57','2020-12-18 18:56:57'),(71,6,'platform_1608298121.jpeg','Nihaal Faizal, Impress carbon imprint on paper',6,35000.00,'&lt;p&gt;Kores Carboplane Super 503, Impress carbon imprint on paper, 29 cm x 20.5 cm, 1/3 + 2 AP, 2020&lt;/p&gt;','','a','n','2020-12-18 18:58:41','2020-12-18 18:58:41'),(72,6,'platform_1608298204.jpeg','Nihaal Faizal, Impress carbon imprint on paper',7,35000.00,'&lt;p&gt;Kores Multicopy Gold, Impress carbon imprint on paper, 29 cm x 20.5 cm, 1/3 + 2 AP, 2020&lt;/p&gt;','','a','n','2020-12-18 19:00:05','2020-12-18 19:00:05'),(73,6,'platform_1608298263.jpeg','Nihaal Faizal, Impress carbon imprint on paper',8,35000.00,'&lt;p&gt;Kores Sapphire, Impress carbon imprint on paper, 29 cm x 20.5 cm, 1/3 + 2 AP, 2020&lt;/p&gt;','','a','n','2020-12-18 19:01:03','2020-12-18 19:01:03'),(74,6,'platform_1608298330.jpeg','Nihaal Faizal, Impress carbon imprint on paper',9,35000.00,'&lt;p&gt;Munix Blu, Impress carbon imprint on paper, 29 cm x 20.5 cm, 1/3 + 2 AP, 2020&lt;/p&gt;','','a','n','2020-12-18 19:02:10','2020-12-18 19:02:10'),(75,6,'platform_1608298395.jpeg','Nihaal Faizal, Impress carbon imprint on paper',10,35000.00,'&lt;p&gt;Pelikan Interplastic 1022, Impress carbon imprint on paper, 29 cm x 20.5 cm, 1/3 + 2 AP, 2020&lt;/p&gt;','','a','n','2020-12-18 19:03:15','2020-12-18 19:03:15');
/*!40000 ALTER TABLE `platform_images` ENABLE KEYS */;
UNLOCK TABLES;

--
-- Table structure for table `platform_master`
--

DROP TABLE IF EXISTS `platform_master`;
/*!40101 SET @saved_cs_client     = @@character_set_client */;
/*!40101 SET character_set_client = utf8 */;
CREATE TABLE `platform_master` (
  `id` int(10) unsigned NOT NULL AUTO_INCREMENT,
  `pf_art_name` varchar(100) COLLATE utf8mb4_unicode_ci NOT NULL,
  `pf_ft_img` varchar(100) COLLATE utf8mb4_unicode_ci NOT NULL,
  `pf_ft_img_alt` varchar(100) COLLATE utf8mb4_unicode_ci DEFAULT NULL,
  `pf_img_ord` int(10) unsigned NOT NULL,
  `pf_descr` text COLLATE utf8mb4_unicode_ci,
  `status` enum('a','i') COLLATE utf8mb4_unicode_ci NOT NULL DEFAULT 'a',
  `is_deleted` enum('y','n') COLLATE utf8mb4_unicode_ci NOT NULL DEFAULT 'n',
  `created_at` timestamp NOT NULL DEFAULT CURRENT_TIMESTAMP,
  `updated_at` timestamp NOT NULL DEFAULT CURRENT_TIMESTAMP ON UPDATE CURRENT_TIMESTAMP,
  PRIMARY KEY (`id`) USING BTREE
) ENGINE=InnoDB AUTO_INCREMENT=7 DEFAULT CHARSET=utf8mb4 COLLATE=utf8mb4_unicode_ci ROW_FORMAT=DYNAMIC;
/*!40101 SET character_set_client = @saved_cs_client */;

--
-- Dumping data for table `platform_master`
--

LOCK TABLES `platform_master` WRITE;
/*!40000 ALTER TABLE `platform_master` DISABLE KEYS */;
INSERT INTO `platform_master` VALUES (1,'Mansha Chhatwal','platform_1607166425.jpeg','Altered Book Art by Mansha Chhatwal titled Liquidation',1,'','a','n','2020-12-05 16:37:05','2020-12-17 16:12:30'),(2,'Meghana Gavireddygari','platform_1607166793.jpeg','Meghana Gavireddygari artwork LOC made with cement and paper',2,'','a','n','2020-12-05 16:43:13','2020-12-05 16:43:13'),(3,'Namrata Arjun','platform_1608222160.jpeg','Namrata Arjun, Platform Artist, Blueprint12',3,'','a','n','2020-12-17 21:52:40','2020-12-17 21:52:40'),(4,'Sarasija Subramanian','platform_1608224413.jpeg','Sarasija Subramanian, platform artist, Blueprint12',4,'','a','n','2020-12-17 22:30:13','2020-12-17 22:30:13'),(5,'Test Artist for Platform','platform_1608280479.jpeg','',2,'&lt;p&gt;Some Description&lt;/p&gt;','a','y','2020-12-18 14:04:39','2020-12-18 16:26:46'),(6,'Nihaal Faizal','platform_1608297642.jpeg','Nihaal Faizal, platform artist, BP12',5,'','a','n','2020-12-18 18:50:42','2020-12-18 18:50:42');
/*!40000 ALTER TABLE `platform_master` ENABLE KEYS */;
UNLOCK TABLES;

--
-- Table structure for table `seo_master`
--

DROP TABLE IF EXISTS `seo_master`;
/*!40101 SET @saved_cs_client     = @@character_set_client */;
/*!40101 SET character_set_client = utf8 */;
CREATE TABLE `seo_master` (
  `id` tinyint(3) unsigned NOT NULL AUTO_INCREMENT,
  `page_route` varchar(200) COLLATE utf8mb4_unicode_ci NOT NULL,
  `keywords` varchar(700) COLLATE utf8mb4_unicode_ci DEFAULT NULL,
  `title` varchar(100) COLLATE utf8mb4_unicode_ci NOT NULL DEFAULT 'Blueprint.12',
  `description` varchar(200) COLLATE utf8mb4_unicode_ci DEFAULT NULL,
  `status` enum('a','i') COLLATE utf8mb4_unicode_ci NOT NULL DEFAULT 'a',
  `is_deleted` enum('y','n') COLLATE utf8mb4_unicode_ci NOT NULL DEFAULT 'n',
  `created_at` timestamp NOT NULL DEFAULT CURRENT_TIMESTAMP,
  `updated_at` timestamp NOT NULL DEFAULT CURRENT_TIMESTAMP ON UPDATE CURRENT_TIMESTAMP,
  PRIMARY KEY (`id`) USING BTREE
) ENGINE=InnoDB AUTO_INCREMENT=2 DEFAULT CHARSET=utf8mb4 COLLATE=utf8mb4_unicode_ci ROW_FORMAT=DYNAMIC;
/*!40101 SET character_set_client = @saved_cs_client */;

--
-- Dumping data for table `seo_master`
--

LOCK TABLES `seo_master` WRITE;
/*!40000 ALTER TABLE `seo_master` DISABLE KEYS */;
INSERT INTO `seo_master` VALUES (1,'artists/mahbubur-rahman','artist, mahbubur rahman, rahman, mahbubur, empty heart, brass','Blueprint.12 - Mahbubur Rahman',NULL,'a','n','2020-12-02 17:05:08','2020-12-02 17:05:08');
/*!40000 ALTER TABLE `seo_master` ENABLE KEYS */;
UNLOCK TABLES;

--
-- Table structure for table `user_master`
--

DROP TABLE IF EXISTS `user_master`;
/*!40101 SET @saved_cs_client     = @@character_set_client */;
/*!40101 SET character_set_client = utf8 */;
CREATE TABLE `user_master` (
  `id` int(10) unsigned NOT NULL AUTO_INCREMENT,
  `email` varchar(50) COLLATE utf8mb4_unicode_ci NOT NULL,
  `password` varchar(100) COLLATE utf8mb4_unicode_ci NOT NULL,
  `remember_token` varchar(100) COLLATE utf8mb4_unicode_ci DEFAULT NULL,
  `fname` varchar(50) COLLATE utf8mb4_unicode_ci DEFAULT NULL,
  `lname` varchar(50) COLLATE utf8mb4_unicode_ci DEFAULT NULL,
  `mobile` bigint(10) DEFAULT NULL,
  `profile_photo` varchar(100) COLLATE utf8mb4_unicode_ci DEFAULT NULL,
  `status` enum('a','i') COLLATE utf8mb4_unicode_ci NOT NULL DEFAULT 'i',
  `created_at` timestamp NOT NULL DEFAULT CURRENT_TIMESTAMP,
  `updated_at` timestamp NOT NULL DEFAULT CURRENT_TIMESTAMP ON UPDATE CURRENT_TIMESTAMP,
  PRIMARY KEY (`id`) USING BTREE
) ENGINE=InnoDB AUTO_INCREMENT=2 DEFAULT CHARSET=utf8mb4 COLLATE=utf8mb4_unicode_ci ROW_FORMAT=DYNAMIC;
/*!40101 SET character_set_client = @saved_cs_client */;

--
-- Dumping data for table `user_master`
--

LOCK TABLES `user_master` WRITE;
/*!40000 ALTER TABLE `user_master` DISABLE KEYS */;
INSERT INTO `user_master` VALUES (1,'pranav.g33k@gmail.com','$2y$10$Lhs6nkAexIVnvuIYBr1fLuEo1WU7dKLOI6W.zxw8b3jo8U1oFPwzq','Gkq9kep6eMKVHwXnw52epDizY44aPu8FH7iXasBkoa6oyfGbnzdyG74J8v0r','Pranav Bapat',NULL,NULL,'1601296533.jpeg','a','2020-08-01 19:43:50','2020-12-09 07:35:01');
/*!40000 ALTER TABLE `user_master` ENABLE KEYS */;
UNLOCK TABLES;

--
-- Table structure for table `year_master`
--

DROP TABLE IF EXISTS `year_master`;
/*!40101 SET @saved_cs_client     = @@character_set_client */;
/*!40101 SET character_set_client = utf8 */;
CREATE TABLE `year_master` (
  `id` tinyint(3) unsigned NOT NULL AUTO_INCREMENT,
  `year` smallint(5) unsigned NOT NULL,
  `status` enum('a','i') COLLATE utf8mb4_unicode_ci NOT NULL DEFAULT 'a',
  `is_deleted` enum('y','n') COLLATE utf8mb4_unicode_ci NOT NULL DEFAULT 'n',
  `created_at` timestamp NOT NULL DEFAULT CURRENT_TIMESTAMP,
  `updated_at` timestamp NOT NULL DEFAULT CURRENT_TIMESTAMP ON UPDATE CURRENT_TIMESTAMP,
  PRIMARY KEY (`id`) USING BTREE
) ENGINE=InnoDB AUTO_INCREMENT=22 DEFAULT CHARSET=utf8mb4 COLLATE=utf8mb4_unicode_ci ROW_FORMAT=DYNAMIC;
/*!40101 SET character_set_client = @saved_cs_client */;

--
-- Dumping data for table `year_master`
--

LOCK TABLES `year_master` WRITE;
/*!40000 ALTER TABLE `year_master` DISABLE KEYS */;
INSERT INTO `year_master` VALUES (1,2020,'a','n','2020-11-07 18:23:59','2020-11-07 18:23:59'),(2,2019,'a','n','2020-11-07 18:24:00','2020-11-07 18:24:00'),(3,2018,'a','n','2020-11-07 18:24:01','2020-11-07 18:24:01'),(4,2017,'a','n','2020-11-07 18:24:03','2020-11-07 18:24:03'),(5,2016,'a','n','2020-11-07 18:24:04','2020-11-07 18:24:04'),(6,2015,'a','n','2020-11-07 18:24:04','2020-11-07 18:24:04'),(7,2014,'a','n','2020-11-07 18:24:06','2020-11-07 18:24:06'),(8,2013,'a','n','2020-11-07 18:24:07','2020-11-07 18:24:07'),(9,2012,'a','n','2020-11-07 18:24:08','2020-11-07 18:24:37'),(10,2011,'a','n','2020-11-07 18:24:11','2020-11-07 18:24:38'),(11,2010,'a','n','2020-11-07 18:24:13','2020-11-07 18:24:39'),(12,2009,'a','n','2020-11-07 18:24:14','2020-11-07 18:24:40'),(13,2008,'a','n','2020-11-07 18:24:16','2020-11-07 18:24:42'),(14,2007,'a','n','2020-11-07 18:24:17','2020-11-07 18:24:43'),(15,2006,'a','n','2020-11-07 18:24:18','2020-11-07 18:24:44'),(16,2005,'a','n','2020-11-07 18:24:19','2020-11-07 18:24:45'),(17,2004,'a','n','2020-11-07 18:24:21','2020-11-07 18:24:46'),(18,2003,'a','n','2020-11-07 18:24:22','2020-11-07 18:24:47'),(19,2002,'a','n','2020-11-07 18:24:24','2020-11-07 18:24:49'),(20,2001,'a','n','2020-11-07 18:25:01','2020-11-07 18:25:01'),(21,2000,'a','n','2020-11-07 18:25:04','2020-11-07 18:25:04');
/*!40000 ALTER TABLE `year_master` ENABLE KEYS */;
UNLOCK TABLES;
/*!40103 SET TIME_ZONE=@OLD_TIME_ZONE */;

/*!40101 SET SQL_MODE=@OLD_SQL_MODE */;
/*!40014 SET FOREIGN_KEY_CHECKS=@OLD_FOREIGN_KEY_CHECKS */;
/*!40014 SET UNIQUE_CHECKS=@OLD_UNIQUE_CHECKS */;
/*!40101 SET CHARACTER_SET_CLIENT=@OLD_CHARACTER_SET_CLIENT */;
/*!40101 SET CHARACTER_SET_RESULTS=@OLD_CHARACTER_SET_RESULTS */;
/*!40101 SET COLLATION_CONNECTION=@OLD_COLLATION_CONNECTION */;
/*!40111 SET SQL_NOTES=@OLD_SQL_NOTES */;

-- Dump completed on 2020-12-18 20:24:15
